LFQ.intensity.1G_A_01	LFQ.intensity.1G_A_02	LFQ.intensity.1G_A_03	LFQ.intensity.1G_B_01	LFQ.intensity.1G_B_02	LFQ.intensity.1G_B_03	LFQ.intensity.1G_C_01	LFQ.intensity.1G_C_02	LFQ.intensity.1G_C_03	LFQ.intensity.DLN_A_01	LFQ.intensity.DLN_A_02	LFQ.intensity.DLN_A_03	LFQ.intensity.DLN_B_01	LFQ.intensity.DLN_B_02	LFQ.intensity.DLN_B_03	LFQ.intensity.DLN_C_01	LFQ.intensity.DLN_C_02	LFQ.intensity.DLN_C_03
Q00341;A0A024R4E5;H0Y394	25.5288315596939	25.5400821474755	25.590465526451	25.8169965093125	25.5588835706892	25.8258042878256	25.7137412091596	25.8972836029623	25.7334514959022	25.5538840043975	25.5545574699914	25.3851519934561	25.6845579465596	25.5412644421869	25.585689001795	25.3046947270831	25.4599523506544	25.7597177504485
A0A024RA52;P25787;A0A7I2YQP7;C9JCK5;A0A7I2V2H3	24.8397570065283	24.7687044832474	24.6136923589439	24.5694106296483	24.6135799601249	24.6754604802607	24.5581829214994	24.7011287542011	24.5332650858051	25.2475694554458	24.9643747144074	25.1615025128094	24.8850200706904	24.9896252524989	24.9840714120992	25.0638575022734	24.9956753843504	24.8138203262939
Q16881;A0A087WSY9;A0A087WSW9;F8W809;A0A182DWI3;E9PIR7;E2QRB9	25.5177027838218	25.6015024049931	25.4912439198414	25.7072512710632	25.5699031109674	25.6288419840042	25.6920822839693	25.7129807435329	25.6790096796316	25.842445109861	25.8955974693262	25.9437125953656	25.982701362214	25.985917832613	26.0856372947789	25.9103590964983	25.7599208861358	25.9542692735684
A0A087WT44;P30519;I3L159;I3L1F5;I3L276;I3L4P8;A0A1B0GXH0;I3L463	24.1105221793941	23.7303449162331	23.6830322904897	23.7351056072016	23.7921341493822	23.989798465975	23.8826900610737	24.1102035454044	24.0805839959689	23.5421505278167	23.5918354988963	23.5336215561873	23.8911532762365	23.6889119049594	23.884088518362	23.9206167240181	23.9626990590076	23.9888455343974
A0A087WTA8;P08123	24.2035170827962	24.5228889431519	24.154604907226	24.3770304365025	24.3772952726742	24.6202524961595	24.5516270679421	24.4590768529868	24.6492175774975	24.770721956714	24.9197533381386	24.8039048574288	24.9280025122769	25.0745537435706	25.0734100441578	24.9593418981813	25.1346522375475	25.0141008588206
A0A087WTP3;M0R0C6;Q92945	25.7818429351081	25.944204281002	25.9086423788098	26.1349067829914	26.1872958859938	26.188805534058	26.2303551676161	26.1936446172424	26.1221834295337	25.830018802132	25.8915936770301	25.9445617653336	26.0364922530251	26.0023872068575	25.9818090430551	26.1359245158911	26.015717896171	26.0979626655776
A6NNI4;A0A2R8Y478;A0A7I2V3T0;A0A7I2V3T7;G8JLH6;A0A087WU13;F5GXT1;P21926	23.907198755605	23.8676882227368	23.3371525612922	24.5396089581667	23.74570878663	24.4507959351173	24.6606862360906	24.0589542256766	24.3438758916069	23.9049043198008	24.0760228832504	23.8042988480207	23.9088484928241	23.8622113008317	24.0293478952471	24.0448523334443	24.0216598116581	24.3152728617982
A0A087WUK2;O14979	27.720123784253	27.9083904216849	27.7901091221035	27.7581170566151	27.8836108645615	27.8764855648787	27.7325331626388	27.7535975908571	27.7402110372422	27.662004740363	27.693784485052	27.6484908929436	27.6143525252165	27.6749219602691	27.6802981358249	27.4297396395655	27.4218177799513	27.6894585596492
A0A087WUT6;O60841	24.436697310937	24.5008773685535	24.2894724078767	24.3215483072093	24.3005463942575	24.0847253573856	24.4799435390686	24.206575616824	24.1059749878539	24.1464704794849	24.1681377212214	24.1784326524783	24.125734437854	24.2449595541576	24.0969981897484	24.2316922938932	24.3951910261761	24.1669126974968
A0A087WVQ6;Q00610	27.7871223036132	27.6413416771771	27.7089225269585	27.6672261283166	27.6681057998117	27.6674968536018	27.5591754074538	27.5353432557881	27.6718890341169	27.8238381511497	27.8923235191168	27.8737898141601	27.9267704008214	27.8482243452367	27.8528144579098	27.9074738428479	27.7834425139948	27.8503721898695
A0A7I2V659;A0A087WVQ9;P68104;A0A7I2V5N4;Q5VTE0;A0A7I2V3H3;A0A087WV01	30.3694246534023	30.3869985420265	30.2992017287223	30.2222786380416	30.2087397121483	30.2015134009876	30.3087790997127	30.2370603614349	30.1384608289203	30.3907952451327	30.369840625449	30.3501591165488	30.30290961733	30.243657370121	30.0915660102975	30.0953440197214	30.0824582165289	29.9482375940114
A0A087WW40;Q9Y371	23.5158095421279	23.9903179816597	24.0354857800762	24.0761044582718	23.9296737883608	23.8187038697861	23.7490895044099	23.7815678287903	23.8798890731872	23.5226495314287	23.7163866026212	23.8328699312789	23.8838089353294	24.0366599302732	23.7303449162331	23.9168868296634	23.6852800630154	23.8467069952486
A0A087WWU8	27.8767782779767	27.9797829539322	27.952215219676	28.3572041046919	28.1029955959317	28.2535868298339	28.2386327315795	28.2396800270929	28.2671822341402	27.6879914572347	27.7463112367787	27.6792245022566	27.7174460181806	27.8734964940329	27.5942725445269	27.8769538773327	27.8684420311484	28.0617272424609
O95299;A0A7I2V2X3;E7ESZ7;A0A7I2V4N8;A0A7I2V2N6;H7C2X4;A0A087WXC5;H7C1Y7;A0A7I2V5B2;A0A7I2V5U7;A0A7I2V594;A0A7I2V419;A0A7I2V458;A0A7I2V2W9;A0A7I2YQU0;A0A7I2V327;A0A7I2V438;A0A7I2V5L0;A0A7I2V3H5;C9J6X0;A0A7I2V2F6;A0A7I2V3D4;A0A7I2V2I6;Q8N1B9	23.9788451972157	23.5649997796798	24.1038160423988	23.4886109845879	23.6610125761578	23.2582497196114	23.9664885536733	23.3694620957983	23.6190772300449	24.3523877900178	24.1699733086493	24.0685801813659	23.7915381175452	23.9885855346897	24.1596945999488	24.0543241040859	23.6041070594108	24.3287554482674
A0A087WXM6;J3QQT2;J3KRX5;A0A0A6YYL6;P18621;J3QLC8;A0A0A0MRF8;J3KRB3;A0A087WWH0;J3QS96	27.8601165532067	27.7229268435248	27.6634984947745	27.5102809003723	27.7056308055321	27.3230269893738	27.8768953465888	28.0605939391498	27.8562029514357	27.5581537203975	27.46185784731	27.5037003207108	27.650752009806	27.7016708001887	27.667699864232	28.0451023889161	27.9109651820042	28.0652759299826
A0A087WY71;E9PFW3;Q96CW1;C9JJ47	23.6750835373742	23.8736138292402	23.22382025158	23.6949801437942	23.7901464182316	23.6408592050475	23.9322897365678	23.8789542007848	23.9573061307378	23.9314783980662	24.0761860286809	23.9611097987039	24.0109466804428	24.2094045775093	24.303684887523	24.2960709661803	24.4112518421911	24.0076145237636
A0A087WYD6;X5CMH5;Q03519;A0A0G2JLV0;E7ENX8	22.4028861135705	22.079200896148	21.923285406974	22.2434494563501	22.2257040499995	22.6189652499897	22.4752871500614	22.4764495667346	22.596733911495	22.3803373994892	22.1677856334264	21.8090772579957	22.0358381254834	22.2018582885495	22.2485541907163	22.0926177942247	22.2957767802012	22.3523743187841
Q15185;A0A087WYT3	25.9412740416078	25.9934095571495	26.0004113238594	26.2499577243877	26.3156011023684	25.9854618778808	26.5760017217304	26.4883198421524	26.7449649905587	25.9281154973454	26.2889622206743	26.3267856411939	26.0795467954325	26.2245895211127	26.1130289658643	26.0668366438852	25.975328637916	26.0131212444663
A0A087WZ13;E9PAU2;Q8IY67	23.8977221366506	23.8170453190915	23.5632549356362	23.6872039417074	23.2647060256318	23.6365511656613	23.5210923860634	23.2992191999461	23.1889111502859	23.5305292160863	23.6550179143201	23.4745694467266	23.4547541210548	23.7255684636276	23.2592559335002	24.0167382498701	23.5430950863517	23.8447930986547
A0A087WZN1;O43837;A0A087X2E5	24.8818969998035	24.2201486132429	24.8370638852326	24.7614688559508	24.2819950943298	24.5246832658088	24.9510481030278	24.9207984236457	25.2916167388106	23.7329341969469	23.9861566085466	24.2577463493739	24.4644465369108	24.2827728465822	24.3603809529031	24.456509834986	24.2632737858231	24.0739820071979
A0A087X054;A0A494C039;Q9Y4L1;E9PJ21;A0A087WWI4;K7EQK2	26.0859816544991	25.9336859730775	26.0294110886581	25.8255374387913	25.7978336682845	25.738691611045	25.8119112546235	25.7622802419841	25.9843322265337	26.5597151498881	26.5313177976418	26.4759303048175	26.606396401511	26.650752009806	26.6691201393325	26.5357881887264	26.4588109717511	26.4787098863867
A0A0G2JNH2;A0A7I2V5U5;G5E9E7;A0A087X0K9;G3V1L9;Q07157	23.6142542217235	24.1087688209361	23.5901228299751	23.3400087107858	23.5796888287057	23.5066388167757	23.2465550547927	23.5096619414746	23.4643842134323	23.4022355769491	23.4487182574644	23.4720918657624	23.5245637137026	23.426112186025	23.3450272573322	23.8000577998968	23.6570916148532	23.6951926016461
A0A087X1G7;O60613;A0A3B3IT39	23.3593088153408	23.2496105854291	23.6193011640835	23.1934152686051	23.3733176163334	23.3631915290375	23.6346692689283	23.3436726140017	23.9025142293431	23.3804695204693	23.6537066712934	23.2668517228806	23.5301719807147	23.3795444194175	23.5649997796798	23.6421821717068	23.7289966514765	23.4379674008516
A0A087X1Z3;Q9UL46;H0YM70	25.6737634611498	25.3010001542693	25.1987672497279	25.2992890827256	25.0011848177789	25.0012707359542	24.5685411346499	24.3978693985035	24.6966789312038	25.8071029208974	25.8495492273278	25.5672939439175	25.7399536199803	25.6473246906645	25.6933857118313	25.4789875502286	25.5214818299964	25.5307673238672
A0A087X2I1;P62333;H0YJC0	24.9997664286536	24.8575679878804	24.7546045565888	24.9521596640974	24.9793250558734	25.0457689916961	24.8582322339727	24.9567745881929	24.7895495644517	25.0948257587808	25.0179702152042	25.0485986223344	25.2640616936673	25.248981183089	25.2459388205167	25.1260890584396	25.1555702435223	25.2229142697206
A0A0A0MRA5;B7Z4B8;Q9BUJ2;M0R3F1;M0QYZ0	25.578307267632	25.6859750929731	25.6082873134426	25.452650723458	25.5096921407533	25.4965258947818	25.8009218148167	25.6241073577021	25.5808678653515	25.4390460988411	25.3805355764223	25.630426004376	25.5165310700453	25.5505413088112	25.6339767775114	25.6512174968839	25.3566921371862	25.2312161992151
A0A0A0MRI2;Q9UNH7;G3V5X9	23.5017886019506	23.9594303446787	23.9648153530721	23.6025221776936	23.9865906453864	23.6805664194223	24.0399257474146	24.147014203899	24.1355527351802	23.8032151148834	23.8372082871052	23.6449344619095	23.9083904216849	24.0561448530024	24.0696457781606	23.8009464933555	23.885113192849	23.6733591145891
A0A0A0MRJ6;P22061;F6S8N6;A0A3F2YNX8	24.6830322904897	24.7096719891902	24.6594890238874	24.7866114364653	24.8441705351845	24.6149843163546	24.8670283171295	24.8458460559685	24.9054094088573	24.7794652852446	24.6032016259201	24.7196800106128	24.8962444385088	24.6852800630154	24.7368610249249	24.9237025097561	24.9303056585593	24.7591843831459
A0A0A0MS51;A0A0A0MT01;P06396	24.9474407511873	24.9744317455713	24.9404677413808	25.1025351411075	24.9623460413167	25.187446921907	25.0662002407718	25.043601405558	25.2058675090412	25.299254141759	25.4525250504214	25.3968900829047	25.3905410755858	25.3142012412367	25.2876419337358	25.5341857875537	25.4488442625338	25.2430353553906
A0A1W2PNM1;A0A0A0MSE2;A0A0D9SFP2;E9PF18;Q16836;A0A1W2PQV5;A0A804HKJ2;A0A1W2PQC2;A0A1W2PQ78;A0A1W2PRT2;A0A804HLB5;A0A804HJW7	25.0973599437481	25.0054744707992	25.073287451142	24.5671488517407	24.6830858496025	24.7803166839361	24.4647581139245	24.7468878151015	24.6236051334192	24.9381807738622	24.9478420137753	25.1428144417845	25.0682111374834	25.000110408637	25.0820063915103	24.9170689996291	24.8760522404729	24.7007055523673
Q13418;A0A0A0MTH3	23.9500247098922	23.7354155420463	23.8741769054358	23.7626350799292	24.0842387549725	24.0512567438434	24.1128301736078	24.2586091622823	23.9894520182238	23.6301204516345	23.5871493789769	23.7526664783268	23.9126905591185	24.0844009740136	24.0149521570343	23.9139689774927	24.0813156888289	23.9400196020174
A0A0A0MTI5;B8ZWD1;P07108	26.2045621894637	26.4213844249269	26.5141396254216	27.2130813711239	27.1189206425247	27.0180763698741	26.7801915097535	26.8808700376524	26.7156798931338	26.944695799124	27.0888144366957	27.0403020971904	26.8870441225057	26.7323390737521	26.7562091501776	26.7210370062654	26.7674926435785	26.7377637168235
Q6PIU2;A0A0A0MTJ9;H7C046	23.689231923085	23.6297870475486	23.517252237289	23.7851650755267	23.7040876961367	23.5174925462828	23.9003044720038	24.035317966299	24.0541584674565	23.2896834670594	23.152625880164	23.0606702074914	23.2678519571886	22.8538425473763	23.2841858682827	23.381658065126	23.2872896530608	23.4444275237742
Q9Y3B3;A0A0A6YYA0	25.3099067813101	25.3120209760523	25.4429100952452	25.3768317774646	25.5099639058186	25.601814078691	25.5017278709603	25.4852669727249	25.573461358428	25.2867963155564	25.2006391295848	25.3827137278757	25.3333696701024	25.2066501342715	25.1402809012721	25.2872896530608	25.224718306066	25.3181726135266
A0A0A6YYJ8;Q9Y383	22.6174414576922	22.9449772295577	22.8749648430858	23.6843171607313	23.736035212057	23.6283414055013	23.5483967359291	23.5351652441844	23.4808680867948	23.2707059542438	22.9819135382174	23.1213615071444	23.1111273901638	23.0221002361292	23.3389213204642	22.2767378201808	22.8087631164504	22.3333628451221
Q5W0H4;A0A0B4J2C3;P13693;J3KPG2;E9PJF7;H0YCX0	26.2487459910599	26.1231904362615	25.8822469335166	26.4422615401166	26.4605617585495	26.5640258352948	26.6879247352996	26.7682501626513	26.7278029044999	26.3725539781834	26.4780309274913	26.4303619413807	26.352960201207	26.0994282377215	26.1642101412124	26.0266912693572	26.171749309599	26.0190526265221
A0A0C4DFM1;Q92544	24.1637688180377	24.2254539996265	24.1809380569417	24.3310131339136	24.4958247804911	24.553854716152	24.3132672453018	24.6813173481887	24.4706032722949	24.4604523965988	24.1163249221676	23.9943810617292	24.5484555338441	24.5705691417485	24.4250237702504	24.4749407171659	24.8325802431736	24.3440113940998
A0A0C4DFV9;Q01105;P0DME0	25.3555164423604	25.6899783561026	25.3919507419312	25.387947628123	25.6488062915746	25.66329489204	25.532967959856	25.2054573929927	25.4100227227402	25.8237409885183	26.0461438204497	26.0196889599131	25.9457006558274	25.9625887502581	25.9907507685359	25.7472208442424	25.503154373794	25.5006950527874
A0A0C4DFZ2;P15289	22.7648432508798	22.9755429345217	22.8321552620381	22.5086710545587	22.6087610641737	22.4111871777936	22.7024187535907	22.6457261486125	22.5618808404421	23.3702606355093	23.1176094958044	23.3835049683201	23.1566120817291	23.344079140574	23.2598305979336	23.2298016377081	23.273696587155	23.2901054928166
C9J9K3;A0A0C4DG17;P08865;F8WD59	26.5760017217304	26.6585359860302	26.6920556711352	26.7523857511883	26.414174877432	26.589637203911	26.7569726155549	26.8658491629642	26.9393247107855	26.5437883529031	26.5040035353065	26.6437516205334	26.668849718518	26.4963125482384	26.6186292576641	26.6340875984775	26.5916357922548	26.5263261034328
A0A0C4DG89;Q7L014	23.0654444040779	23.198055298081	23.2099845733587	23.5544989202444	23.5339779385122	23.6457041631805	23.0908909722412	23.3527245299864	23.3475975806504	23.1636766987804	23.1757097388604	23.0050289406851	23.3951910261761	23.4928947057781	23.5153283229637	23.429819436852	23.3178277104575	23.608174492716
A0A0C4DGA2;O75521	24.9706192053893	25.1316726766333	24.8624951003882	24.8615488846785	24.9479311680851	24.8834360736511	25.1208396595713	25.0967167628003	25.0511322537415	24.4096343621005	24.2655646875206	24.2948798432309	24.4490962396614	24.273127420547	24.2144531243852	24.4134487089445	24.3723214863201	24.338989306376
A0A0C4DGB5;E9PCH5;A0A6Q8PG72;A0A6Q8PH20;A0A6Q8PGG5;P20810;B7Z574;E7ES10;A0A6Q8PFE5;E7EVY3;A0A6Q8PFF6;A0A6Q8PGN6;E9PDE4;H0Y7F0;E7EQ12;E7EQA0;H0Y9H6	24.986373643289	25.1840826291078	25.2342166312937	25.044935690084	24.9582801170546	24.8748335500251	24.9000280142007	24.9630078786435	25.0894207384659	25.03586328972	25.0208124634364	25.1268767922444	25.158577947963	25.0498036904859	25.1780146617349	25.0171631843496	25.0985651357102	25.1179502708777
A0A2R8Y5J0;A0A2R8Y425;A0A0C4DGG9;Q14839;A0A2R8Y521;A0A2R8Y212;F5GWX5;A0A2R8YFD8;A0A2U3TZM0;A0A2R8YFK9;A0A2R8Y445;A0A2R8YDJ9;A0A2R8YD40;A0A2R8YER1;A0A2R8Y4X2;A0A2R8YDW2;A0A2R8Y8C1;A0A2R8Y685;A0A2R8Y5Z7;A0A2R8Y8B3	23.0415976621235	22.7880364288336	22.881439625134	22.6165892251784	22.6692120708638	22.6200622799233	22.7288513785514	22.4169181071898	22.8179821467596	22.6452863763024	22.9549836207233	22.7858435494923	23.010588202359	22.7928689163446	23.0319071196679	22.7622701024746	22.7654301771217	22.7348576113768
A0A0C4DGH0;Q5ZPR3	24.52605740344	24.3811299439374	24.5812989795881	24.6557276736688	24.5472202741165	24.6318418130484	24.3012444274823	24.3471920444451	24.0707924644122	24.7004409881663	24.5115934220287	24.5947423780611	24.5324924310178	24.5319572736549	24.7793149862456	24.395648661403	24.1848771584766	24.5721316588432
A0A0C4DGL3;H0YNW5;H0YKC5;P33316;H0YMP1;H0YMM5;H0YNJ9;H0YKI0	25.8220882218099	25.8642912022994	26.0577774338866	25.6628061282112	25.5246832658088	25.7410601884774	25.6699581218795	25.7806921413334	26.1621750934429	25.0153350774066	25.1433206164211	25.156496359075	25.1716157081689	25.3317990737462	25.1910670483275	25.0653786604302	25.1718065635675	25.2657435111064
K7ELJ7;A0A0C4DGQ5;P04632;A0A075B7C0;K7EKD8;U3KQE2;K7EM73;K7EIV0	25.6881115489422	25.4542834775036	25.5520083569759	25.2150459112619	24.983636616568	24.996494521814	25.145693374677	25.2298969626307	25.0438516779224	25.5330273899415	25.6023522656266	25.5458661559595	25.4844681722645	25.422395384237	25.4529962678719	25.3839333757729	25.3503319724067	25.4938720587096
P39656;A0A0C4DGS1	26.2956857104773	26.4894534342707	26.3901966453976	26.3461438813216	26.0446230778485	26.0097300537634	25.8794918264352	25.9931287784321	25.9275052728288	26.1325162030976	25.8780187221884	25.9061896533828	25.9279573157718	25.7681996737524	25.8648107094807	25.5999146577554	25.7039293351434	25.6074691632142
B4DLR2;A0A0D9SEN1;Q12884	24.473021457307	24.5495134867448	24.4153843465884	24.3329259792145	24.4939941812848	24.0699734958156	24.4478989561501	24.3409595054619	24.3595769244367	24.6862423230554	24.5752516253058	24.4972266685137	24.6859750929731	24.7496521879651	24.7493452968683	24.7297746502951	24.8688187877062	24.7750499947566
O00571;A0A0D9SG12;A0A0D9SF53;A0A2R8YF78;A0A2R8YFS5;A0A2R8Y4A4;A0A0D9SFB3;A0A2R8Y5G6;A0A2R8Y7T2;A0A2U3TZJ9;A0A2R8YDT5;A0A2R8YFR4;A0A2R8Y645;A0A2R8YCW1;F6S8Q4;A0A2R8YDH3;O15523	25.2576744250006	25.3454334024221	25.3012095338412	25.1935506263085	25.267030387018	25.4315101015269	25.1691705265075	25.4272637319482	25.1949035053207	25.1851040865212	25.1515888997705	25.1332024304938	25.1111592363304	25.1260890584396	25.1302198707267	25.1164042499679	25.2035544210739	25.2283563270478
A0A0D9SF54;A0A0D9SGF6;Q13813	25.0885314086471	24.9523818735766	24.9942515655776	25.1122734095197	25.10185419945	25.0918837439897	24.8838089353294	25.0590780426761	25.0811531224823	25.0269022914941	25.123881112823	25.0382937629442	25.0992476311855	25.1173162062979	25.1782046725404	25.2323512426406	25.1352004334767	25.118465243234
A0A0G2JIW1;P0DMV9;P0DMV8;V9GZ37	26.1647280440414	26.1842718424596	26.2490897203259	26.2763793165195	26.2807568964281	26.4107829596293	26.5048370470002	26.2974710294091	26.5118045209178	26.3834390481885	26.5043218420603	26.4298832715035	26.6071022555497	26.5687730512265	26.5158546481962	26.6454018295105	26.6017290834508	26.5784512419888
A0A0J9YYL3;A0A0J9YVP6;A0A0J9YXJ8;A0A0J9YXX5;Q9UHX1;A0A0J9YVR6;E9PQ56;A0A0J9YWM1;H0YEM1;E9PN18;E9PMU7	24.5913219116683	24.2963510875424	24.1976804455206	24.0959526128088	24.3786848655282	24.2521254524939	24.4497259900058	24.3297136858286	24.3448241419026	24.2784545628559	24.2155644000513	24.2300802620885	24.3227176231424	24.2553709497429	24.4109284912157	24.3021513660519	24.448529229223	24.4841915613335
A0A0J9YXF2;Q15165;G3XAK4	22.8769515361485	23.0068615871118	22.9459060070541	23.3804695204693	23.6419617614947	23.5917213842006	23.3208600313311	23.5346904391642	23.391655809441	23.4058748096126	23.4279030827413	23.2125397256205	22.9329024454144	23.1845593992353	23.4225237093464	23.1607873117734	23.0206598878889	23.0359220045651
Q8N129;A0A0J9YYJ0	25.4214325819138	25.211077009059	24.7877575201432	24.8261923437867	24.5523895452657	24.6625888466805	23.8706070389563	24.7558781896684	24.8797956132033	25.2348378919123	25.3639601376502	25.5372406808	25.1388757927696	25.2366270888616	24.7667347265446	25.0590780426761	24.8923119372051	24.6650856107303
P43243;A8MXP9;A0A0R4J2E8;D6REM6;D6R991;H0Y8T4	26.0089611290065	26.1226179108021	25.9496463155909	26.0660770335434	25.9726581957185	26.0726130032819	25.9592976728992	26.0055815488752	26.0335967486915	25.9247447394344	26.0076145237636	25.8866953505855	25.9834191696536	26.0539513949237	26.0310531465209	25.9768149385214	25.9497576183352	25.9335509124566
A0A0U1RR32;A0A0U1RRH7;Q99878;Q96KK5;Q9BTM1;Q16777;Q6FI13;P20671;P0C0S8;H0YFX9;A0A3B3IS11	31.4359903391569	31.4902762623453	31.4677186305599	31.6092882109652	31.5194866923521	31.4884098727332	31.5925449471306	31.7815990935139	31.3639016709508	30.8804467865841	30.9108508457352	30.8671756436592	30.9988012344762	30.8263863326321	31.1137145889574	31.1390100202294	30.9556000708409	31.1034333921976
A0A0U1RRM4;P26599;A0A7I2V621;A6NLN1;A0A7I2V4H6;A0A6Q8PEX4	27.716530519529	27.6620726718541	27.5230535156683	27.5183333126793	27.7407900582033	27.4952605933804	27.5287272525079	27.4977748627897	27.5622361345561	27.4689422987864	27.3707761242655	27.4077882200472	27.4130451240142	27.4632619301856	27.3810474075353	27.4148200538264	27.2543079520187	27.3361992535418
O78179;A0A140T912;A0A140T937;A0A140T930;A0A140T9J9;A0A1W2PRZ0;Q5QT33;A0A1W2PR11;A0A140T9B3;A0A140T962;Q5RIP0;A0A1W2PP77;A0A1W2PRX1;A0A0G2JH50;A0A0G2JIF0;A0A1W2PS56;A2BF26;A0A140T9M5	24.1299055580804	24.2761130432789	24.6404179464294	24.8886473882442	24.9753067691256	25.064268784288	24.5644183994419	24.4052256195549	24.5622652531449	24.5253406253649	24.8879505350978	24.8642439650962	24.8176309076698	24.8665567711077	24.8114213418774	24.598779481805	24.6310091526965	24.8179723912728
Q53Z42;A0A140T9I0;A0A140T9X5;A0A140T913;A0A140T955;A0A140T933;A0A1W2PRT9;A0A1W2PPQ2	27.6321470014734	27.836413897885	27.8841933480323	28.1533006777798	27.9838649005605	28.1780241628696	27.8826784015658	28.0858297412254	27.9470393769636	27.9611318837568	27.9289174369956	27.9745411525437	27.8251734741825	27.9905884886713	27.984897162774	27.9377543692705	27.9653769722525	28.0762268121561
P49419;A0A1B0GW77;A0A1B0GTG2;A0A1B0GW82;A0A1B0GUA1;A0A1B0GTJ4;A0A1B0GV49;A0A1B0GTY9;A0A1B0GUY0;A0A0J9YWF7	25.0898247981355	25.2068364110527	25.4943604869973	25.1885037307954	25.4194086031472	25.6048140341492	25.1715011828094	25.4216572932676	25.2183018924244	25.2233562831662	25.1372738617277	25.4212399443205	25.2332659502205	25.5317788437443	25.2461200932173	25.4665017027566	25.4168665786863	25.5819597713062
A0A1B0GTU4;P49023;F5GZ78	22.8767642291048	22.8152284825067	22.714061009432	23.1179264984844	22.6007767944958	22.8503936521758	22.7845262201898	22.5694569879986	22.7675330546384	22.4818043578177	22.8458460559685	22.4059007711397	22.582264208242	22.7473079314908	22.8466878688453	22.4849782266787	22.4601648913585	22.8717541170141
F8W787;A0A1B0GW44;A0A1B0GVD5;A0A1B0GWE8;P07339;A0A1B0GV23;C9JH19;A0A1B0GVP3;A0A1B0GU92;A0A1B0GU03;H7C469	26.0439350923967	25.9544245965195	25.7892759239255	26.0043818202263	26.1533876631008	26.105775221166	25.8016866532901	25.8886009418381	26.0093883600211	26.6963074923476	26.6264487621234	26.6339490709397	26.6909907550205	26.6418239880103	26.4317173108688	26.7668610737042	26.7035861600134	26.6703364061244
Q16555;A0A1C7CYX9	25.6003968371914	25.5537668478478	25.4784321690948	25.4448066316573	25.5583873126651	25.5190835831424	25.4265281280896	25.3181726135266	25.3782879755557	25.7346405800548	25.8215287689828	25.7570998205138	25.7898977591639	25.6122586176393	25.7565145848128	25.8244209895602	25.789997227934	25.6769672677133
Q969N2;A0A1W2PNP0;A0A1W2PPR6;A0A1W2PPS0;A0A1W2PPC3;A0A1W2PP57;A0A1W2PP53;A0A1W2PRZ8;A0A1W2PQN1;A0A1W2PPQ7;A0A1W2PQ52;A0A1W2PQY1	24.4677458344661	24.4271358277821	24.3940135828672	24.2627004915414	24.4392997929625	24.3052167806589	24.1479458264084	24.2503192386705	24.3643943875413	23.9996374150125	23.7944166596392	24.0399257474146	23.9432431027051	23.7697135726365	23.9907507685359	23.79124000926	23.6336719759536	23.7880563488199
A0A1W2PNV4	25.0071439844076	25.133476830084	25.0461438204497	25.0495544486124	24.8791412237357	24.999121245046	24.7852648711232	24.579055777438	24.8426369257218	25.0951880578568	25.0493882634383	24.8394206411701	25.0647210591239	25.0660770335434	24.8833428431725	25.1979803353603	25.085819613105	25.0998896850639
E9PJA7;A0A1W2PQ43;E9PK09;E9PQN2;E9PKI6;E9PK91;Q9NYF8	23.9837235861579	25.3155492798746	25.1020144499337	25.227144672428	25.1344172326535	25.2042263448786	25.4463220677639	25.4313188049466	25.2836208256667	24.3800070440938	24.4897749671465	24.8865093044133	24.4737646995202	25.2464463266924	25.1444880343849	25.1882396011399	25.3017328498644	25.59460002042
A0A1W2PQ90;Q92878;E7EN38;A0A494C1B7	23.1363353199788	23.6084001253472	23.3300557593431	23.2572428034444	22.8582891551241	23.0465352043136	23.257530565496	23.2450611386032	23.1139112728251	23.3140974937657	23.2612662583575	23.4284143594511	23.3566249804288	23.2792342256251	23.1594174428576	23.2056512805635	23.065953815792	23.0765122642052
A0A1X7SBZ2;A0A5H1ZRQ2;Q92841	25.8644329046297	25.8668397172154	25.8949502098835	26.0135472454854	26.1519759199303	26.0085551423222	26.1485277851264	26.0568270418621	26.104576039804	25.9422141560146	26.1131879799496	25.9209346833502	26.1651499015201	26.1905585166133	26.0563516109661	26.0161218724723	26.1475577234709	26.0121835992073
A0A1X7SC65;K7EP04;O14558	23.2401624379084	23.3590406564105	23.4729595031687	23.4983837233351	23.3247101538168	23.4643842134323	23.0399424761562	23.2151199924985	23.1130051122398	23.3683966881687	23.3374248192739	23.3610506345012	23.4470791892932	23.3308764050085	23.3842957750497	23.4319882320338	23.4613895158529	23.3903442684044
A0A286YF22;O43175;A0A2C9F2M7;A0A286YFA2;A0A286YFL2	24.9406917588718	25.5645928381146	25.381625063215	25.4809297022485	25.3973471795789	25.628786372747	25.6294535663958	25.8521715297533	25.6023805856941	26.0528326893691	26.0003038613421	26.1200486215863	26.1060149378724	26.2705277447394	26.1376256575318	26.0558346604877	26.0614285489007	26.1240981143269
Q5T0S4;A0A286YFE3;A0A2C9F2P4;A0A286YFL8;A0A286YFF7;P50897	24.7046154406065	24.7974379078895	24.3694620957983	25.0035028144157	24.715234750232	24.774949490034	24.4115751207102	24.1948283786489	24.7075672473465	24.5958807337763	24.6416310830257	24.490509630455	24.2849624407097	24.0264802163496	24.2416177946756	24.6939705415071	24.5926910715236	24.3394651180737
Q7Z3E5;A0A804HJI1;A0A804HHZ1;A0A804HJ52;A0A2Q3DP09;A0A804HIH2;A0A804HIU9;H7BZY2;A0A804HI20;A0A804HK42;A0A804HK85;A0A804HL13;A0A804HJ95;C9JW07;A0A804HIT2	24.1552227968617	24.2225089717279	24.0183523354662	24.0140157013645	23.7412916884621	23.6811028369934	23.8828766003862	24.2570989008917	23.8987371768568	24.4787715940811	24.4792651606411	24.5094807325262	24.2401624379084	24.3719228416531	24.6324521253524	24.3791477658731	24.5913789859455	24.531600391763
A0A2R8Y804;A0A2R8Y543;A0A2R8YCH5;A0A2R8Y7Z0;A0A2R8Y5A3;P35222;A0A2R8Y750;B4DGU4;A0A2R8Y5C3;A0A2R8Y5Z1;A0A2R8Y6G0	23.5090578231119	23.9353506819526	23.6979517103255	23.9092148450457	23.7365514004917	23.7757533318382	23.843164287876	23.8345103993795	24.1793442121385	23.6791707995991	23.6804591119701	23.7903453146324	23.9146077621128	23.8293898289835	23.9065566813161	23.9865038484642	24.0421823748251	23.8920802794432
Q15813;A0A2R8Y5Q8;A0A2R8YHI9;A0A2U3TZJ6;A0A2R8YFL4;A0A2R8Y7E7;A0A2R8Y6Q1;A0A2R8Y4V6;A0A2R8Y784;A0A2R8Y809;A0A2R8YER9	22.449071043929	22.5423394890038	22.5169157374362	22.644560458786	22.3415839723812	22.3017328498644	21.5188375374285	22.2840163787335	21.9332987654631	22.9130011363207	22.7600376762059	22.810136980987	22.8484655404841	22.7287268472574	22.5288852004532	22.5439682527522	22.5808391198214	22.0940364369395
A0A2R8Y5S7;P35241;A0A2R8Y7M3	24.6696878581068	24.7936231525496	24.6950332611904	24.4451856399455	24.4669372709075	24.5441569760229	24.4982619717808	24.38574446251	24.7196800106128	24.8551456446527	24.8905967882679	24.8837623328893	24.8760990926298	24.9629637655997	24.9323347975533	24.8751617602765	24.8765206935864	24.894811473643
A0A2R8Y6J3;P46777;Q5T7N0	25.7151561813426	25.6632405931242	25.8473523627134	25.2301902305856	25.4955808347615	25.5364997961351	25.4884271119907	25.5854311346503	25.6655193898266	25.4196979168742	25.2853505702247	25.2207390649996	25.2714898146493	25.269458025184	25.3658298220731	25.464882725891	25.3523204325912	25.5911506752881
P62263;A0A2R8Y811;E5RH77	25.0261424673042	25.1435152516954	24.9081155091727	25.3181726135266	25.2764325652707	25.3778247992137	25.5097525374143	25.4313188049466	25.6163312134447	25.0979224919552	25.0388379629167	24.9265555213608	24.9467717320971	25.0447689719881	24.908573667594	25.0234799268161	25.0032025433885	25.1515114832783
E7ETK0;A0A2R8Y849;A0A2R8YD14;P62847;A0A2R8Y8A0	25.3864353690319	25.7942679103008	25.6375188329059	25.9837018442519	26.1752757276771	26.2822249284105	25.9692363147696	26.1485859680889	26.3154801803205	25.8607204365473	25.9370134721534	25.7435019280236	25.877035816385	26.2905449717434	26.2473159221423	26.223301038891	26.2887334574865	26.3129903896032
P51659;E7EPL9;A0A2R8YD50;A0A804HK65;A0A804HKU2;E7ET17;E7ER27;A0A2R8Y7L2;A0A804HIR1	25.7950610629392	25.8983220194506	25.836221252789	25.8238138611053	25.9285899380318	25.8428766596895	25.9299446237624	25.9620591508245	26.1260299610617	26.0123754398661	25.9398178938797	26.0454357288069	25.9192305113512	26.0069942351502	26.1312801706344	25.965982395073	25.9740596997921	25.8394206411701
P68400;E7EU96;A0A2R8YD58;A0A2R8YF43;A0A2R8Y5A0;A0A2R8YDP2;A0A2R8YFU2;Q8NEV1	24.1423470459788	24.324435485555	24.3008256480771	24.309317027038	23.8384591649327	24.115928217724	24.2357145105271	23.9765746113316	24.0520034589515	24.1153726481786	24.1213931282042	23.9934311532491	23.9825055345494	24.3913935966012	24.0376655847136	24.2933369287433	24.1144991778352	24.1781286712212
A0A2R8YE78;C9JMB8;O60313;A0A2R8Y3X5;A0A2R8YDM2;E5KLJ9;A0A2R8YGE5;A0A2R8Y4Q3;A0A2R8YD53;A0A2R8YFD1;A0A2R8Y4G4	23.6934920621348	23.839997219493	23.6281188704027	23.5171320677799	23.6038807543059	23.8428766596895	23.9010414339205	23.8308408919424	24.1794201494516	23.7595907761179	23.7579645169169	23.9707069632311	23.8675939689857	23.7203586679875	23.9664005388461	23.8654244314269	23.7708227563675	23.9398403072877
E9PNW4;A0A2U3TZL5;P13987;H0YET2	22.9776055509126	22.9365732439965	23.1423002980689	23.1074603841734	23.0779957050929	23.2486410468611	23.6839960504341	23.5937740689778	23.4415177156285	22.3965243012632	22.6387841150406	22.7913592599661	22.358638324535	22.9043714887992	22.8784116970838	22.7678967032482	22.8411112846054	22.8828766003862
A0A2U3TZU2;P06744;K7EQ48;A0A2R8Y6C7;A0A0J9YYH3;A0A0J9YXP8	25.901547876952	25.8820136538057	26.1092870804864	26.015994313229	26.0449773665978	26.0720813979604	25.9387640707284	25.8711477836389	26.1057352645089	26.302674340613	26.2815706890391	26.2825784478234	26.1117164304826	26.3934245006564	26.2665658142311	26.3585712583127	26.1976429549072	26.324727318847
A0A3B3IRI2;P17812;A0A3B3IRQ8;A0A3B3ITF6;A0A3B3ITB8;B4E1E0	24.594286784155	24.7496010439823	24.7130856591784	24.9951146537796	24.7673916109765	25.0320416900143	24.5976434119449	24.5188135307218	24.5980411381662	24.7083042563234	24.6383753679217	24.6235493199275	24.5037912917811	24.3817240666834	24.5907510446773	24.6751373923882	24.7611137310158	24.57403910664
A0A3B3IRK6;Q13724;A0A3B3IRW2;A0A3B3IS52	24.4345355886432	24.5520963324442	24.5373591870462	24.3010350529749	24.279871818278	23.9746505512198	24.0964352809435	24.1721118796981	24.4963735076131	23.9811122151525	24.1290408450481	24.2283930279735	24.3054951320085	24.2646344474005	24.3721886170033	24.384164004027	24.1933250230803	24.2250861997416
A0A3B3IRT8;P43307;C9J3L8;C9J5W0;E9PAL7;C9IZQ1	25.8802628525898	25.7823929904144	25.9581030775353	25.7837422376934	25.6033148361874	25.6336442635276	25.5710033440534	25.3400426785306	25.4890092948393	25.3344271518845	25.5051854636902	25.2883814432741	25.3659632782875	25.5582413219302	25.4126091254424	25.2274385003396	25.4046735782292	25.5534153211046
A0A3B3IU45;A0A3B3IT92;P33991;A0A3B3IS57;A0A3B3ITP6;E5RG31	25.0529155862026	24.8962444385088	25.0523352083156	25.1479846309605	24.9154286412478	24.9312529452613	24.9513594264652	25.0570130373984	24.8691954459006	24.8009464933555	24.6918427507879	24.745452348541	24.747297686205	24.8380743949502	24.7513389230725	24.9370134721534	24.8006503230241	24.7063556289253
A0A3B3ITF0;Q96C86	23.9426168747297	23.7410859125324	23.9167957360539	23.6203084373387	23.6290088049153	23.6805664194223	23.7820679830823	23.7575576655208	23.5416780165406	24.0813969651333	24.0510077528965	23.9003966128335	24.101012592252	24.0113733239594	24.1769121052877	24.060109437965	23.9060978818081	23.9331006190478
A0A3B3ITT5;P47914	21.6856436589122	21.6634469181326	22.0513231341722	22.0613461397931	22.0049775245095	22.0154967243865	22.4789443615852	22.627651434935	22.4730090666922	21.2750332454787	21.6835892080959	21.5203251736063	21.5385792352255	21.2072908254849	21.8592375104958	22.3852705067331	22.0631909764862	22.1776725792081
A0A3B3ITZ9;Q9Y2W1	25.1200090582993	24.8565235542931	25.5181231670111	25.6756219970681	25.2101852868389	25.7097508573078	25.8879273008617	25.7979573211469	25.7484754174082	25.1221834295337	25.1339862908994	25.4279350428445	24.8493344642193	24.6387067933863	25.0451857311096	25.1427365529984	25.0924484311635	25.1682142506774
A0A3B3IUA2;B1AHD1;P55769	27.0363245562864	26.7806921413334	26.8161664903142	27.3565746108091	27.4910603825292	27.2818890047112	27.553547153671	27.5220059154889	27.5689179801573	26.9169551460962	27.357329970515	27.3581687954941	27.1982614254812	26.8515044866736	27.4855433775616	27.1753138040582	26.8973528539863	27.0278093351284
H0Y993;A0A494C028;P35659;B4DFG0;D6RDA2;H0Y8X0	24.1982052118382	24.4024958267993	24.5409689593306	24.5310053923563	24.5235471206077	24.6012756909138	24.9882821424639	24.451927953952	24.8217720359998	24.0112880053491	24.1711193659378	24.4476467698031	24.1067737781079	24.3227863769271	23.8440268285314	24.1836662723616	24.5018493303846	23.9968823720252
A0A494C0G1;O95394;H0Y987;A0A087WT27;A0A494C1Q4;A0A494C1E2;J3KN95	23.17844784986	23.0958399670049	23.2708485059993	23.1286004283337	22.9014097737555	23.1857090535249	23.3454334024221	23.3637262566347	23.3930971287971	23.3370164130317	23.3552811883785	23.3502982460607	23.4551305253812	23.6799224549536	23.6570916148532	23.4218819696263	23.5717267242875	23.6560005650841
A0A494C0X0;Q99426;K7EK42;K7EP07;K7EL99	22.3022071590382	22.4390841558034	22.6874816233637	22.8362838652669	22.6573315351121	22.544911622328	23.1570594553413	23.3865340429589	23.176546935371	22.4950684144252	22.679192280902	22.3544474082815	22.9636341383426	22.5954368818842	22.4098932808092	22.5237265714495	23.0368443527399	22.9668933527335
A0A494C1B8;Q5VZU9;P29144;A0A494C0U1	23.5400230072988	23.5561374156401	23.4013243325889	23.3215483072093	23.2508685669425	23.5917213842006	23.4229086162029	23.4378404421644	23.38469101592	23.1132436307391	23.1630777801912	23.030089190361	23.3677304086386	23.5571897523053	23.0542412881483	23.6471325198359	23.5115934220287	23.7777609790324
A0A499FJL1;P48147	23.6854939540523	24.0743087414403	23.8150916387321	23.7634458105158	23.6607950243153	23.5009381353559	23.508936969077	23.7942183237796	23.3754403977219	24.063404956595	23.8722051765253	23.8509086517662	24.0964352809435	24.0330505677064	24.0571370211022	24.1176729019131	24.1311623980082	24.0221679818081
A0A590UJW8;Q96J02;A0A590UK44;A0A590UJQ1;A0A590UK95	21.7802465877319	21.5893000261526	21.9529772262629	21.5431659033181	21.7784830486375	21.5752862537266	21.5111831987197	21.2648205434157	21.444756089695	21.5062029645588	21.8064835422607	21.48222301927	21.4253695913177	21.6457481337095	21.8446015692763	21.5063482632622	21.449952632853	21.462887641679
A0A5F9UP49;Q9BRK5;A0A5F9UJX7;H0Y3T6;G3V1E2	24.454063791292	24.1449158510576	24.7478098613882	24.9050420888997	24.5809540985057	24.3974777520327	24.6704444691214	24.7254644518731	24.5535032108207	24.6540892402997	24.9248353325296	24.7244759660236	24.5169517947462	24.5941728631946	24.6063116758143	24.4989314782138	24.5371221648186	24.3258769108888
A0A5F9ZHM4;P07195;A0A3B3IS95;A8MW50;C9J7H8	28.0307059439554	28.2009290536829	28.1732657725903	28.3590490371315	28.3270170187948	28.2501113790269	28.2863028092948	28.2932930718316	28.3277023642741	28.2176180061475	28.348408311237	28.3511495950078	28.3121595035901	28.2967974185757	28.3399407728969	28.2309139806967	28.2678073186564	28.3468878174645
A0A669KB62;A0A669KB05;C9JZR2;H0YC95;O60716;A0A804HIL4;A0A804HK15	24.5980411381662	24.3546760733577	24.8069554739106	24.6683898867723	24.6543078056209	24.5622652531449	24.9690825783993	24.363793083651	24.6451544184645	24.3902130486998	24.1500397800674	23.8557634910336	24.1256556214405	23.8994749396143	24.16721905096	24.1217093006887	23.8864162723293	24.3764343773039
A0A669KB68;A0A669KB56;A0A669KBA4;A0A669KB53;P42224;J3KPM9;A0A669KBI6;A0A669KB52;A0A669KB75;E7EPD2	25.5443338816708	25.2672447547807	25.4146749142913	25.6943957233237	25.5221705887599	25.775703104845	25.7322614308857	25.7151561813426	25.7919603321982	25.9608005724588	26.0135046510436	26.0554002788902	26.0786106411905	25.9714307618119	26.0717132487234	26.0031810930664	26.0306954213611	25.953292574782
A0A669KBL1;Q93009;H3BND8	23.4580130339143	23.4319882320338	23.6508615496899	22.9189622049208	23.0396078644626	23.204144237643	23.0359052291389	23.0619888060279	22.9874236302528	23.6418515437597	23.4331350991497	23.5308863630224	23.5207328060239	23.3634589176104	23.287994128411	23.280225914699	23.2198680639815	23.0026962307149
A0A6I8PS05;A0A6I8PRS0;A0A6I8PL42;B4DER1;A0A6I8PIT3;A0A6I8PIV1;Q9P2J5;A0A6I8PLB3;A0A6I8PLB8;A0A6I8PIP7;A0A6I8PTV8	23.4295640699975	23.6899783561026	23.5314814115113	23.343265972845	23.4031462461065	23.3575648906753	23.3135440478815	23.3528592039693	23.3605149140937	23.821626080712	23.8723930763746	23.5569559660399	23.8155803069077	23.9308470414067	23.7118786683676	23.8188988681024	23.8345103993795	23.9208892648786
P49588;A0A6Q8PGN5;A0A6Q8PF33;H3BPK7;A0A6Q8PFY2;A0A6Q8PGE8;A0A6Q8PGR9;A0A6Q8PGB5;A0A6Q8PFK3;A0A6Q8PHJ2;A0A6Q8PH44;A0A6Q8PHP7	25.4159000783213	25.2770713970336	25.3443162281844	25.1080509232978	25.2257849393715	25.2166008189471	24.9794558987207	24.9387192101105	25.0949867918249	25.8973066870063	25.8146761406022	25.8386274695366	25.9312078504722	25.884437920978	25.8940250495075	25.9252429310748	25.8440268285314	25.7271277407627
A0A6Q8PF47;E7ETE2;P12081;A0A6Q8PHA5;A0A6Q8PHE3;B4DDD8;A0A6Q8PFF2;A0A6Q8PF07;B4E1C5	25.3139937388333	25.2652427491989	25.1258920577647	25.0965157099353	25.2367365594805	25.2337048039462	24.8317591441811	24.8362934977146	24.8257557734905	25.1583468085702	25.1665296641637	25.1975679707575	25.1833255274448	25.0685391811516	25.062211200733	24.9009493342658	24.9186165163055	25.0090679486218
A0A6Q8PFE1;O95831;A0A6Q8PFA7;A0A6Q8PFQ8;A0A6Q8PFS4;A0A6Q8PHC0;A0A6Q8PHJ9;A0A7I2PK44;A0A6Q8PG15;A0A6Q8PFM5;A0A7I2RLJ8;A0A6Q8PFW2	25.2710266758884	25.2791279327822	25.0262691324625	25.2935474233634	25.1000902683163	25.1786605963957	25.3565578205451	25.2954054598797	25.2335951030293	25.2766100469151	25.1282542922858	25.1813172844077	25.1254585615665	25.1265617503344	25.2036664301091	24.995028368191	25.093738315335	25.0211938317251
A0A6Q8PFJ0;P02545;A0A804HL68;A0A6Q8PHQ9;A0A6Q8PF80	28.1454504435567	28.2630229976062	28.3607242035549	28.5155163183042	28.5101299592715	28.5475291882172	28.7076725573973	28.7176748020984	28.6954448547149	28.1280969302611	28.1340352680365	28.1331044179906	28.0095592170082	28.260557579577	28.1026953159762	28.2032650241429	28.2962285411389	28.2883726418182
A0A6Q8PFT2;A0A6Q8PFU3;P43034;A0A6Q8PG63;I3L3N5	23.5547331049768	24.2151199924985	24.3078589526612	24.4819767625415	24.328413066264	24.4828384772551	24.3398728318085	24.6271170374573	24.3995001153505	24.0730831062965	24.0903902916213	24.1564577827941	24.1565349343244	24.5243843669657	24.1058151767166	24.1626937272032	24.6943425824488	24.2547945058072
A0A6Q8PGW4;A0A6Q8PGI6;A0A6Q8PGA8;A0A6Q8PHH9;A0A6Q8PGZ8;P41250;A0A6Q8PHI7;H7C443;A0A6Q8PFZ6	24.7450419527652	24.6959890400526	24.6543624417778	24.3887688436878	24.5266544465874	24.2171187493209	24.2234667653709	24.1947532480648	24.1152932636329	25.0512567438434	24.9881954472508	24.8853459719516	25.0793229877184	25.0166532479528	25.0612225173049	25.0631992070772	24.9141971473268	25.0427251102223
A0A7I2S2S9;Q9HAV0;A0A6Q8PG88;A0A6Q8PFE0;A0A6Q8PFV8;H7C5J5;A0A6Q8PFW8	23.5350465575782	23.6984817037339	23.7940199606498	23.1865253567855	23.4758066434759	23.3085534575805	23.2727003981846	22.9223782455567	23.072347225107	23.4158356219361	23.4393632095229	23.3110509106696	23.5354025881087	23.3512422858501	23.4234216656538	23.4432896020318	23.1537394169081	23.1664530452922
H7C4K3;A0A7I2V2F9;E7EUI6;P05556;A0A7I2V348;C9JPK5;A0A7I2V5Z8;A0A7I2V5T3	27.3158774575676	27.3283445801117	27.3403653322245	27.5653630233912	27.242363096391	27.4085172425701	27.4871546845159	27.4457697493844	27.2826844867573	26.9790197097406	26.9562650094182	26.811886762937	27.0130786374451	26.9935607230584	27.0002393799893	27.0107333113615	27.0957715706183	27.0091320365948
P60228;A0A7I2V3S3;A0A7I2V3I0;A0A7I2V2H9;A0A7I2V2W0;A0A7I2V3I2;H0YBP5;A0A7I2V4B4;A0A7I2V5Z6;A0A7I2V4G3;B3KW56;E5RGA2;A0A7I2V5P9;E5RHS5;A0A161SXE1;A0A7I2V570	23.4205976331746	23.3633252295186	23.6865629338292	23.1774596869141	23.5519203761426	23.337560929	23.1025031039997	23.4375864912677	23.1432505412939	23.5083325469973	23.3722550531914	23.6510806045098	23.4291809349425	23.451613593364	23.4908156297861	23.337560929	23.3386493447747	23.2460765898464
F8VZJ2;A0A7I2V2K5;H0YHX9;A0A7I2V473;Q13765;E9PAV3;F8W0W4;F8VNW4	27.0390472159508	26.9151322665475	27.0367437615897	27.0656868078895	26.8942332623247	26.945812263381	26.8506702488836	26.8102939108043	26.7470159123305	27.0674317346929	26.8265075624159	26.8346068394371	27.0277038942337	27.1097852314671	27.07306267022	26.7773095019388	26.8532905163338	26.80624260096
A0A7I2V430;A0A7I2V2M5;A0A7I2V4F0;Q92499;A0A087WZ71;A0A7I2YQ77;A0A087X2G1;A0A7I2V4J3	25.6688767628805	25.7787637559136	25.5189935712854	25.6033714379898	25.2818890047112	25.4874767300643	25.5668005709695	25.5037912917811	25.5105072824176	25.7661281061043	25.7670126756912	25.8761693680124	25.8569034358148	25.6677675280943	25.8275739454805	25.7966213090434	25.6728737490772	25.8391562990753
A0A7I2V6E3;A0A7I2V466;A0A7I2V2Q8;P53634;A0A7I2YQT5	24.8449367290039	24.7719310879826	24.8056769683884	25.0397584493288	24.9149726549483	24.8570458656009	24.7920844894665	24.624999769416	24.7586254058243	25.0299797048309	25.3397709141764	25.2075068083886	25.2767875067282	25.2502469430607	25.2434349285038	24.8631098079746	25.1359049508736	25.1825301428574
A0A7I2V2R3;A0A7I2V5D8;P51991;A0A7I2V402;A0A7I2V4J6;A0A7I2V4G0	27.8508490547388	27.7032561069267	27.6792245022566	27.8181187166485	27.8670872495467	27.7771840665571	27.9800554433165	28.0718359755744	27.9047780199018	27.5811840283876	27.5097525374143	27.6226839345769	27.6613252494684	27.5320018776847	27.6293006951018	28.0324936703811	27.9268834824205	27.8798773910203
E7ETK5;A0A7I2V2T3;P12268;A0A7I2YQK5;H0Y4R1	26.2000778206015	26.3352112345593	26.1590786229779	26.4177841546885	26.559102453797	26.4620919560392	26.5590440882152	26.7177728412436	26.5758575027029	26.1611757176169	26.1818101311332	26.0664876833927	26.3209805033158	26.1949974081593	26.3390572890842	26.2574226614528	26.186389338313	26.3835049683201
A0A7I2V351;A0A7I2V487;A0A7I2YQE1;P52292;A0A7I2V3Z3	24.6128491542748	24.3768980001835	24.5858895332692	24.6321747426747	24.418475975164	24.445817099246	24.7694109199224	24.506941414474	24.5811265493525	23.4262401809717	23.3327894314844	23.2941787230145	23.6376570181154	23.6334502616392	23.4485922413888	23.0131638502292	23.5849725903347	23.4168665786863
A0A7I2V428;C9JLB1;A0A7I2V3F3;H7BY16;P19338;A0A7I2V5M5;A0A7I2V2U7;A0A7I2V699;A0A7I2V349;A0A7I2V506	27.2657077481624	27.3611845335259	27.2878884790359	27.1045960343302	27.1907468825936	27.0931539794562	27.1826248544964	26.9667525659425	27.1118755892936	27.1414117998497	27.2209419769921	27.2094603564744	27.2178952964147	27.2068550374081	27.2589864807292	27.2557491159429	27.2787026830803	27.2136376445223
A0A7I2V3K7;P25685;M0R080;M0QXK0	24.5896086325806	24.2032183417814	24.2596869532836	24.1711957373966	24.2654216126912	24.2898241560293	24.154604907226	24.445817099246	24.3181726135266	23.8140159857559	23.8163618318677	23.8577578036876	24.1127506490348	24.0460188883521	24.0451023889161	24.152826999002	24.0796078278747	24.161233392736
A0A7I2V3R8;P09651;A0A7I2V3W0;F8W6I7;A0A7I2V2L6;A0A7I2YQX9;F8VZ49;Q32P51;A0A2R8Y4L2;F8VTQ5	28.8098647653518	28.8029194099582	28.8396008466507	28.6876578166974	28.8334611972739	28.7554134438859	28.9841909579013	29.0272556844384	28.8863755689061	28.4711926908832	28.5231657134396	28.5293976671511	28.6453674694023	28.6834807866654	28.7218844808399	28.6956439707239	28.8507000513984	28.878708696363
Q13347;A0A7I2YQF8;A0A7I2V3U3;A0A7P0MRT9;A0A7I2YQU2;A0A7I2V685;A0A7I2YQI2;A0A7I2V613;A0A7I2V607;A0A7I2V3N2;A0A7I2V2M3;A0A7I2V640;A0A7I2V5V8;A0A7I2YQC8;A0A7I2YQI6;A0A7I2YQT9;Q5TFK1;A0A7I2V4S8;A0A7I2V3K6;A0A7I2V4C2	24.6537613302201	24.6822822540596	24.6483400257424	24.7968935600191	24.641520840024	24.8704659417868	24.5852018807104	24.6489433999105	24.7142392280012	24.5274898921176	24.6442193714161	24.6630233770225	24.6488885581397	24.6107108275102	24.7091986899216	24.3933590322272	24.4111225104975	24.6653567379494
A0A7I2V3Z0;Q01813;B1APP6	24.4983228488423	24.5990633595417	24.7751504924782	24.705723076009	24.6157140416987	24.7669368766891	24.8307441998047	24.6180690965074	25.0241565932212	24.4912439198414	24.7410859125324	24.578595201979	24.7040349110704	24.7316919221507	24.7379441874455	24.6617193931661	24.8052341446764	24.6552909400095
A0A7I2V4X8;O75306;A0A7I2YQD8;A0A7I2V4G5;A0A7I2V596;A0A7I2YQG7;A0A7I2V630;A0A7I2V410;A0A7I2V4W5;A0A7I2V2B9;A0A7I2V3J6;A0A7I2V5E2;A0A7I2V5G4	24.0886122794698	24.469672120798	24.4579504318861	24.6525583552072	24.490999198236	24.6455942309946	24.5516857343529	23.8436435407924	24.5173123182902	23.8042988480207	24.2970511530845	24.2772488001105	24.4151908996477	24.2066501342715	23.9701803360886	24.3045902936949	24.1575375289459	24.6156018002826
A0A7I2V4Y9;Q13561;A8K8J9;A0A7I2V4H4;H0YI98;F8W1I6;F8VW18;A0A7I2V390	24.9307568250392	24.8609335115076	24.5428590046885	24.6830858496025	24.6593801371338	24.7195755734446	24.93021540833	24.5552598816777	24.6370489041658	24.7934247075643	24.9157021638652	24.8839953300378	24.8709832306249	24.7372221694647	24.7842666043792	24.7306558753982	24.7455036398055	24.7396446586254
A0A7I2V4Z0;A0A7I2YQN2;O60506;A0A7I2V346;A0A7I2V5Q6;B7Z645;A0A7I2V309;A0A7I2YQV8;A0A7I2V2F2	25.7691334324813	25.6087103126073	25.4998743466056	25.6499575968175	25.773340461521	25.6647873119266	25.8820369834743	25.62625379016	25.6748680972124	25.6585087471241	25.6789559689769	25.5773278607819	25.5346310775479	25.5000871671167	25.5432131126978	25.5453948602582	25.5479556751666	25.6552090377278
A0A7I2V5Y7;A0A7I2V535;Q15233;A0A7I2V4J2;A0A7P0MRW0;A0A7I2V4N2;A0A7I2V464;A0A7I2V4K9;H7C367	25.6950598191552	25.7239294068249	25.7179819691558	26.1008722766412	26.0692974965651	26.1092671508689	25.9999599274858	26.1651115559371	26.0113093354747	25.7029259783147	25.7251523716092	25.6933325337395	25.6149562426228	25.7001234470701	25.7820679830823	25.7207500559177	25.7830177988021	25.6985081982941
A0A7I2V539;P30419;A0A7I2V3X4;A0A7I2V3U5	24.0532471259124	23.80203193135	24.1987297873464	23.6195250633687	23.907198755605	23.4754355958402	23.7959033101066	23.6872039417074	23.6945551342048	24.0592843807306	24.0812344079454	23.9832016899599	24.1517437202934	24.217340662574	24.2258217057687	24.3206534845212	24.1109203729438	24.0932144389719
A0A7I2V5L3;P40429;A0A7I2V2L9;M0QYS1;Q8J015	25.8698778883328	25.9177519322055	26.1090678395511	26.4765330021134	26.3092302781314	26.5158997528542	26.5841984661649	26.2668874574782	26.4633087094221	26.1588283071899	25.9708605266105	26.0997693217249	25.878673620892	26.0119704129966	25.9914862083975	26.1872770053929	26.2071157811357	26.090814266321
A0A7I2V5S2;A0A7I2YQC0;P06748;A0A7I2V4G8;A0A7I2V433;A0A7I2V2X9;A0A7I2V3U2;A0A7I2V3G5;A0A7I2V579;A0A7I2V5J8;E5RI98	28.8060274407903	28.7530236884266	28.7757721665099	28.7353122378294	28.8414916464423	28.5872781648427	28.6502726749991	28.6497931808805	28.6578889230326	28.7540119340104	28.778876524708	28.7341172452827	28.7820054732774	28.9043760830109	28.7583077085601	28.9375018334515	28.9624563686246	28.8059352194651
P11940;A0A7I2YQ88;H0YAR2;A0A7I2V649;E7ERJ7;A0A7I2YQ90;E7EQV3;A0A087WTT1;A0A7I2V4N4;A0A7I2YQE4	25.7319767046202	25.7472720726722	25.8228176170061	25.9964729715225	25.935710366582	26.0637546634472	25.982092033279	25.9156109954212	25.918025014743	26.1876545704729	26.1029755792123	26.1025952087673	26.1967053728	26.2892613178125	26.1560140814095	26.2288883991129	26.1527689868298	26.2677983907842
E7EX73;E9PGM1;E7EUU4;A0A7I2Y1C3;Q04637	24.0054744707992	24.0219986116458	23.9279573157718	23.8355708856079	23.6371041978454	23.8064638750914	23.5731145984117	23.6891252582636	23.6172845053148	23.6579638609746	23.510628004985	23.7578628148238	23.8754898958777	23.6888052164741	23.5453359374686	23.7452984638056	23.7441694739248	23.7550122415201
A0A7I2YQ74;E7EUC7;Q16851;A0A087WYS1	24.9394816509674	24.6416862013676	24.912416464876	25.0994081714451	25.0085551423222	24.9868510048254	25.1911047102136	25.1179898906627	25.1777866157298	25.0425998817129	24.9945105462582	25.2252333309478	25.2245711223237	24.9884988577068	25.0062024450416	24.9177519322055	24.852957291932	25.0456856831907
A0A7I2YQ95;H7C4F6;O00629;A0A7I2V340	25.425728133037	25.1197716557908	24.960712209928	24.6957236094334	24.5573650671459	24.7626350799292	24.4603274013604	24.4852976869887	24.6737365082378	25.1278215054096	24.9111823959543	25.0359471673387	24.8368231833216	24.8825034976387	24.9347210179911	24.9746943083676	24.9016859669297	24.8088220232008
G5E9W7;A0A7P0MKV3;P82650	24.3181726135266	24.2462650949805	24.4489702565988	24.1339079240213	23.7843664621429	24.1510468970653	24.3492860888847	24.3599789946815	24.2070971581464	24.3572964073692	24.4689267666465	24.4151264115695	24.0660359621289	24.0966765544687	24.4466375833564	24.1854066017332	24.3344271518845	24.0786309988304
A0A7P0S5H5;P60866;E5RJX2;G3XAN0	24.7437587130021	25.7185830430976	25.4476152434099	25.7676694336089	25.510628004985	25.6564370840106	25.7068298616719	25.536529438828	25.9075196856226	25.0939397556013	25.1275853851078	24.9254693249616	24.829099441172	24.6921621195261	25.3431642946445	25.2418359716198	25.1510081747935	25.3598784876249
P27824;A0A7P0TAE9;A0A7P0T937;A0A7P0TB65;A0A7P0T9L0;A0A7P0T840;A0A7P0T8G1;A0A7P0Z4D6;D6RGY2;A0A7P0Z484;A0A7P0TAR9	27.2928105577892	27.299813095701	27.2642765029648	27.1723599014861	27.3432490269759	27.417317390702	27.4031625028327	27.3570782278869	27.3158774575676	27.3870601899526	27.5099790023768	27.3217375255244	27.3616865442162	27.3537174552044	27.5430360695576	27.4370625763232	27.477459737357	27.5456157992884
A0A7P0T9R0;A0A7P0T9I6;P20591;F8W8T1;A0A7P0Z4E0;H9KVC7;H9KVC9	23.4788950015523	23.5090578231119	23.3995001153505	23.2481632733416	23.3666637209443	23.5220508282451	23.2830555616607	23.8684420311484	23.3349726458095	24.2046368109777	24.2581778203294	24.1791923255204	24.2129700907011	24.2976809217555	24.1725697327774	24.4287976981118	23.9907507685359	24.3395330783649
P43490;A0A7P0T9I9;A0A7P0T895;A0A7P0T931;A0A7P0T8L3;A0A7P0T862;A0A7P0T973;A0A7P0TAS5;A0A7P0T8D2;A0A0C4DFS8	25.2498130933058	25.3225113421267	25.2768229960716	25.3216859229905	25.1834769795658	25.2803675289363	25.2459025632432	24.9453434536242	25.0916013174969	25.7178512677632	25.6264487621234	25.6104573945923	25.8240810291033	25.6931729877022	25.6946879631517	25.6233818664956	25.4747860327607	25.503366711034
A0A7P0T9U7;Q15637	24.0975608790039	24.0658716647775	23.8767080322493	23.9207075766924	23.8471850729416	24.0410127123466	24.098364340286	24.05920184905	24.1832876619301	24.0809905378153	24.0867511026718	23.9358002737294	24.1517437202934	24.0734100441578	24.2437254576375	24.060769144197	24.1136251783344	23.662208525241
A0A7P0T9W1;P11182;A0A7P0Z494	22.4355278398545	22.1260339009622	22.3150931616439	22.2113964087651	21.9337670033813	22.2886701012667	21.946959088717	22.0587395843682	22.5702911836767	22.3638064486828	22.1163566538111	22.1357405942508	22.5487259733924	22.2101778535042	22.8075844760639	22.2562351840185	22.3928089800984	22.3726270393174
P07237;A0A7P0TA71;A0A7P0TA35;A0A7P0TB26;I3L4M2;A0A7P0T8X1;A0A7P0TA97;I3L3P5;A0A7P0T9K9;A0A7P0T8C0;H7BZ94;A0A7P0T8J3;A0A7P0T9U6;H0Y3Z3;I3L0S0;A0A7P0T9D6;I3L514	28.6685116212043	28.6983293505695	28.7958475883521	28.9508812949756	28.8620102423628	28.8839603828643	28.9845984259768	28.9345241916309	29.0493155514046	28.8047665721425	28.8328578621025	28.901616923593	28.8912228221423	28.8623945944299	28.872381333351	28.9663400255374	28.9388762161706	28.9280985501492
A0A7P0TA76;O95573;A0A7P0TB52;A0A7P0T8L6;A0A7P0TBB1;A0A7P0T905;H7BYZ7	23.6064811222322	23.5274302334784	23.7147108767955	23.5763477885871	23.6620998435549	23.4899586680496	23.550511952626	23.2006316469013	23.398587141014	23.3135440478815	23.2406719797935	23.2912302916581	23.5327896549091	23.3187932313393	23.0755986187689	23.3828456314224	23.2598305979336	23.1365856574843
A0A7P0TA85;P35613;A0A7P0TB04;I3L192;A0A087WUV8;A0A7P0T8A7	23.6331176262672	23.7484754174082	23.9858092850322	23.8074469052745	24.027661715718	23.9361598463005	23.5022743578612	24.003245443076	24.0405947458225	23.8236681122502	24.0494298115265	24.1142608668404	23.7884546907954	23.9398403072877	23.6122304908168	23.861454228966	24.0404275253018	24.1284903031445
A0A7P0TAG1;A0A7P0TAX2;A0A7P0TBE2;P10515;A0A7P0Z4G4;A0A7P0T997;A0A7P0TBK2;A0A7P0TA47;H0YDD4;E9PEJ4	24.9720226906738	24.8444100144674	24.757354196789	24.8852994191357	24.8443142275245	24.7048264843519	24.8604126060367	25.1371956732313	24.921615788898	24.7329859351901	24.6976866405908	24.706987904619	24.9903179816597	24.87928147504	24.9448968264642	24.9343610865875	24.8721581977389	24.8477585571313
A0A7P0TAL9;A0A7P0TBA9;P19525;A0A7P0Z4M0	23.5742701411574	23.5227692422566	23.5434491364269	23.6895518702401	23.4580130339143	23.3071641132504	23.1592942448352	23.0104003925698	23.1129255973095	23.8446973371439	23.8440268285314	23.9547351922637	23.548043898107	23.7974873838764	23.8746459677805	23.5918354988963	23.6587266439741	23.6348907959984
P08195;A0A7P0Z4P5;J3KPF3;A0A7P0TAN7;A0A7P0Z4A0;F5GZS6;F5H056;A0A7P0T9F7;A0A7P0TBF8;A0A7P0TAS6;A0A7P0T8U7;F5GZI0;A0A7P0T8F1	23.7074619296079	23.9015939084132	23.7772593290948	23.4578878271413	23.8719232808575	23.8207500387617	24.1393052766891	23.9232491314673	23.6686062964391	23.6710926771782	23.8339316236132	23.5900085797243	23.4377134723038	23.8197760345113	23.6806737188936	23.7253604326192	23.7519517926828	23.6895518702401
A0A7P0TAQ9;Q8IXB1;A0A7P0Z431;A0A7P0TB97	23.9366091860247	23.3733176163334	23.2807922882624	23.2004819850817	23.1914888053038	23.1719134315632	23.038955148355	23.4867712032025	23.0466850678922	22.8498784686801	22.8643289909484	22.8306281606845	23.2288333662741	23.3301925660419	23.5194135785785	23.5811840283876	23.5756555718409	23.5152079930882
P55072;A0A7P0TAW3;A0A7I2V540;C9JUP7;A0A7P0T8A3;A0A7P0T8Q5;A0A7P0TAQ1;A0A7P0Z4C6	26.2517643905903	26.2547044156329	26.2075068083886	26.1237035418571	26.1781286712212	26.1637880088093	26.0826155605608	26.0094310761649	26.0096019280936	26.3607995403292	26.3134229532877	26.212506329859	26.2787204043207	26.3155320052964	26.2682268663406	26.2713829496692	26.3037371379425	26.2872368035395
A0A7P0Z497;P23284;A0A7P0TB45	28.7371834797307	28.7210044011455	28.7479442772497	29.1142608668404	29.012013052759	29.2160919562785	29.4203727566967	29.3634422072764	29.5158170599039	28.8585464581398	29.0715547110877	28.9222965730431	28.9214171663271	28.9072159500945	28.8522489344238	28.6521206609293	28.7354090857495	28.876134230749
E7EX90;A0A804CDA6;A0A7P0Z4C3;Q14203	24.0790380913134	24.2836208256667	24.4817920424062	23.9530482967346	24.0500944182598	24.1720355567228	23.9175243239317	24.0012707359542	24.1232891245882	24.3371525612922	24.0858601251598	24.2788798856895	24.2178583274583	24.3601129931993	24.2367365594805	24.3010350529749	24.4162223170577	24.2644196913963
P42704;A0A804HKI2;A0A804HK30;A0A804HIG4;A0A804HIN4;A0A804HLG8;A0A804HL40;A0A804HKJ0;A0A804HKR3;A0A804HI14;A0A804HJZ1;A0A804HI40;A0A804HIQ7;A0A804HHY9;A0A804HJH8;B8ZZ38;C9JCA9;A0A804HK02;A0A804HJI0;A0A804HIV5	25.4346310270742	25.2947396464434	25.4283824099646	25.2729850938029	25.2651354204584	25.0934562517011	25.2117083123212	25.262126969355	25.2006017157794	25.0698915733807	25.0270710869828	25.0500944182598	25.1278215054096	25.0540756420099	24.9493123558272	24.9824184914989	25.010306478506	24.815433723834
A0A804HJ17;O14773;A0A2R8YD45;A0A2R8Y7U1;A0A2R8YGD1	25.6384858515365	25.6227118583373	25.7456062168642	25.8148228006655	25.67484116493	25.7501635280998	25.8170209144084	25.832531956167	25.6915233113355	25.9735342953011	26.01122401308	25.8551931806925	26.0548002034932	26.1522661169317	25.992199659328	26.0152074485749	26.1264632856273	26.0168869911754
A0A804HKE7;E7EVA0;P27816	24.3887688436878	24.4231010311285	24.2776744785127	24.1006918508009	23.9072904571808	23.9999814257541	23.705248479248	23.4317332488163	23.5452180846694	24.0590367715236	24.0505926724664	24.1166422072009	24.0088115682566	24.0578806996529	24.0258046391699	23.5934321576026	23.7416002973351	23.8387476750908
A0A804HKL7;A0A804HKH9;O00170;E9PMH2;A0A804HKK3;A0A804HIX8;A0A804HJ38;V9GYQ3;A0A804HKP8	23.7547064886227	23.9493123558272	24.4381578179364	24.6485594637291	24.5684251623796	24.5463372977495	24.4484031966344	24.1075721263331	24.7484754174082	24.4231010311285	24.3003369184145	24.4396802505176	24.7198888622712	24.6986406637973	24.8014893144339	24.590351303337	24.5858895332692	24.6482851610301
A2A274;Q99798;A0A7I2V3U0;A0A7I2V586;A0A7I2V5T4;A0A7I2V3F1;A0A7I2V614;A0A7I2V5A1	24.7926306545462	24.8581373603962	24.8916168522956	24.7070932569661	24.7278029044999	24.7436560044953	24.6799761296393	24.849573087922	24.6983757206271	24.9367439606561	25.0130360291656	24.9193896526057	24.9954166127062	25.000969999952	24.9781469359445	24.9452094799936	24.8958285630557	24.8941638613911
A2A2D0;P16949	26.8461330928181	26.9366316493376	26.9690606147233	26.9204804342782	27.0758189255147	27.0387333250171	27.0733691809766	27.1972304938461	27.1485083902841	26.6757296648946	26.2596689966967	26.4564785016808	26.1067138841778	26.9048354303175	26.764205456891	26.9167274120719	27.0699939756975	26.7922831188739
A2ACR1;P28065;A0A0G2JJA7;A2ACR0;A0A0G2JJQ0	25.0163982121475	25.1709666108907	25.1153726481786	25.2774971277754	25.2148236447255	24.9882387955086	25.4500092880019	25.3498934683987	25.5080907072447	25.3788171379259	25.3522867526986	25.1952039728925	25.4729285251018	25.436697310937	25.4802826087006	25.7605555008719	25.5941443815489	25.5902656300663
A6NDG6	23.243289641994	22.4822722655721	23.0515056918249	23.0407786660116	23.1045840376477	22.8843680472241	23.0585744539365	23.3165853762308	22.9743529674134	23.2155940223547	22.9642689410989	23.0305775630602	23.1245675149915	23.1599870969036	23.1809835695013	23.1974104913561	23.3420453612218	23.0510077528965
P51610;A6NEM2	22.8905782349716	23.0900025485454	23.0699734958156	23.1018141340476	23.2205471946839	22.8640266540384	22.6428872581848	22.9724434701557	23.1225942151974	22.7774800765577	22.7262131691871	22.6141418666718	23.1204441947951	22.9759626886826	23.0283532877047	22.8583460740297	22.9168321741879	22.9811993370488
A6NFX8;Q9UKK9;A6NJU6	24.7740949170828	24.6653025165817	24.8995671334375	24.7287372252758	25.1563806271377	24.8675939689857	24.5710322862279	24.3412310460313	24.5853165122341	24.9258314813012	24.9741253619017	25.3723547017374	25.0105625933728	24.8263378378661	25.0485986223344	24.9314783980662	24.7216107357952	25.0712017744387
A6NMH6;Q92599	24.8174845328071	24.7851650755267	25.0179277511491	25.0211090919283	24.9547795576262	25.1956920992692	24.8632043551298	24.8103429478717	25.0136324305965	24.6466382487042	24.6660614303503	24.7915381175452	25.008341419222	24.8354263197436	24.7537888409457	24.7633444941044	24.7842166729053	25.0393819576886
E9PJK1;E9PRJ8;H0YDL9;H0YDJ9;E9PIF1;A6NMH8;P60033	26.2284297279657	26.5168766743333	26.7810675010444	25.8317591441811	25.4916109244328	26.2681733138549	26.3225629151458	26.2378854997502	26.5232629444505	25.9042152768949	26.0221256411316	25.8347997002142	26.2520893503696	26.2278240586798	26.2251413757023	26.2908613136954	26.3222706436578	26.3710753558154
A6NNK5;Q12888	23.7628378052919	23.550511952626	23.5808391198214	23.0020781167932	23.1289150254197	22.8296027429035	22.5473379634783	22.962010594481	22.603722319608	23.2782418544087	23.5629057134517	23.4672483105225	23.3767655517059	23.2844683066236	23.2195726900188	23.1219779928316	23.0678091823093	23.1338138781483
H7BY10;K7EJV9;K7ERT8;A8MUS3;P62750;K7EMA7	24.757506801028	24.5275495482898	24.6091331877848	24.999422366636	24.8494776431772	24.909718427498	24.9853315786282	25.0692770067938	24.8923582642941	24.6562188410571	24.5940589332379	24.5589419427651	24.6236609447517	24.4207261182832	24.4337081910014	24.6447694724832	24.689658503526	24.5676130953522
B0QY89;Q9Y262;B0QY90	23.4961906217612	23.3566249804288	23.4148039279325	23.5735769265813	23.7041932604759	23.4889786594931	23.5374184365192	23.5991201283867	23.651299626074	23.5701058485394	23.5881793441473	23.6737904135582	23.4573868913582	23.3719892900809	23.5111107942611	23.4552559716698	23.4373324956612	22.8266772670009
B0YIW6;P48444;Q6P1Q5	24.7050902456267	24.7098822945901	25.036031040081	24.7321579005634	24.0226759730249	24.4197622009353	24.6799761296393	24.2572428034444	24.7850652730265	24.6213150078177	24.6282301422427	24.7375832236231	24.9857224410869	24.9022381947033	25.1982052118382	24.9777976785341	24.8188013722388	24.7993168036089
B1AK88	24.7269199344907	24.4688025035077	24.7876080825903	25.330739663144	25.1689410781094	25.0489727167332	25.340891612333	25.1363353199788	25.0836302710648	24.7820679830823	24.6892852525385	24.7384081511224	24.7450419527652	24.6633491889121	24.690298137782	24.699805836067	24.5970750413584	24.3910657635184
B1AKR6;Q9NP97	24.9627872999349	24.7503168948058	24.6722263409481	24.4988097728788	24.612005456494	24.9167046366922	24.5273109087986	24.9064649330862	24.550277081638	24.9945968628217	24.993690281232	24.9144709035023	25.2481125911108	25.1595021353957	25.2710979376834	25.1254979756947	25.1539481093974	25.1498460230947
B1ALA9;P60891;A0A2R8Y7H4	25.1324573684157	24.9673684067474	24.7572015764061	24.511653739149	24.8835292981053	24.9871113172865	24.7780117386042	25.1374693144316	25.1516663121088	25.2322048355935	25.2604050335537	25.1210373513157	25.1278608550364	25.0605630184032	25.0918837439897	25.2152311072213	25.1428144417845	25.1523241493278
B4DG22;B1AXG1;B7ZB17;P51812;A0A2R8Y603	23.4946046391456	23.5318383228332	23.3579675219745	23.4501037083064	23.5618575394101	23.5689469641965	23.328550028816	23.5652322661908	23.5026385674919	23.4655056243251	23.5514510543945	23.3661300811968	23.899751503411	23.5679031717664	23.601842409325	23.7848656473114	23.7966955644049	23.7599970546452
B3KS98;O15372;A0A087WZK9	23.9893653932851	23.9052716748326	23.7505213583891	24.0350662090275	23.742525728062	23.8680651761757	23.9646391137559	24.0911977551454	23.7663808956199	23.6186292576641	24.1489544057042	24.0568063742112	23.9769241649201	23.5149673032243	23.896152032101	23.8768016924591	23.8861371400772	23.8685362295122
B4DDF4;B4DUT8;Q99439;H3BVI6;A0A087X271;A0A087X1X5	24.9713211186992	25.0441019068782	25.000669201247	25.2608715941392	25.1206023937142	25.2943189743189	24.9480648892204	24.9750443177803	24.8254646532149	24.5336809593553	24.6302315692101	24.5280863428623	24.8354263197436	24.5466905531482	24.8536712500012	24.8483795745258	24.9227048893832	24.7099348661503
B4DIH5;P61201	24.5063966929116	24.0252132495159	24.5020922185607	24.3066775264676	24.2413268407488	24.2860207299037	24.6454842904313	24.3743130590286	24.2453948657146	24.1252614747722	23.9894520182238	24.0845631748166	23.8329664810558	24.0269866917071	24.0499282952772	24.3194824937101	24.4681810272162	24.1028554730635
O75390;B4DJV2;A0A0C4DGI3	26.1743425422867	25.9856138788034	25.8776443608393	26.2735009614596	26.0967167628003	26.1969304480818	26.2256562496023	26.1064942518249	26.4019915500698	25.532967959856	25.6870971268374	25.7944414497046	25.7727869432481	25.8519571566817	25.7850153691872	25.7540183075911	25.8705835237197	25.7359577678598
B4DKY1;P49589	23.6062551892522	23.166652245895	23.7335549334388	23.993690281232	23.3698614209033	23.7626350799292	23.7413945654216	23.8027222396639	23.8154825865134	23.8649523607964	23.9293125953838	23.9261482935399	24.2508974731636	24.2674233702545	23.9415427082415	24.4101521530584	24.1335160257653	24.3979999237041
B4DLN1;P52815;Q9UBX3	24.3368802519216	24.6055206626132	24.5491021527996	24.7448367110903	24.8275012625783	24.5986091283472	24.8563335760151	24.6552909400095	24.6369936083669	24.5858895332692	24.5849152620464	24.6402524396464	24.5430360695576	24.5391356136057	24.5656390274577	24.3567592908176	24.1964802623986	24.163384948988
H0Y630;B4DR80;Q9Y6E0;Q5JV98	23.6337828203346	23.1682601664026	23.516410840449	23.8143094252039	23.5123170610879	23.7807672210889	23.5940019648855	23.8192887856834	23.4446802734316	23.464508857697	23.31796568158	23.4656301717453	23.8258042878256	23.3778247992137	23.5086952306312	23.6337828203346	23.7795654758791	23.8063655352228
B4DY09;Q12905	26.4765639028811	26.4792034740547	26.5641857817308	26.3086576044884	26.4966935020784	26.4189584442202	26.503381876784	26.3351601117202	26.4432421691426	26.2321682315101	26.351107460838	26.3708592503662	26.2847153948223	26.2760775364667	26.3453826405383	26.2565411428858	26.3039809482153	26.29360004222
Q99613;B5ME19	24.8464200725706	24.7514410860893	24.7503680134183	25.0109893504726	24.918207041055	25.0387123965264	25.0969177876506	25.2732341563915	25.0033741344851	24.9145165244817	24.7734410783946	24.456823130616	24.7776105023657	24.7421144988022	24.9144709035023	24.8347514874369	25.0082986708023	24.9734686062839
E7EW69;E7EX04;B5ME97;Q9P0V9	23.4157067005258	23.2756869038456	23.2472652101346	23.661991153681	23.661991153681	23.1937461205736	23.1884282701138	23.4872620410199	23.4753118920852	23.5015456626487	23.3800731212249	23.2171187493209	23.392835177813	23.2281728084131	23.3367440779595	23.320171426936	23.2833382213483	23.3766330910676
B7Z3Q4;O00116;A0A7P0T984;A0A1B0GWA2;A0A7P0TAL3;A0A2R8YEL0;A0A7P0TAU9	24.7004409881663	24.5221107097452	24.7270238413683	24.358638324535	24.4110578403027	24.4702308838117	24.1715775340592	24.4960077127224	24.2041890239872	24.4113165036904	24.5864050576773	24.6634034837408	24.5615662447535	24.4624508489901	24.4988097728788	24.6240515636369	24.6891252582636	24.5745588822853
B7Z7P8;P62495;I3L492	25.338071226137	25.4343765105602	25.0248329423986	24.7189487916205	24.9185255318486	25.0441436074849	25.7084095125917	25.4982010921505	24.9812864536842	24.8756305025773	24.8789074412587	24.8970758299433	25.0374561311728	25.0410127123466	25.2404172313465	25.1727604620173	25.1403589227442	24.849668526353
B8ZZQ6;P06454;B8ZZA1;B8ZZW7;H7C2N1	24.2868668026721	24.4089868619591	24.344553276839	23.9824184914989	24.2420541155744	24.3323114126276	24.6930134240189	24.8248336910177	24.6220415388731	24.1756183789347	24.325602464692	24.4330714082223	24.2808630693266	24.6832465150118	24.5340967130597	24.5019707795842	24.7762555056192	24.6748142321447
Q96RP9;C9IZ01;F8WAU4	22.6866697882558	22.6636423567151	22.9127636421225	23.0853090637195	23.000789528255	22.9969513122592	22.8872533451935	22.9990524084284	22.9605619812037	22.5024928946728	22.2256452185165	22.6160282712155	22.3876913131624	22.3185725978139	22.8182552736106	22.6397116517988	22.312962701111	22.2272915938641
C9J0K6;P30626;B4DHQ6	23.7417031522912	24.0411798650569	23.9177064134234	24.3416382610806	24.2957907904177	24.2803675289363	24.1801793028267	24.1342213659955	24.1954292825118	24.1111592363304	23.9606680266329	24.1386805305319	24.0666929644928	24.0974805082599	24.2185236237767	24.1533683334827	24.1008522304399	24.1111592363304
C9JD73;C9J177;H7C003;Q15435;B5MBZ8	24.5256393261757	24.4569484298206	24.5161102226152	24.3081367947499	24.0137601988329	24.0035885946602	23.8190938400658	23.7027146563514	23.8105881082102	24.7501635280998	24.7264002878184	24.5438620850624	24.4848676277803	24.6195250633687	24.5764054583267	24.3721886170033	24.5307673238672	24.3138207973626
C9JAZ1;O75431;C9JNK6	23.4531218998693	23.2669946559605	23.141489760188	23.2894020479537	22.9889495211621	22.8983127923734	23.0058342216291	23.399891213272	23.526714137315	23.2674233702545	23.2153125859126	23.0598949684708	23.1092791086724	23.136648235074	23.3262198952332	23.0434178448935	22.7494578311839	23.0149351359919
C9JFR7;P99999	27.3293715311867	27.105495501324	26.9850057790015	27.4135294123842	27.4439534987852	27.4314144564074	27.4798510517004	27.358671856477	27.4951080724964	27.5863477862837	27.5074103155131	27.6071728219632	27.7538525853416	27.6802310571295	27.8999473706947	27.7546172984869	27.8118255319016	27.8326768123387
C9JJT5;C9JU26;G3V325;P56134	25.3477665204308	25.1797997760729	25.2427446872372	25.0032883414879	25.1267192798889	24.9879353303487	25.0200494242879	25.1242756367373	25.0929725857053	24.0091533986198	24.0635695350849	23.9540251608543	24.3550122797028	24.4730834087849	24.3113974374748	24.6202524961595	24.6116678391811	24.5256990589173
P35998;C9JX88	23.3832412697194	23.5409689593306	23.3326528708292	23.1464083265019	23.2528328718088	23.409116385238	23.3248474683404	23.2209604221218	23.2043532286885	23.2340192336852	23.3025697608658	23.2204143464386	23.4859118349869	23.3758380717377	23.5486319132124	23.2246299976225	23.2638468523811	23.2667087756384
D3DQV9;P78344;H0Y3P2;E9PKF8	24.434790077097	24.2514032383014	24.2056065395906	23.9628755354654	24.3214106783	24.0763491556645	24.2680662029194	24.324366810318	24.2338144965222	24.0364084070924	23.8996593213694	24.086103173602	24.1245517392982	23.9158844834712	23.9951577946387	24.0003253544859	24.071610968372	23.946548656773
D3YTB1;F8W727;P62910	25.2153792468739	24.7848656473114	25.1241572908908	25.668416939756	25.614506988602	25.6718215632861	25.7917368221858	25.8760990926298	25.8738250085682	25.1208792000874	25.3161710269749	25.2509336051255	24.8227933097732	24.9682916753297	24.8542421621736	25.0820063915103	24.9865038484642	24.871030247687
D6R956;P09936;D6RE83;D6R974	23.8398050523211	23.9147902200668	23.7825679640406	24.381988042722	24.5950839790984	24.3219611151784	24.0066732915337	23.9436902420364	24.2896131174292	24.79178649407	24.5718424314729	24.7150252236844	24.6563279666607	24.6215944861396	24.6335611230555	24.3768980001835	24.8004034679612	24.8065130425121
D6R9P3;D6RD18;D6RBZ0;Q99729	26.9305538175831	26.9805457945502	26.8464918085899	26.7254644518731	26.73634494728	26.8358117965278	26.8517427517511	26.6585359860302	26.667632197196	26.7969925476373	26.608371923198	26.8390601626672	26.6908575852192	26.875021107883	26.7018690588236	26.9526040488355	26.951715142436	26.6646517011693
D6RAN4;P32969;A0A2R8Y5Y7;H0Y9V9	25.9394368126575	25.7012345352651	25.3452980334292	25.4585137523717	25.711117220075	25.7148942541377	25.4855740859415	25.5067901235584	25.1542958631418	25.8333284851831	25.8549792561776	25.7721325113743	25.5590878626229	25.7054066955163	25.7761801906945	25.6834874795822	25.444459119903	25.3931298693261
D6RG13;D6RAT0;P61247;D6RB09;E9PFI5;D6RAS7;D6R9B6;H0Y8L7;H0Y9Y4	26.6497931808805	26.6434764020967	26.7020012161123	26.9599167035135	27.0518582946128	26.925356132459	27.0675343117515	27.2109470005587	27.187446921907	26.6585359860302	26.6615291303422	26.7004145290776	26.6612572827739	26.6156859821633	26.815433723834	26.7778111344337	26.8282037106271	26.5823331284411
D6RBW1;P06730;H0Y8J7	22.6336498060554	22.5148950884342	22.4495244998023	22.7048264843519	22.4853222579289	22.597347887185	22.6322080314121	22.073753249192	22.332461664193	22.4345355886432	22.2770784935755	22.7041088096225	22.4056671005756	22.5434491364269	22.435680433333	22.7902657593625	22.3620411931289	22.6726256102981
D6RCD7;P38646;A0A7I2V2G2;A0A7I2YQB2;A0A7I2V3F7;A0A7I2V2S7;H0Y8K0	28.6882916677621	28.7389234913818	28.6154755182507	28.7066520426594	28.6862222825161	28.8003602639821	28.8087299803463	28.9108222602521	28.9041176358647	28.62665763142	28.6541712061755	28.6460888598777	28.6299954341313	28.757640316497	28.6752249024983	28.7569090088692	28.7173479568226	28.7163996865698
D6RD69;Q9Y6B6;D6R9R5;Q9H029;D6RDB2	25.9380910149472	25.6277571776408	25.7023711921286	25.2484745679897	25.5515683991455	25.7418059999149	25.9305087009354	25.8128171548563	25.861714517233	25.7524623185527	25.6707145912066	25.8126947691418	25.6070740280178	25.6168920496518	25.7071459302548	25.8700425674626	25.7003351488998	25.6816658608688
Q9H173;D6REA1	23.3379691811484	22.9073638142449	22.77657680513	23.0836383858719	23.4119629593363	22.7883949465103	23.0085380456393	23.5434491364269	23.3566249804288	22.5907167854735	22.8475674210631	22.8062868585014	23.136757739325	23.0124138049368	23.0858601251598	22.8103723693121	23.0602249083343	23.4196979168742
D6RGI3;D6RER5;Q9NVA2;D6RDU5	24.9769241649201	24.9308019339281	25.24427004212	25.3827796811565	25.1671424686928	25.3916885826953	25.447772868487	25.5412644421869	25.5164709564996	25.0728378542703	25.062581782408	25.0821688617423	25.1668360989654	25.1120347305481	24.9975716261636	24.8332078272332	24.8864162723293	24.8346068394371
D6REX3;O94979;H7BXG7;D6RHZ5;H0YAB3	24.180027504106	24.3863366883555	24.2331562159274	24.4200193085396	24.3143741371109	24.3849544496906	24.3735167598275	24.7471439981867	24.3795444194175	24.5982115587017	24.6493272339442	24.6077795506793	24.6829787293885	24.5370036391004	24.6239399690328	24.8397570065283	24.5212122261632	24.6396454189459
D6RFH4;H3BUX2;O43169	25.1658399477888	25.611330142841	25.3202403021677	25.5029723455681	25.3537006316553	25.6751643191413	25.1154520283564	25.1202859785269	25.0409291287284	25.2453223229092	25.7038237514899	25.2590763039114	25.1849906269607	25.4605773810086	25.2979257575713	24.8620220701073	25.2457937859552	25.2250494145954
D6RFM5;P31040;A0A087X1I3;A0A494C1T6	25.2569909645568	25.2153422133868	25.249415283052	25.2484021798793	24.7934743213698	24.9996374150125	25.1091674986519	24.8762864860434	25.2570629230107	25.1920083006547	25.2028074718528	25.2225089717279	25.086913039482	25.1402809012721	25.1452269107917	25.083224472502	25.1880131657976	25.149962280401
D9J307;Q2L6G2;D5H3J5;A0A140TA13;A0A140T9G0;A0A140T953;A0A140T9H3;A0A140T9A9	25.9012256155933	25.7895246901849	25.8772464954383	25.8906663610039	25.563749522404	25.8275497182533	25.6706875812739	25.4601086336311	25.707435598972	26.3082062469122	26.3229066881666	26.4933834650073	26.3721720074783	26.3400766454757	26.3999075067182	26.6884584243988	26.4916720827889	26.3686797638178
E2QRB3;P32322;J3KQ22;J3QKT4;J3QLK9;J3QL23;J3QL32;J3QL24	25.3079284182	25.5868058937864	25.5239658045221	25.525430242102	25.5233377330769	25.5386917119886	25.8506940909447	25.6651940677324	25.8949039659524	25.5220807693058	25.5724786551667	25.6440543001857	25.7636484219958	25.8476629922625	25.6128491542748	25.9077030421558	25.5931756708839	25.8528620708218
E5RIW3;E5RJD8;E5RHG6;O75347	25.2976109610329	25.2040397307661	25.7778362114805	25.8739423170614	25.4016498430798	25.7590573618619	25.9942083976106	25.5399638646976	25.8462048431082	25.4236140121698	25.7271796876541	25.5539718655667	25.8617381774743	25.6711466813722	25.7733153062061	25.3861064071915	25.5664812397185	25.7383050609768
Q15369;E5RHG8;R4GMY8	23.4229086162029	24.2140825088616	24.3209288736971	24.7302930831887	24.7115636350568	24.6861888809987	24.6214268056434	24.3715240868023	24.4578252196797	23.9358002737294	24.3068165680099	23.7793650876517	24.2750474585928	23.9315685693242	24.3814600423351	24.1435930984533	23.9728115515561	23.9850275012657
O94905;E5RHW4	23.9858092850322	23.9619929372237	24.1596176172086	24.2324976348316	24.0171631843496	24.0154626949485	24.2656362196148	24.2451046726047	24.1305341149102	23.7047209663382	23.7108282896966	23.9791942011584	23.6568734708986	23.7951106205038	23.6849591669902	23.7979820504476	23.6313422745085	24.0477669539878
Q9P015;E5RIZ4;E5RHF4	23.0326975407602	22.6667224441222	22.8429150134277	22.8310149214613	23.1245675149915	23.074210728937	23.3533977742195	23.0145265707186	23.6522848118453	22.699837600314	23.0414806911403	22.7635673808184	22.6975063653487	22.9617986931283	22.8551931806925	22.673143416743	22.8986818294381	22.8718856906064
E5RJR5;P63208;E5RGM3;E7ERH2;F8W8N3	23.440884371292	22.9499000733191	22.6787625940614	23.292494643009	22.5676246995287	23.7403654655557	23.0450857198996	22.9034339635582	23.1351143021957	23.4120922157124	23.0791683366508	23.2665658142311	23.3156183761193	23.0304596951304	23.31686154297	23.160418036986	22.8052046182623	22.792273188053
Q7L5N1;E7EM64	24.4941773457668	24.2754027409452	24.4310318125078	24.1844988657296	24.3693955308669	24.1363353199788	24.0154626949485	23.9443160043715	24.4733311880969	24.2067991576205	24.4618890640022	24.1957296406123	24.430330034996	24.5938310463298	24.4859118349869	24.5136427907205	24.5900657059807	24.4396168478922
E7EPB3;P50914	26.475203642598	26.3802052664085	26.6031450174548	26.9477082719794	26.3515624447649	26.7196016834454	26.568628107735	26.6522574546563	26.6856543515221	26.2061284312935	26.122637656842	26.3500621395598	26.4541579466218	26.5833378407422	26.4006893758107	26.3903770714658	26.5899228860983	26.3616196195495
E7ES33;E7EPK1;Q16181;G3V1Q4	26.4374912481555	26.5312285458916	26.4544403757475	26.245975076879	26.3875697119347	26.4794193655689	26.4715648312196	26.3348874259785	26.5044885461457	26.2541998066669	26.3729358477839	26.3000401088954	26.570091368229	26.6651940677324	26.4843452406204	26.604983656548	26.542667159887	26.6393418127912
E7EQR4;P15311	24.5176727517633	24.186238191635	24.3239546902311	24.0739820071979	24.3550795115709	24.2359335819786	24.3535996862406	23.8587065082927	24.0785495665474	24.2472796994615	24.1957296406123	24.0786309988304	24.0340587403826	24.0364922530251	24.0747170552122	24.1194154787637	23.9703558998297	23.7858634997795
E7ET15;O15042	22.7096299244312	22.5853852867767	22.8713029164346	22.5906482646252	22.7255892650787	22.331778576406	22.3008116866698	22.537394737022	22.4909135358661	22.1836208443557	22.3988219610304	21.8880713470942	22.4519153808436	22.3157565586817	22.04270006539	21.9082621356983	22.3853495101762	22.1849830626727
E9PF06;H0Y9G6;E7ETU7;P09001	23.2881349822105	23.2105048840034	23.0770993023093	23.2810753916858	22.770036332232	23.0117657245926	23.0987016606372	23.0200155020682	23.0030738366715	22.9501493356987	22.8814582963266	22.9102950423996	23.1006597727336	23.1357719017178	22.6365511656613	22.927776515591	22.9891748001095	22.9991728703539
E7ETZ4;Q9Y6E2;B5MCE7;Q75MG1;B5MCH7;E9PFD4	23.8482362865442	23.9999814257541	23.922795610656	23.5022743578612	23.7432450973319	23.9697413332429	24.2560191739802	24.070055413599	24.0515886649402	23.5249223403045	23.7092512863977	23.3516466853035	23.7041932604759	23.6291200081404	23.5319572736549	23.5173723967894	23.4643842134323	23.9220696806874
E9PAM4;Q9BTU6	24.1019743889815	24.601955726298	24.1968554268893	23.7122986058006	24.1019743889815	23.6209795623504	24.114896275369	23.8695720057829	23.791438754961	24.3021513660519	23.9634048353518	24.1017339999048	23.7752509831995	23.8358599738847	23.9395713234068	23.822696076746	23.8268711906575	23.5627892872691
E9PCR7;Q02218;A0A0D9SFS3;E9PDF2;E9PFG7	25.2859502014375	25.3280021005752	25.0366180127881	25.0583762724662	25.043058999781	25.0011848177789	24.7506746870624	24.732106132616	24.9937766468844	24.8449846026095	24.7406742726007	24.7877575201432	24.9514038957583	25.0632403593283	24.7863621673179	24.9567302841396	24.8726748802706	24.8032643931455
E9PDF6;O43795	23.9331906889739	23.8240567431478	23.823570938166	23.7338652015587	23.1383368047925	23.1663457720355	23.2156532651368	23.7900469597474	23.5114727802223	23.9778850008137	23.8001565706524	23.8147005849815	23.5982115587017	23.5126787445497	23.434790077097	23.4187976391284	23.178858118663	23.6234376864658
E9PEB5;Q96AE4	24.2577463493739	24.5933181691349	24.5612166135116	24.8932844938077	24.949535004259	24.7958537797644	25.0255934564072	24.7641548262416	24.7981304173512	24.2959308851004	24.3957793876663	24.6539799452208	24.340891612333	24.4142232756711	24.5934321576026	24.412221460509	24.2520532473419	24.4727736247891
E9PGZ1;E7EX44;Q05682;C9J813	24.3013142122329	24.6689308500847	24.5514510543945	24.7615195809491	24.8489048420682	25.0103918551803	25.0102637882742	24.9949420774414	24.9370134721534	24.3824498845975	24.5062150733431	24.5828499250144	24.3724543434011	24.3798748807518	24.5560204419472	24.582103381639	24.3609167230479	24.5282652300114
E9PHN6;F6XZQ7;P28161;E9PGV1;E9PHN7;E9PLF1	24.9395264878839	24.8033136697245	24.6913635650817	24.8045942703706	24.5836534630115	24.569932075222	24.5791708983318	24.8302122771772	24.8899008763153	25.1611564920648	25.2367000701972	24.9664885536733	24.9972701179959	24.8572832173348	24.706724490088	24.9090316805636	24.9218427526428	24.7643573381792
E9PHV6;P23497;C9JBL0	24.2145272360664	24.7235909568593	24.4672483105225	24.3052863735313	24.4074316749157	24.3673304931708	24.4363796136727	24.5597589039394	24.6918427507879	24.16721905096	24.353128514226	24.5760017217304	24.4065237076764	24.5098431276652	24.4602648996799	24.6335611230555	24.6672532031313	24.9069236158996
P07858;E9PHZ5;A0A7I2V668;A0A7I2V440;A0A7P0NGZ6;A0A7I2YQK9;E9PR21;E9PQM1;A0A7I2V4Z9;E9PSG5	26.8014399755019	26.7404684085819	26.7353122378294	27.3333014188468	27.1393638327732	27.4717353634647	27.310166890396	27.0966765544687	27.1915001006703	26.8193375179721	26.8045204204543	26.8515044866736	26.7745474011125	26.942236532226	26.8025496935488	26.9766183101622	26.9404453377184	26.9888022043666
E9PKG1;Q99873;E9PIX6;E9PQ98	26.0104985689185	25.7066191108073	25.6616922142989	25.8122540945853	25.9722637772662	25.8648579281313	25.814211618686	25.6863224824287	25.7382535131415	25.5598464080613	25.6695256755378	25.6594890238874	25.6065375999491	25.6245536325617	25.4366020091033	25.7310703833858	25.5023047121758	25.6324798606872
E9PKZ0;P62917;G3V1A1;E9PKU4	26.2870430053961	25.9813300100293	26.2403808350388	26.029705954649	26.0251921239726	26.0926097297679	26.2682447167275	26.3800235636603	26.3358756666678	26.084441525924	25.7432964671281	25.8689835877666	26.1051157947707	25.8298978670516	25.9108622797699	26.1364917860102	26.1491870546752	25.9711018074723
P55786;E9PLK3;A0A7I2V3W8;A0A7I2V389	25.0169932255769	24.4461327252817	24.6682816697644	24.6446594690488	24.8983220194506	24.9053634989768	24.6881649198259	24.8950889327837	24.980327881244	24.8410536816411	24.9576161068063	24.8757710955747	25.0031596424253	25.086710615629	25.1034559038427	25.0577154708786	25.2746565469244	25.1305341149102
E9PNF7;P42785;B7Z7Q6;A0A7P0Z451;A0A7P0TB23	23.9502917520107	23.7978831307012	23.8561435727169	24.1069334830996	24.2376120255246	24.1614640701581	24.2922137717844	24.3283445801117	24.1851040865212	24.1667594963667	24.1254979756947	24.0856170357649	24.0752885004191	24.1490319595298	24.3745783944546	24.1129096937975	24.060109437965	23.8001565706524
E9PNM1;P37268;A0A1W2PQ47;E9PJG4	25.2118568141269	25.2668517228806	25.1132277307326	25.1254585615665	24.979761152558	25.1072927547045	25.0077428260484	24.8863232342459	24.860744113097	24.183514840112	23.9378665932245	24.3348362916635	24.0457689916961	23.8729566291321	23.4434160821126	24.1198112255886	24.0712017744387	23.8243481476345
F5GYN4;J3KR44;Q96FW1;F5H6Q1;F5GYJ8;F5H3F0	25.7924320729849	25.7369900154959	25.896267539186	25.9215930905595	25.1534843073067	25.5525361293323	26.0705058782828	25.7467084598707	25.9190940905882	25.9267138566978	25.8338351384072	25.8331595612275	25.8697602488731	25.9786924814382	25.7087778490681	25.9471954802088	25.8679709470492	26.0045961306698
V9GYY3;F5H2F4;P11586;V9GZ78;A0A494C1T2	24.4006730911925	24.5566636799227	24.5005734961424	24.4757448088299	24.7506746870624	24.3018723687505	24.5738658064687	24.4844374403355	24.6030884067683	23.9884121755161	24.3718563901646	24.5340373270082	24.201574159522	24.578249673866	24.2835501797767	24.2950200263959	24.2201486132429	24.4787715940811
P55209;F8VY35;H0YIV4;F5H4R6;F8W0J6;F8VUX1;F8VXI6;F8VV59;B7Z9C2;F8W020;F8W118;F8W543;H0YHC3;H0YH88	26.5823331284411	26.4378721828837	26.4131419946945	26.2989745835572	26.3021164943397	26.3442823609111	26.2056811071079	26.1538128491892	25.954846103112	26.3925895555614	26.4652253533109	26.4075613378863	26.5520963324442	26.3760037368973	26.5329085273222	26.4381578179364	26.585345168692	26.424431198887
Q9BQE3;F5H5D3;A0A1W2PQM2;F8VVB9	27.6318695601186	27.7194711287156	27.3356031161533	27.6426504316309	27.5645637664671	27.6270056797295	27.3882104679663	27.6408592050475	27.5044582377448	27.2221404201763	27.3384113239795	27.2854211280103	27.4676991988842	27.4573242621537	27.4477413448493	27.6478050057762	27.7097771457223	27.5175075642659
F5H6E2;O00159	25.0833868056244	25.041514112389	24.9120966224295	24.7733907708349	24.789450064811	24.86060204797	24.9125535185066	25.0770829989203	24.8530049001305	24.8392764605773	24.7297227967578	24.697209392305	24.6453743414894	24.6783650197627	24.7112485329389	24.7305004041937	24.5735769265813	24.5549087185828
F6WQW2;P43487;C9JXG8;C9JJ34;C9JGV6	26.6222650133019	26.3854811729681	26.2742833051335	25.8243481476345	26.0846037221681	26.0374142368153	25.6488611364726	26.3283445801117	25.6469952392846	26.4661438162303	26.3203091741114	26.1103429564342	26.4941162935233	26.2966836610323	26.6010205949816	26.1234667465659	26.6537613302201	26.1615601748658
F8VPD4;P27708	23.7436560044953	23.5245637137026	23.5684831496801	23.7004939048879	23.6940236960874	23.6154895501335	23.5738080351186	24.0615933529951	23.6540345937953	23.5472202741165	23.4420241909859	23.6870971268374	23.5257587891858	23.6908309497838	23.5070019263982	23.7192099838075	22.683075137939	23.4941162935233
F8VV56;F8W022;F8VWK8;P08962	24.7373253370163	24.8895295859698	24.6656278142247	24.979891955862	25.1175143814162	25.3268370616455	24.9563758027247	25.3452641891962	25.316136492498	24.7706715542461	24.8363898186547	24.786062987479	24.8878575959081	24.8866953505855	24.8332560916241	24.5114124555358	24.6502589773785	24.8796086750701
F8VVA7;P61923;F8VXB1;F8W156;F8W651;F8VYZ4;F8VUC5;F8VXR1	23.955976906995	23.683139406727	23.6850661402628	23.7605047419646	23.5023957712879	23.6078359775901	23.3954525497952	23.4877527118998	23.6243305123879	23.8003540918795	23.8502410243926	23.8347032730484	24.0067588834794	23.9298543509444	23.9920483507318	23.9880653946621	23.7631418399334	23.8395167535609
F8VVM2	25.0525010543948	24.9714526894346	24.9125078354097	25.1004913511771	24.8257072575238	25.0967971761017	25.428733815408	25.5495722391644	25.1022547922889	24.3416382610806	24.4058099037509	24.2333756761678	24.2872896530608	24.4594521313313	23.9916159529941	24.4695479218447	24.4011289910354	24.2834795304273
F8VYE8;P36873;F8VR82;F8W0W8;A0A087WYY5	26.5872066185588	26.6827108940511	26.5685411346499	26.6354721427688	26.6769403745901	26.630620413341	26.4514406658386	26.4994486113769	26.5297997664492	26.2867434479595	26.2855445958322	26.2749053211502	26.3189655778066	26.2710801225647	26.3273854324568	26.4022681107479	26.5228141312562	26.3156356496634
F8W1A4;P54819;F8VY04;A0A5K1VW67;F8VZG5;A0A5F9ZHP2;G3V213	23.8711712896802	24.1742472853396	24.4307128650476	23.8535760760037	24.0605217897102	23.9558882485196	23.7256724678839	23.5414417028561	23.2950200263959	24.5674970484537	24.7954574757985	24.7777609790324	24.0377493576161	24.1832876619301	24.0783866881909	24.2753316914738	24.1530590243662	23.9743879804591
F8W726;Q14157	23.7389234913818	23.8110783039408	23.6642719232198	24.1266011343356	23.8060704753914	24.228906742926	24.1659165992268	24.0164832290921	23.6960421203168	23.8403814770637	23.808429266092	23.8788606802169	23.6860285429497	23.7762555056192	23.597757059197	23.8874392954471	23.971057941226	23.8367268913115
F8W7C6;H7C123;H7C2C5	25.495367348406	25.7286593883179	25.6811028369934	25.5517443983781	25.6073845004964	25.4673727075945	25.82544039054	25.9148130256887	26.0208760318191	25.5139439230852	25.2518366102004	25.5018189664871	25.4898668205219	25.5052763411639	25.3547769434882	25.406653452273	25.4431631108616	25.6391209681776
F8W914;H7C106	26.190935223983	26.0870142407588	26.1102832104996	26.1541026769659	26.196405217792	26.1232496500676	26.3587724476272	26.4241588547425	26.2930737672722	26.0556071435815	26.1112189459982	26.0621288363209	26.2875538716312	26.157151998081	26.3322601869262	26.1416066927971	26.2358970723801	26.1754470634787
F8W930;Q9Y6M1	23.0135728015469	23.2462940935843	22.8090379940431	23.1399297524226	22.9638634048936	23.1931746013263	23.1376960063996	23.3812619923601	23.3263570661428	23.0603568631549	23.1315078371202	23.0629111084474	23.3642607861113	23.2388513603842	23.2207833391412	23.493749925796	23.1096935845986	23.4178967992359
F8WA11;Q7Z460;H0Y5T1	22.2679376592989	22.517828911641	22.0495295220566	22.1874922295977	22.1369923633069	22.119462974115	22.6670907466207	22.0171971737016	22.6679136712074	22.5134982248563	22.400777309573	22.5275972714515	22.52169148704	22.5136909761229	22.4115234010148	22.4756829715336	22.5553652139405	22.038318884385
F8WAE5;Q9BY44	23.7378926267142	23.2659938268944	24.0119704129966	23.3028486233468	23.9016859669297	24.1748568211462	23.8075451714626	23.5620905327958	24.2007513651796	23.5950270512088	23.6235493199275	23.5770396733614	23.3827137278757	23.0030566749084	23.3677304086386	23.1528734070602	23.2903867747518	23.4835766804304
F8WCF6;P59998;F8WDD7;A0A0A6YYG9;H7C0A3	25.1914059699137	24.9734686062839	25.0096232831621	25.2305567317158	25.2171187493209	25.3095945884916	25.481360936758	25.5204031122384	25.254542239141	25.0640631579367	25.1272311321801	25.0448106533183	25.4714097844117	25.1713484681865	25.1914436229533	25.2075812777553	25.1755422412435	25.1724171312287
G3V394;F8WE88;Q9Y4I1;E7ERV5	22.4937987802022	22.8358599738847	22.5289567183633	22.2503192386705	22.2988837154765	22.027425493239	22.5138114325884	22.4739256848771	22.3601933863364	22.0138624052756	22.178888504304	22.3644211063427	22.2002424938725	22.4167119821323	22.4242677985698	22.4713725706983	22.5625796964604	22.0789729642349
F8WJN3;Q16630	25.7504958020258	25.6237446577025	25.661963979933	25.2267405613127	25.0354438284619	25.2161567305871	24.7590827670134	24.9453881087365	25.3970859992132	25.7572270142578	25.5016367696811	25.7107494804588	25.5005127139789	25.48222301927	25.2867963155564	25.1810518356487	24.9492232868325	25.2641333003203
G3V0E4;O75439	23.943064208162	24.0734917670479	23.9735999813275	23.8839021356939	24.1775205164895	23.8508132953406	24.390475476175	24.2686373693705	24.1715011828094	24.070055413599	23.7859632470773	23.8025250424191	24.0510077528965	23.9396609902729	23.8436435407924	23.5927480916624	24.0624994391506	23.9585456356052
G3V0I5;P49821;B4DE93	23.7937223648071	23.516651289623	23.9332807532771	23.4980184378436	23.4970438907891	23.2860207299037	23.2647060256318	23.2744077297932	23.4909380113479	23.5037306450383	23.6968911390501	23.5439210680768	23.7247361595498	23.6321192597388	23.4965563702841	23.6645974532969	23.66329489204	23.5940019648855
G3V192;P02794;G3V1D1	25.2254172238573	25.2938981794957	25.2085118206486	25.5882079437972	25.0162281632269	25.3012444274823	25.197155488255	25.5781056793913	25.5868917727511	25.2298236363262	25.2041143793078	25.4039263624057	25.395746707211	25.2143419497246	25.1532136872138	25.2518727186498	25.3278650859931	25.3140629096173
G3V198;Q12769;E9PR16	23.2216095404839	23.1164359798668	23.5949131886903	22.9710930343298	22.8892974809705	23.162678362957	23.30924762833	23.3122980178277	23.2624137589476	22.7090198475585	22.7066612634433	23.041296860432	23.2182279744	23.25609118092	22.6869903040584	23.4548796000756	22.8890374790315	23.4397436503568
G3V1C3;Q9BZZ5;H0YER7	23.5491021527996	23.8604126060367	23.840093293481	23.7521560247104	23.670012168559	23.6779888351007	23.5866913805474	23.365195736409	23.4696100226578	23.6438341758275	23.7239033750309	23.7752509831995	23.3527245299864	23.5949131886903	23.6836748686494	23.5842845004771	23.5323140672863	23.373981321107
G3V1R5;O43847;H0Y5G9;F5H7V1	23.4955808347615	23.2214177859093	23.140397931898	23.1769729579552	23.690298137782	23.3163091566166	23.5376554100809	23.6411900604649	23.6673073512365	23.2017984765622	23.3489485452972	23.36626350964	23.4326254929837	23.8032151148834	23.3502982460607	23.6562188410571	23.3622552785725	23.8347997002142
G3V203;H0YHA7;J3QQ67;Q07020;F8VYV2;A0A075B7A0;F8VUA6	23.6193011640835	23.5954824114402	23.5456894381134	23.8424930662172	23.8698543612082	23.971057941226	24.3463129914062	24.041514112389	24.2218455111317	23.1884886389748	23.6107671398911	23.6347800367153	23.6310091526965	23.8000577998968	23.3314232428966	23.7536868440535	23.7068298616719	23.9421694025507
G3V576;G3V2Q1;P07910;G3V555;G3V575	28.5782712717977	28.4999427566223	28.3332161002365	28.4916338591202	28.5398233913021	28.497698737151	28.788803149824	28.7593558441414	28.5881721941462	28.5484481842358	28.4080717725824	28.5393057396852	28.7509174241399	28.7542349925821	28.7915070674728	28.7455100510853	28.8671756436592	28.6404110506925
G3V5Z7;P60900;G3V295;G3V3I1;G3V3U4	25.9952440724871	26.3474117240399	26.2646702369601	26.3823014515462	26.4252159032994	26.2632021364952	26.4522579588644	26.7293597698031	26.63075926085	26.4095210705519	26.3666303742423	26.3131288240936	26.4044786896698	26.3873560633342	26.0947854977111	26.3526571882803	26.4492694484112	26.4469057173672
G5E9Q6;C9J0J7;C9JQ45;C9J2N0	25.2115969259348	25.1425418126338	25.147674165315	25.150117275571	25.2424903045545	25.1429312670797	25.147014203899	25.2521254524939	24.8996593213694	25.4513935001886	25.5840550642423	25.6361362523569	25.5321654139965	25.4534045318696	25.6004535535904	25.3550122797028	25.1584238591492	25.2890853858292
G5EA31;P53992	22.2426938142889	22.4083649883013	22.6470007307574	22.4400732846158	22.557867518316	22.179739042526	22.2463810858987	22.9179613001075	22.8905596814367	22.5304101474575	22.5755632511753	22.5274540972301	22.7113955891585	22.8208863468971	22.7659359564444	22.9263654960156	22.5962789461677	22.3320518503335
P31943;G8JLB6;E9PCY7;D6RBM0;D6RIU0;D6RFM3;D6RIT2;D6RAM1;D6RJ04;D6RIH9;D6RDU3;D6R9T0	27.6224046672433	27.5590294964508	27.560415055522	27.8446973371439	27.8671461795568	27.7173152682221	27.6821080826787	27.7409186979752	27.6797614189136	27.5767946687836	27.6389967282246	27.5971176769204	27.559613051941	27.6798956168618	27.6611213397781	27.657377878746	27.6245675764269	27.6427881262185
H0Y4Y4;Q96C19;A0A087X1Z2;Q9BUP0	23.4658792343339	23.4337718538234	23.2729850938029	23.2539294078155	23.5178529347373	23.7285815471603	23.673143416743	23.6745448766351	23.2024413255105	23.4328803185678	23.3504331467145	23.3471920444451	23.3085534575805	23.5192935889713	23.3555500469407	23.8083310601057	23.4178967992359	23.4181542394652
H0Y5B4;H7BZ11;J3KQN4;P83881;Q969Q0	21.3899505734802	21.1132436307391	21.3742732545054	21.2804808103184	21.6456601913114	21.5728833787556	21.9086286368284	21.9840888011951	21.783247660194	20.7861228284104	21.1773076017535	21.1678468722591	20.9131290016202	21.0956468394473	20.8325222985717	21.0031253207362	20.9548239216245	21.5812300099669
H0YA96;H0Y8G5;Q14103;D6RAF8;D6RF44	26.0335337383605	25.993690281232	26.015994313229	25.9826796048972	26.0782645173548	26.2218455111317	26.0446439207717	25.8697837775324	26.1208594299648	25.9004657145941	25.9281380932974	25.8747397619515	25.9510258630685	25.8646454320322	25.9098786214226	25.9564644312443	26.1471112759845	26.1766458446838
H0Y938;H0YAC7;P35606;A0A7I2V258	24.7299301997255	24.2927052605487	24.1895597661125	24.3477327340573	24.4996006740955	24.3873231915104	24.2235404154738	24.1223414378621	24.4615768666798	24.6749758213148	24.5765207908906	24.6218739103316	24.5845139002296	24.4911215642277	24.6042767649464	24.5193535850223	24.5371814240263	24.508936969077
H0YD13;P16070;H0Y2P0;H0YE40;H0YDW7;H0YCV9;H0Y5E4	29.1295960896736	28.9540473546261	29.2659089031914	29.334559282623	29.4340026080063	29.411894287176	29.5853093480307	29.6412383038744	29.6038878268777	29.0722449896932	28.5581172181889	28.8938283764732	28.6565939257435	29.1696388703756	28.8706187964309	29.0379482987661	29.4389073409967	29.0407462726794
H0YDT6;O00303	25.3392272318406	25.3331649066483	25.574241263866	25.4218819696263	25.5078790642008	25.3748105229282	25.3371185254316	25.4298832715035	25.4122537698991	24.999121245046	25.1634233404896	25.0845631748166	25.6018707394027	25.5452475487718	25.3354497838586	25.3800070440938	25.393588158733	25.3946024246417
H0YFD6;P40939;A0A2R8Y4F5;A0A2R8YG21	25.4861881163144	25.3690959506629	25.3233362892802	25.2789153235996	25.0532885630196	25.1547980261663	24.971233398209	25.1509694514824	25.260153746113	24.8446973371439	24.9174332705667	24.917660893205	24.9086652818211	24.982157330833	24.8026729428796	24.8188501209942	24.7909915386257	24.8918949264474
H0YG54;H0YGR4;Q9Y3B8;H0YF66;F5H784;F5GYG5	23.8491912710505	24.0851307340611	23.494970789913	23.3587724476272	23.1254349125728	23.1433284023363	22.6219856648566	22.5627194270493	22.4592895227006	23.9500247098922	23.8379781864182	23.6634034837408	23.6940236960874	23.4655056243251	23.8651412075852	23.3538015700072	23.2899648312808	23.0236914191629
H0YMF4;H0YKD8;P46779;H0YLP6	24.9475745177842	24.7310703833858	25.0756149389409	25.0345625626475	25.2142307664962	25.1998158016532	25.6680922704658	25.6068764198288	25.4955808347615	24.6066505487507	24.5677291329169	24.79124000926	24.665790435545	24.6240515636369	24.719941070462	25.1761892835763	25.2166378201407	24.8514329994764
H0YN18;P25789;H0YMZ1;H0YL69;H0YKT8;H0YMA1;H0YKS0;H0YLC2;H0YMI6	25.6359425853041	25.788653820546	25.6258637671674	25.3897208684839	25.4081122755384	25.4369831786709	25.4378404421644	25.5430065602552	25.3961061515102	25.6681734446384	25.701974785623	25.6901649040296	25.9085965716962	25.8697602488731	25.8531477153002	25.717877408989	25.6859216410163	25.6635934995515
H0YN26;P39687	26.1377624438474	26.0673086325945	26.5500568553543	26.4783858776815	25.9602482178287	26.4187333120727	26.5171470895159	26.8127437246734	26.9676322580679	26.4002496265865	26.1141814210934	26.2907910214781	26.5075312974976	26.4785556056024	26.3648785890375	26.6380991218623	26.4417868028007	26.4614051293511
H3BNC9;P08708;H0YN88;A0A075B716	25.2484021798793	25.2313993311465	25.1794581166092	25.2650996424372	25.0591193126479	25.1914059699137	24.9631843173316	25.3180691512634	24.9895819458802	25.0089824935623	25.2019106220044	24.9663565294188	24.8781122973492	25.1710811786923	24.8751148776689	25.0262269119787	24.6899783561026	24.7197322263619
P06865;H3BP20;H3BS10;A0A804HIQ5;A0A804HLJ5;A0A804HKX5;A0A804HIC8	25.2265200893484	25.1253797300797	25.113585438501	25.0554002788902	24.8837157289437	25.0977617862778	24.6946613983407	24.6228793895505	25.2938280350912	25.3349726458095	25.2283563270478	25.255875149318	25.4668128362825	25.3561212050785	25.4382212847134	25.4573242621537	25.4290532006434	25.2319119769189
P15170;H3BR35	25.0249174637556	25.1899367343258	25.0884100939126	25.0264802163496	24.9964083187164	25.0325882530054	25.0980831797332	25.3274539641549	25.0827779622091	24.5649416521977	24.7907927313024	24.9233851599147	24.7612659381206	24.9054094088573	24.7097771457223	25.0387961086676	24.9784088235271	25.158963098011
H3BT71;P38159;H0Y6E7;H3BR27;Q96E39	25.6418239880103	25.5195035642352	25.3057038602828	25.9348784597474	25.6926410401128	25.8936548191748	25.8266287820136	25.8157757278414	25.8679709470492	25.8990599944868	25.8390841973698	25.7271796876541	25.7852399228713	25.8922424437823	25.864314820321	26.2363898740207	26.0642893453113	25.918184289022
H3BVG0;Q8N1F7;H3BM93;H3BNN5;H3BV11;H3BRI8	23.4519908178506	23.2395070480797	23.6039939112957	23.3223738050618	23.1945729186982	23.3182415842469	23.1545740057965	23.5057912054134	23.6212032013279	23.3471920444451	23.4440483162438	23.1760751207201	23.662208525241	23.4402507487947	23.4441747298291	23.6617737493646	23.3103576072583	23.1278923339651
H7C1N3;O15155;A0A3B3IU16;C9JTT8;Q68DU7	23.1787517638795	22.9345950522141	23.2405991991129	23.5963927009512	22.9912872440177	23.5793435624504	23.3216859229905	23.0012020018233	23.6540345937953	23.0950189962769	23.3538015700072	22.9469055607369	22.9070520209587	23.5623234885594	23.4561337904014	23.3299189396701	23.3512422858501	22.9799791514766
H7C4T5	23.3524551442997	23.5417961588689	23.6634034837408	23.5419142915233	23.8206526679223	23.6645974532969	23.2738388437287	23.7169098680294	23.3470568403739	24.0344786044876	23.7498056090363	23.8990138821048	23.6987996063481	23.7950115036722	23.6158262743831	23.4681188648601	23.5838255915139	23.5786527819531
I3L0N3;P46459	25.3579339736577	25.0364084070924	25.3524214675518	24.9851143870522	25.088126986521	25.1414117998497	25.33824128508	25.1698968724501	25.252630787398	24.8502887223094	24.8768485202839	24.9406021560495	25.1450713893081	24.8535284866503	25.1022147380101	25.0494298115265	24.9266912384278	25.0953892958146
I3L1P8;Q02978	24.4826538674264	24.5388988830738	24.5826202605031	24.6038241724825	24.56267285169	24.5515683991455	24.8290510375203	24.7305004041937	24.756692725159	23.8841817006673	23.875021107883	23.9726362864109	24.277816343407	24.0237760074213	23.7260884099485	24.0775720204631	24.2985901025565	23.9865906453864
I3L1R7;Q99447;I3L2Q1	24.4305214627202	24.3567592908176	24.2921435454334	24.2157125054863	23.8801694168175	24.1658399477888	24.1395394867668	24.3316965841329	24.1429702067426	24.4338991710402	24.4112518421911	24.5606337064165	24.3533304639323	24.6630233770225	24.6495465218366	24.5947423780611	24.427519506267	24.608118079044
I3L397;I3L504;P63241;Q6IS14	27.8346068394371	28.187446921907	27.9383154017648	28.134867625077	28.0712733917557	28.0585311040661	27.6153351919165	27.5863477862837	27.3631079599442	28.1007419713533	28.186077580937	28.0864879165814	27.9599719611898	27.8490599981592	27.7908548615339	27.6452643841675	27.6909241716564	27.7483602469899
I3L4N8;P63261;A0A804GS07;A0A6Q8PFE4;I3L3I0;I3L1U9	32.2285994532864	32.1987356409077	32.281651379865	32.356810703204	32.3167029693128	32.3249053939854	32.3344740383705	32.3872297081676	32.3782383566312	32.1703613987374	32.1960404923227	32.198706372864	32.0829022886158	32.1904878730296	32.1412351553719	32.1974765785553	32.1750996113414	32.1235839157604
J3KN66;A0A0A0MSK5;Q5JTV8;H0Y4R4	24.1217093006887	24.1694381701917	24.2019480018814	24.635887247085	24.8100487004628	24.8423012312271	24.7251523716092	24.5213919676499	24.5324924310178	24.4946656707272	24.2490897203259	24.5149673032243	24.1466258502287	24.6890719228955	24.4090516250521	24.1772923923556	24.0730013602535	24.1774444791195
J3KPP4;O95232	23.1981152654532	22.8697978945439	23.3792799958389	23.2423158447876	22.9286983597139	22.9504519535589	23.3428592170393	22.7751705911824	23.0296680466833	22.8643478849017	22.7960816052598	23.2368533189858	23.2000927916756	23.2761130432789	22.6630125153589	23.0022841841938	23.0148159830721	22.9288067732484
Q9NTK5;J3KQ32;C9JTK6	24.6377675567539	24.6210913861726	24.6576913407069	24.2664228386558	24.533086817579	24.5403778119997	24.3689294903319	24.4805599700474	24.1872958859938	24.381988042722	24.5261768318375	24.2761840542818	24.4759303048175	24.1444491356686	24.2834795304273	24.3386493447747	24.3579004245607	24.2778872706232
J3KQE5;P62826;F5H018;B5MDF5;B4DV51	26.9786924814382	26.8090674421077	26.7876828033016	26.9536034143069	26.8384591649327	27.1204046423547	26.9329204623241	26.8144561225491	27.0417647470784	26.681773078604	26.738537003446	26.8254161274571	26.6555366189605	26.7198627574673	26.6554001358195	27.1029955959317	27.0724494532764	26.9519374203874
J3KRZ4;J3KS22;Q7Z4W1;J3QS45;J3KSZ5;J3QL34;J3QS36	23.410669758245	23.2330391568141	23.6457041631805	23.5074859304423	23.5280267088832	23.62466517971	23.7096719891902	23.7258804539062	23.4497259900058	23.5996876940106	23.4434160821126	23.5299337746478	23.3528592039693	23.5153283229637	23.5569559660399	23.6182931870703	23.6371041978454	23.4767956375443
J3KT73;J3QL01;P63173;J3KSP2	25.4210793933415	25.1821512341117	25.6242468334257	25.5590003124793	25.458482462559	25.4746932141561	25.5909794185811	25.8015386516786	25.7594383921683	25.0297691323784	25.0054744707992	24.8138692436472	24.6842636473115	25.0789159756295	24.9935175344149	24.8079872864998	25.2062029718418	25.2209604221218
J3KTA4;P17844;A0A0G2JLI4;A0A7I2V507;A0A7I2V2S0;A0A7I2V5F5	24.475559288989	24.6530506025959	24.4968610899052	24.837400800455	24.7798159220287	24.8211881262313	24.9648153530721	24.7039293351434	24.7897485431488	24.4103462767663	24.3788832695774	24.2760420287805	24.3764343773039	24.1264435918795	24.2191147408311	24.1529816867243	24.2407447568027	24.3280021005752
J3KTL2;Q07955	24.9142427769636	24.8099506046552	24.950380755067	24.9463701716755	25.0693999410566	24.9856355919136	25.1477129771747	25.2565231471014	25.3436387316161	25.1628089538349	25.0885718446251	25.0065448940931	25.050841735055	25.0541584674565	25.0705058782828	25.0981635169111	25.0400512082487	25.0721836449672
J3QQV2;J3KTM6;O15427	24.6376017456199	24.2282462186683	24.4782161297904	24.5547916452207	24.1337511774935	24.4589517385091	24.6601965875381	25.0179702152042	24.8211394564146	24.0166532479528	24.1846501947318	24.1863137669534	24.4250237702504	24.2308865031464	24.0919240861186	24.1586935037741	24.483146107817	24.7625337065644
J3QLE5;P63162;P14678;J3KRY3;S4R3P3	24.977273633835	25.1214326535543	25.0816001358642	25.670066213214	25.5342748565483	25.3101148723303	25.8117887920329	25.5534153211046	25.5472202741165	24.9256504144953	24.9601819210596	24.5793435624504	24.9549126455285	25.1932874191121	25.3173102012005	24.9481985979624	25.0776535079404	24.9620812213495
J3QRS3;P19105;O14950	27.8116418232011	27.6074550531062	27.6123148696392	27.7225360457687	27.5555231979167	27.6258916294496	27.7468237622215	27.6458827851185	27.655877770335	27.6681734446384	27.5939877224459	27.5022591804645	27.7659132001845	27.6743832391871	27.6759987993121	27.8334611972739	27.6759987993121	27.5991059363848
J3QSV6;O76021;I3L3U9;I3L3C4	24.3947332457372	24.4623260267854	24.0739820071979	24.3324480056064	24.4600148658767	24.292494643009	24.1915942252856	24.2230984584477	24.3235424523845	24.0134194583871	23.9472623764293	24.0543241040859	24.1757706422637	24.0245370786483	23.9195260454246	23.9987770291086	24.180255196198	24.1857090535249
O43684;J3QT28	24.1467035293264	24.3065384715238	24.427519506267	24.0774090316993	24.2043383017607	24.1875979420098	24.2514032383014	23.9589880579586	23.7237992431574	24.0329665215067	23.9770115400853	23.9928263402271	24.323748586032	24.1737899644225	24.0125672550184	24.2693510095913	24.151279208873	24.1057352645089
K7EJE8;K7EKE6;P36776	24.6469128646831	24.9179339929738	24.8129395301896	24.5335621505732	24.4026259341215	24.3398728318085	24.2210342002824	24.3169305763954	24.5120758883958	24.719941070462	24.6615563122819	24.5611583333993	24.7285815471603	24.6385963266909	24.5909223284942	24.6217062623108	24.4905708355137	24.4340901258009
K7EQ02;K7EQ55;K7EK33;Q96EP5	24.7753514669217	24.8032151148834	24.9125992001569	25.2968761685439	24.8797021471646	25.0111600179724	25.0451857311096	25.0511322537415	24.7104079240057	24.7706715542461	24.9384051467208	24.822355709535	24.8347997002142	24.8535284866503	24.8466113606962	24.8889724712246	24.770721956714	24.7637497170663
K7EK56;Q9UFG5;K7ER12;K7EQW1;A0A087WUU5;K7ELZ1;E7EP72	22.834838269276	22.5689005894543	22.5126305253268	21.9569517908021	22.4204434359383	22.1973954924213	22.0075803078938	22.1553309003453	22.1266956515522	22.4394393057159	22.6492833723657	22.5440862076894	22.6690173853939	22.4349173044917	22.7244031034262	22.4824938531309	22.4955564379198	22.07008817941
K7EL50;P27797;A0A7P0T861;K7EJB9	29.4703007139744	29.4910412627163	29.4168746301363	29.2562441837349	29.4009051296508	29.2342988723264	29.3371993592894	29.4130854875881	29.3562807529731	29.9319911719853	29.9807364416963	29.9810087510669	29.7477202438559	29.8435746579828	29.7958630668331	29.7292463051435	29.7088732065804	29.707590284577
K7ELC2;P62841;K7EM56;A0A0B4J2B4;K7EJ78;S4R417;K7EQJ5;S4R456	23.201574159522	23.1739119308423	22.9229407528275	23.1831967806399	23.2229658449346	23.1141019709714	23.1355840467241	23.0439184098877	22.918543729199	23.4473314748654	23.7343821668565	23.4102815717659	23.8808233401807	23.736035212057	23.8977221366506	23.526236542329	23.6486691702073	23.7459139042874
K7ELL7;P14314;K7EPW7;A0A7I2V2T6	27.8400812845824	27.7422687235114	27.779252357041	27.9095925483632	27.8782994294645	27.9098214113486	27.9489894545552	28.0599753982675	28.0393610386053	28.0554830283262	28.0187661849021	28.0172269137278	28.0059776686679	27.9006384545166	27.876719740108	27.7248142084579	27.7646483992962	27.7902955931028
K7ELV2;Q96EE3;K7ENI5;K7EP88	24.0587065597939	23.3617200053854	24.368196836617	23.5855457479605	24.3300557593431	23.6233260443655	23.6305648705956	23.8745521675113	23.8144072250914	23.9303959031433	23.7489871747265	23.4322431701934	23.7387173773674	23.8300671733259	23.976399802772	23.8130374229829	24.1520533115051	23.9099472705169
K7EM18;P41567;O60739	24.9009032822335	25.2703495132189	25.4382212847134	25.3554492308514	25.5259081040389	25.2295669649073	25.2245711223237	25.2093673903345	25.0585001390754	25.6703093891103	25.6308425629416	25.3621549299764	25.1906150289898	25.3603139676429	25.2472434758713	25.2037784304487	24.9001201726881	25.0979224919552
K7ES61;X6RAY8;Q9BYD3;K7ELQ0;K7EKI4;K7ELF1	24.8006009553905	24.1753899538057	24.9060978818081	24.850050216954	24.7411373592665	24.5270722298269	24.579746365049	24.4331350991497	24.6200287097487	24.5098431276652	24.4602648996799	24.6405834342274	24.5183333126793	24.4458802299775	24.5533274260339	24.5810690680273	24.6346692689283	24.2534245276561
O14579;M0QXB4	25.980327881244	26.1509694514824	25.8978144425491	25.8606967596091	25.9744755093559	25.9869811669271	25.7503935720454	26.1552421016493	26.0271554773219	26.3732678261644	26.185576738668	26.0549450721327	26.3444347573804	26.4740433166633	26.3183967563129	26.1847069390155	26.292108430976	25.9612864696619
O95571;M0QXB5	24.0117145479537	24.3581687954941	24.24698988527	24.3522530720197	24.0899055964913	24.270064296979	24.3782879755557	24.2340338566566	24.3749099951274	24.3242981318117	24.4252799419633	24.5060334309077	24.6235493199275	24.6130178346391	24.6149281683447	24.1202859785269	23.5591754074538	24.2534966642115
M0R0N4;M0QYZ2;P53680;M0QZ21;X6R390	24.551216336255	24.8976759814865	24.7180081080135	24.9139233391952	24.6429533423782	24.8736607606513	24.4487812613747	24.7093564735977	24.872627916777	24.8572832173348	24.9904478313552	24.8699955182007	25.1472859892806	25.3323114126276	25.2231721273547	25.3256367733218	24.9818090430551	25.1053756047874
M0QZR4;Q92888;M0QYC1;M0QYS3	24.2835501797767	24.28142919286	24.5520963324442	23.9532259575982	24.0071867670549	24.1136251783344	23.9533147798264	24.7513900054852	23.9187074950248	24.0376655847136	23.846802623462	23.9410053249323	24.144682512236	23.9648153530721	24.3104269525942	24.0689901194361	24.244596694164	24.1335160257653
M0R0F0;P46782;M0R0R2;M0QZN2	25.9727896445773	26.1302787967252	26.3665803527441	25.8336662737683	25.3722550531914	25.6976071101726	25.8786268522709	25.7343046338702	25.7507002402571	25.6354167865014	25.7652429938224	25.7830177988021	25.8483079323139	25.8706305538097	25.668660393784	25.9697413332429	25.8579238720349	25.7474257470483
M0R117;Q02543;M0R3D6;M0R1A7;M0R0P7	24.9690386507129	24.9141058837234	24.8125968530944	25.0159305293776	25.0927710103405	25.1174351146355	25.2710979376834	25.1082902622052	25.2102967822631	24.6770748351933	24.8640550008154	24.6258916294496	24.5620322879769	24.8412936788205	24.8125968530944	24.8673583076642	24.9075655269406	24.7924320729849
M0R2H7;W4VSQ9;Q15642;M0R0F9	22.4758561092845	22.39055419511	22.5417725311772	22.1199378416486	22.2392302385119	21.8022686456976	22.1027113324851	22.0154626949485	21.9130924698339	22.5642555709824	22.272558029305	22.5040459802649	22.3319698735902	22.5214518765028	22.3312865528552	22.4256000926517	22.2534389552557	21.872299129509
O00148	24.8630625320734	24.7950610629392	24.7231222027128	24.9514928302326	24.7011816457026	24.7743965888705	25.0134194583871	24.8653772313143	24.9805022145221	24.606368160165	24.8749742207044	24.5960514096889	24.697315461124	24.6784187524222	24.5937740689778	24.7005997325088	24.6425678085697	24.7531767513986
O00151	23.7049319946485	23.6561097071987	23.3697283248157	23.6881649198259	23.5840550642423	23.8188988681024	23.6484497489079	23.0701864723782	23.3100801925779	23.9678081321435	24.0520034589515	24.0460188883521	23.8955050214687	24.1574604310145	23.7708227563675	23.7747484595813	23.7471439981867	23.7559291116119
O00154;K7EKP8	25.5462784134394	25.2584294521411	25.5038519359746	25.7648887968058	25.8718762928906	25.8204092120685	25.8248094177291	25.8526954187545	25.8025743442573	25.7148156667023	25.4972875892763	25.5826202605031	25.515388484138	25.4924057809099	25.6312034831011	25.5862618749302	25.7005997325088	25.7799411288017
O00186	24.2286132139238	23.971408833856	24.09385918287	23.9349909076263	24.0529984782731	24.1712721048127	24.150194766912	23.7247361595498	23.935710366582	23.6138047490067	23.5254003704748	23.7053539586881	23.8490958010414	23.7769582553834	23.5803791134274	23.5676711153012	23.5561374156401	23.7056703507448
O00203	23.2878532608582	23.1506131482443	22.9906122908604	23.0130615942843	23.2226268883426	22.9711983085195	23.6212032013279	23.0266828278296	23.2786672399464	23.347462414581	23.392835177813	23.0760718288167	23.3204469081362	23.6140295028693	23.2652785236715	23.5259976855336	23.2834795304273	23.325808304234
O00231	25.513070466004	25.5547623753956	25.3300899622341	25.5973876728904	25.5327599352754	25.6140014105512	25.6904846443668	25.6236609447517	25.5087254501522	25.412156839558	25.3131634306408	25.1148168646057	25.3076157969323	25.444585497499	25.3198958931229	25.4273276797792	25.2702069121472	25.2360431052309
O00232	23.4575121416114	23.5743856445433	23.4661282539325	23.9442266263681	23.4205976331746	23.4790183984681	23.2855975073786	23.2197499216532	23.353128514226	23.4027560297112	23.3796766130347	23.2579621009818	23.4230368956713	23.36626350964	23.3215483072093	23.52659475339	23.4781543983323	23.3303293597689
O00264	25.5596713945098	25.6252785349069	25.5917213842006	25.9619046476951	25.8549792561776	25.8816169917077	25.7799411288017	25.6337551100377	25.8369676092872	25.7076462306053	25.6385687086954	25.7685782974323	25.5674680352706	25.4616705329704	25.3552811883785	25.4154165852236	25.5483967359291	25.5976718245972
O00299	28.3359437962519	28.1336923931546	28.2899999979505	28.1224303099424	28.0348563777362	28.1625976979796	27.963559177913	28.0822297833624	28.2740433129816	28.059305012913	28.2070878465617	28.1774064589315	28.2592559335002	28.3231129126663	28.2342074931117	28.2395434664377	28.2098321611387	28.1822933365537
O00330;A0A8C8MSB2	22.7932063865485	22.9601200413263	23.3443500946627	22.9462095162059	23.1249933935169	22.6408150852585	22.9830276825974	23.4085982223372	23.3061907755154	23.4027560297112	23.0769525651756	23.2638468523811	23.2049650997939	23.0744884137373	22.982923268105	23.0583927886286	22.7393974418933	23.0768710380964
O00410;H0Y8C6	25.1378992171952	25.0313266412178	25.2308498655986	24.9955460043302	24.9820702667709	24.8775039502852	25.0179277511491	25.062828783985	25.0134194583871	24.9171600759866	24.9359800712173	24.9571732634604	24.9669725392662	24.9433325416587	24.9931719787149	25.1105620036951	24.864102244206	24.7133479149172
O00425	24.1225784179115	24.0153776178415	24.1209187395198	23.756132781414	24.0385030949199	24.4364431587226	24.8271135585776	24.6880048012514	24.2068736635229	24.0278304223826	24.152672294692	23.9157021638652	24.1745520854339	24.0423493920794	24.2216242897802	24.2835501797767	24.2093302022011	24.1371956732313
O00429	23.8515759703287	24.0131638502292	24.0516716332837	23.8863232342459	23.7134528038657	23.7068298616719	23.705248479248	24.1438266135269	23.8554783640442	23.6846381995727	23.7508279994418	23.58348131397	23.9913564521317	23.9134212226139	24.0347304643109	23.7952097305262	23.8970758299433	23.7472464586847
O00469	24.6498205848379	24.6111612650242	24.6886985200986	24.522290339334	24.5304696830003	24.3351771528679	24.1073326682495	24.0103491674747	24.2860912549222	24.6719565017925	24.7037181601087	24.5482203278047	24.718164931215	24.678687385705	24.6422372689988	24.8090183616661	24.7803166839361	24.6149281683447
O00487	23.8000577998968	23.5911506752881	23.6620998435549	23.4243190634067	23.2827728465822	23.2150903604603	22.8655565835274	22.7468980632984	22.9946227567837	23.4983837233351	23.8944877038554	23.7490895044099	23.5938880214316	23.606368160165	23.4692373776756	23.4293086579333	23.274692088726	23.2082736588205
O00505	24.4710996407983	24.7472464586847	24.6821214812238	24.8178748327766	24.4746313317686	24.4720918657624	24.3312865528552	24.6653025165817	24.5039732167145	24.2914410938464	24.2836914680974	24.1214721778215	24.5694685773534	24.5475144795218	24.345907093896	24.4959467378892	24.3483407677533	24.2672804796446
O00560;B4DHN5;E9PBU7	26.0007121763305	25.7961509363136	26.0304428560686	25.9625887502581	26.0183098826571	25.9144024693282	25.9356429325443	25.7001499114978	25.9640221065501	25.5595255336637	25.462169983841	25.5139439230852	25.4203084998358	25.356289149742	25.4139005900715	25.4379039229046	25.3433337543312	25.2733764585681
O00764;F2Z2Y4	23.7072512710632	23.7659764111312	23.6914700645496	23.6539252945762	23.5627892872691	23.3230613593049	23.5016671374133	23.0425163900007	23.1796783064222	24.0281677765384	23.9158844834712	23.904169328998	24.0004113238594	23.9872848328367	23.726816020129	23.7663808956199	23.5017886019506	23.8043973288591
O14561;H3BNK3	26.0013136931232	25.5787103596292	25.6459514799756	25.9806329506573	25.897052742205	25.8938168066362	26.2589505498903	26.2465550547927	26.0943626886305	25.4427835707952	25.1124325068998	25.6275067218295	25.5781056793913	25.5535325062029	25.6432837179472	25.7855642165006	25.4761775957061	25.8468743404626
X6RAC9;P47813;O14602;A6NJH9	23.6861354369623	22.9782866152379	22.8129395301896	23.4909380113479	23.1942723196554	23.512437632317	23.2581059174641	23.2766810334598	22.4907666742544	23.6718485519971	23.7671895245437	23.7311739917768	23.4098932808092	23.6042201986526	22.8966694317677	23.7890519976108	23.530648274889	23.4023657077425
O14617;A0A2R8Y611;A0A2R8Y4J3	23.1246463908705	23.5329085273222	23.7173283437512	23.1384305562979	23.2751185220631	23.2253804471505	23.186238191635	23.0172141680773	22.925967266494	23.4611396768981	23.6239957674139	23.5676711153012	23.6929602322025	23.7559291116119	23.6034280375716	23.391655809441	23.6069328820733	23.4126091254424
O14737;K7EQA1	25.7309149568465	25.8018099763693	25.7368094254671	25.6738982181568	25.6598700628198	25.6373806344595	26.2624675256499	26.1566506538845	26.197549224111	25.2796593187012	25.3328235696285	25.5986659150682	25.7752761047862	25.5877788895068	25.9796303373934	25.9626769979324	25.9224100058412	26.0514642034777
O14744	23.7795654758791	23.804988072759	23.8660850709103	23.908573667594	23.8612648989079	23.8377857501046	23.5833665365292	23.523367647442	23.9472623764293	23.9184345416533	23.7132430183424	23.7128233557576	23.9126905591185	23.9883254881169	23.8292930395406	23.8837157289437	23.7600986064026	23.7289966514765
O14818	26.0179914467631	25.8026729428796	25.7853397132907	25.9903396240872	25.8002059534945	26.079200896148	25.89903693848	25.7140033457693	26.0384193657744	25.8964754286371	26.1852931659622	25.9286125265542	26.152517573791	25.8900168849548	25.9714526894346	25.9946400191669	25.9959987836481	26.0278515093286
O14880;Q5VV89;Q5VV87	25.1927232419397	25.2117454392057	25.6086257226957	25.3058082130965	25.4886722702463	25.5626146303764	25.3013142122329	25.3942098901641	25.4145136310142	25.0701373267312	24.9545577171693	24.8793282224451	24.8876252217366	24.7993662152038	25.0493882634383	24.9399747804239	24.9558439172387	24.7283220462979
O14908	22.26868019774	22.0246892447266	22.5603654900453	23.0625653141325	22.7583915874349	23.0467849682966	22.8214509148732	22.8199708879747	22.5929989535033	21.8662737694967	21.9876664936042	22.25609118092	22.0157349079809	22.2458880600786	22.4766720503561	21.6421821717068	22.1807104726045	22.1374302260091
O14933;E9PQT7;E9PKW8	23.8804497059822	23.6398661832984	23.8374970474973	23.611555282517	23.6090768115889	23.5251613751888	23.5683671727484	23.5171320677799	23.3667971000449	24.0512567438434	24.0352340520899	24.0203886026228	24.2249390535289	24.1236048818757	24.0999699217114	24.3085534575805	23.8787671535862	24.2094789489835
O14980;A0A7I2V461;A0A7I2V2Y6;A0A7I2V2S3;A0A7I2YQV4;A0A7I2V3W6;A0A7I2V2H0;A0A7I2V3P3;A0A7I2V6B9;A0A7I2V488;A0A7I2V3N0;A0A7I2V4A3;A0A7I2YQX3	26.9783651788979	26.8665567711077	26.896660194115	26.7546810062894	26.7316919221507	26.8415816227455	26.9666425667018	27.2154903416318	26.9735561909755	27.0052817102326	26.9609110180122	26.9346085490734	26.9896685578176	27.0396747930103	27.0705058782828	27.1240586619357	27.0227394593521	26.9890188415081
O15067	23.1884433625659	23.0785821400122	23.3815260529522	23.059680467089	23.031570638875	23.1378366938452	22.7802265596194	22.9229951773775	22.8590289257953	23.2368095352787	22.8909863523833	23.174277768247	23.0624170911931	23.0919563590095	23.1307069200397	23.1352395823591	23.058805631249	22.8523763453752
O15144	23.7948132495781	23.640748903045	23.7438614141974	23.7044043659842	23.6170602580087	23.5843992049129	23.9513594264652	23.7517475317394	23.312851941828	23.7864618801451	23.9557995845955	23.8599388923431	23.6857078133828	23.7955070197481	23.570684941808	23.6401972664992	23.4613895158529	23.4942383954269
O15145;F8VR50;C9JZD1	24.8126458119488	24.8054801746299	25.0118424861474	24.2403808350388	24.2157865525025	24.3000575699693	24.1920459379776	24.3743793974602	24.4706653276981	24.705881240241	24.8428766596895	24.7792648830994	24.7110909560679	24.685547421857	24.7107757506831	24.510567644964	24.8283732158227	24.716491270887
O15212;A2AB88	25.1941144800817	25.2896482926731	25.0505511578544	25.5938025579351	25.3357564321533	25.3124711419253	25.1527883244797	25.3436726140017	25.1784706456324	25.1013332624113	25.2414723250469	25.2508974731636	25.0047032739544	25.2735543165528	25.1521306989285	25.4337718538234	25.231106308897	25.1841961600967
O15228;Q5TBH8	22.4091422884984	22.2933649964672	22.428082050201	22.2530349279167	21.9900236124077	22.4448824412808	22.3020397736058	22.2014096381896	22.5051369933634	22.5076069060863	22.4836258805478	22.3472461225259	22.5035365583275	22.6839104089494	22.4680193995189	22.4355787061407	22.4445286289508	22.2871769050749
Q5T8U5;O15260	25.2167488180281	24.4032112719123	24.3990437004014	24.8495253663389	24.7675936691058	24.5005127139789	24.5109901120877	24.6915233113355	24.2247918923067	24.2800842865596	24.7823179952207	24.5259379651552	24.9294932031758	24.6344477078374	24.7344855376902	24.7949123800306	24.4038613688235	24.3624559548275
O15294	23.7713266490208	23.9919618815513	23.7759542223267	23.6197489279111	23.596733911495	22.9850796333655	23.72806249875	23.7310703833858	23.6072716091438	23.3493535881264	23.4550050681838	23.4944825682363	23.4633866714456	23.6227677042366	23.4787715940811	23.7298265019687	23.7955070197481	23.7442721458845
O15371;B0QYA5	24.0675958544861	24.0219139191076	23.7928292087773	24.1452269107917	24.2927754595629	23.5532102242758	23.5866913805474	23.8554783640442	23.7644585834889	23.740880107248	23.6472423348724	24.2131184626908	24.1840447834594	23.7881559446254	23.7634458105158	23.9221604419118	23.843164287876	23.5274302334784
O15460	25.8855787135012	25.9770770679867	25.9588995843413	26.0482660125252	25.9647933243349	25.975350506375	26.2196317696495	26.0236914191629	26.1081905424858	26.3745783944546	26.4188941243343	26.2860207299037	26.427023902334	26.373948143119	26.2531539834444	26.3380031969466	26.3372886967054	26.3950112011839
O43143	24.4045111729246	24.6316198172732	24.381658065126	24.4977139626001	24.4834536727959	24.1599255235252	24.0941008875656	24.3858760892644	24.7614688559508	24.5734035708795	24.4787715940811	24.5282652300114	24.3867971404413	24.236006598404	24.2028448285001	24.7033485294024	24.557598787132	24.7216107357952
O43237;B4E2E0	24.7799160883164	25.010306478506	25.1026152307648	24.7162295859829	24.7592351885283	24.9355754953545	24.6455942309946	24.5800915349304	24.7402625151834	24.8044465667574	25.2272548649078	24.9981314027836	25.1298662641843	25.2485831433456	25.1641142128752	24.8472328719987	24.959164988918	24.9363395989846
O43242	23.9590765261506	24.039005367772	23.7784629960276	24.0193708283013	24.1329671892985	23.9546464574455	24.0431007305431	24.0019578972156	24.1163249221676	23.950113729424	23.8348961209354	23.8254161274571	23.9389434992518	23.7498056090363	23.7297227967578	24.0264802163496	23.9600493183811	23.9844191542017
O43294	23.713662558888	24.1792682708283	23.9693900347591	23.8426848757024	23.9408261526716	23.8124499665618	23.8340281023667	24.0119704129966	23.7333480509489	24.0568890430386	23.9542914635853	23.7744468613695	24.0976412452709	24.1785846190915	24.227144672428	24.3978041314746	24.2615532190826	24.1280182428117
O43390;B4DT28;A0A6Q8PH31;A0A6Q8PEX7;A0A6Q8PH35	25.7867111320662	25.8110047851985	25.9871330078716	25.6721184113422	25.4118013725793	25.6643261833338	25.5188435390427	25.803165834938	25.6086257226957	25.7254384477627	25.8362934977146	25.673143416743	25.7019219231918	25.6358319067432	25.8367750381199	25.6943425824488	25.6786068009721	25.4981402099509
O43399;A0A087WYR3;A0A087WZ51	25.6243305123879	25.9009953848281	25.787284248114	26.0950069196916	25.6913369389863	25.9218881411074	26.3786517955338	26.1140821077572	25.8376895223213	25.8979528903244	25.7393356310906	25.8647870995758	25.9161123505829	25.9021461714189	26.0644127052978	25.7596415671911	25.9145849532459	26.0489311554788
O43402;M0R1B0	23.4459433579466	23.640748903045	23.4774134147305	23.3625228407099	23.3181036395089	23.5920637012127	23.9224326913306	23.6987996063481	23.7857637455848	23.5008165991914	23.4169953964944	23.2803675289363	23.6505329050837	23.7169098680294	23.4167377493751	23.8659907123608	23.3152037490031	23.5399047196718
O43491;E9PHY5;E9PII3;E9PK52;A0A2R8Y5B3	24.575136191233	24.4854205375053	25.0194980893644	24.4828384772551	24.2023217473929	24.3851519934561	24.441644351138	24.1262860322178	24.2123764501039	24.5874355541789	24.3580346162677	24.4412644112576	24.4384751239049	24.2076185109972	24.2345455672994	24.027661715718	24.4196336299486	24.141489760188
O43504;R4GMU8;E9PLX3;A0A0C4DGV4	25.3361311360205	25.4738885360045	25.4645711757913	25.3609836803283	25.0130360291656	25.553854716152	25.6275623824341	25.5648835223736	25.5100846738616	25.3979020309108	25.4216251937885	25.3460085789801	25.4370466971423	25.5099337122281	25.5445107656288	25.5707428383524	25.7295931547602	25.442119135324
O43592	22.9025510299717	22.6669391040375	23.0537939999186	22.7881957810226	22.5124858579874	22.75837125361	22.6006633848817	22.7011287542011	22.6560442229208	23.1561491354076	23.2107426778132	23.0526502995672	23.2783836635247	23.3858760892644	23.2675662467132	23.22389388364	23.2209899338388	23.5647672556982
O43615;M0QXU7	23.9832016899599	24.4368243702563	24.5060939809273	24.3222362548838	24.2638468523811	24.3131980363578	24.747912274609	24.958014549628	24.5195935442795	23.8284216422209	23.9891054872569	24.0703830382265	24.2459025632432	24.178280669856	24.2827728465822	24.4310955935393	24.3558188554082	24.2833382213483
O43681	25.288663061515	25.441802629895	25.2975759793994	24.9933879607266	25.0506341858839	25.0269444922178	25.4156100019072	25.4816380908912	25.5273109087986	25.3423845236092	25.2767875067282	25.299324022846	25.4044786896698	25.4805291547531	25.3716570173323	25.5345420305435	25.5208227094363	25.4563844976817
O43707;F5GXS2	28.9108222602521	28.9512426880489	28.885706705351	29.1564384942669	29.2142863591815	29.1900639388693	29.2048979558858	29.1697583215162	29.2353949716853	28.9349740410032	28.9913186043557	29.0119597528591	28.8928156644365	28.9621253613865	28.9324418117534	28.8926709332398	28.9877185304323	28.8637833212926
O43747	23.8054801746299	23.6458140869903	23.4227803253273	22.9986909622903	23.4426570352479	23.5581245187045	23.7277509800442	23.7842666043792	23.9729867954118	23.6577458488789	23.6105418771783	23.6916830399029	23.6090768115889	23.4715958385817	23.5629057134517	23.5990065884629	23.4627628572616	23.6859216410163
O43776	24.8957823472711	24.5609834789349	24.3687963082371	24.4986880572758	24.5092390851841	24.4137069440623	24.4131258500328	24.6475717298373	24.4437954558381	24.8017853125968	24.6470776091829	24.8050865065626	24.9668845539615	24.884135110267	24.7732398376297	24.6978456882758	25.010861336597	24.7174852408575
O43852	28.016323818211	28.1316824879152	28.0392564386385	27.9051798448436	28.1673434884746	28.018553969252	28.1892864025516	28.1081905424858	28.1679655151009	28.3657380637639	28.3769145553882	28.4363478400981	28.3032145485716	28.3289009360175	28.2206652717442	28.1621654873554	28.2840975949605	28.1970429725563
O60341;R4GMQ1;R4GMP9	24.0923274453744	23.8278404181316	23.7975863307603	23.4235498995138	23.2965611428765	22.9257681105041	23.5125581934704	23.2138897511566	23.5382476737458	23.7734410783946	23.4798818814819	23.4759303048175	23.6962544218463	23.9960203410239	23.9213433852642	23.9167046366922	23.8011439064703	23.7950115036722
O60488;A0A804HI36	25.3762356361661	25.5523015876763	25.1654949659109	25.1472083415389	25.1891072741984	25.3607158325594	25.3445194151301	25.3139937388333	25.6720914276791	25.0702192352128	25.1915189260846	24.9686871810623	25.3013839936081	25.060109437965	25.0445188587151	25.1635385088648	25.0291793659506	25.2146383964502
O60493	24.1973054955378	24.1605411390843	24.188805534058	24.2922137717844	24.4236781219768	24.2095533166239	24.5167113956553	23.6580728546695	24.2403080396688	24.0371628451194	23.8095090909612	23.9882387955086	24.2364446193691	24.1669892919616	24.1978303982326	24.0521693431693	23.6918959838208	24.2123764501039
O60568	25.9453657813532	25.8746928656283	25.9914213317234	26.006395082635	25.8504794982085	25.965013596572	25.698561185955	25.6421270723106	26.0538271371362	25.8241538845168	25.7901712817813	25.8136980256537	25.8545037547673	25.9159528473838	25.8265075624159	25.9542914635853	25.9390332051459	25.7632431705772
O60664;K7ERZ3	26.046893185929	26.1732562400666	26.1577495270153	26.3271626819527	25.971233398209	26.2977858564787	26.3495391947587	26.3169650918694	26.3775931552674	26.1642676951532	26.2472978109156	26.1834012554927	26.145207471523	26.2149162599439	26.2567930603003	26.2399622114914	26.235732767752	26.189767110819
O60749	23.0094780624623	22.9467984988183	22.9628402419008	23.3669304668156	23.378751003243	23.4732073037603	23.5541475718542	22.8175723595068	23.0518375556578	22.9589703636692	22.8935992764294	22.769168752029	23.1920609926318	22.9262930988237	23.0619888060279	23.0724453642887	23.4230368956713	22.9135125295372
O60763	23.3813940286976	23.3078589526612	23.213726628365	23.4596397339029	23.7003880695036	24.1276247411752	23.7317954859166	24.029516404859	23.5107487174513	23.864102244206	23.8962444385088	23.7704195154898	23.924518231805	23.9344510778573	24.1731037111199	24.1240783882661	24.0590367715236	24.3049383755941
U3KQK0;Q99880;Q99879;Q99877;Q93079;Q5QNW6;P62807;P58876;P57053;O60814;Q96A08	32.7359416331288	32.8069531699319	32.9366842963568	32.8580498932906	32.9962776573265	32.9786413453107	33.1922088256949	33.1809783545933	33.2675171345265	32.6365096797002	32.8863828374588	32.8974069540359	32.6693862853246	32.8058583638573	32.7673032016453	32.7536214985048	32.8856376202516	32.7957740632994
O60826	21.3577796413516	21.5526240726239	21.8501456238278	21.6501822682997	22.0989907296061	21.9972787333894	21.869515528066	21.726046821138	21.8796086750701	21.3893729598508	21.6292979154738	21.3913673726958	21.8309375776001	21.4988219438743	21.9091782140096	21.6637943461995	22.0841414147918	21.6437681319701
O60884	23.9386743480976	23.8649523607964	23.9174332705667	23.7465290823399	23.7441694739248	23.7176421209027	23.4507330191302	23.6763755031688	23.5535618009903	23.910953748785	24.0056457919062	23.884088518362	23.597757059197	23.7762555056192	23.8328699312789	23.8568084748116	23.8326768123387	23.6322302234769
O60888;C9IZG4	26.2595612524815	26.1636920523984	26.097038389117	25.750265774382	25.8304540845024	25.8496923849743	25.3466511521186	25.0155052316206	24.9593418981813	26.5468965788595	26.4045436554482	26.5077429915612	26.464508857697	26.2710088598896	26.2485831433456	26.3379691811484	26.3478847665073	26.2922137717844
O75083	26.4563218249459	26.6183492042727	26.4455171905399	26.5926340491311	26.6190492358459	26.5506587275787	26.4123668470666	26.5033060464401	26.4318766824214	26.3166371615214	26.2296769725356	26.3713080485644	26.3394651180737	26.4123183865086	26.3588562682284	26.4400922996791	26.4952453420176	26.3681801810713
O75131;A0A087WYQ3;H0YB26	24.6473521415506	24.6229352289653	24.8991983227904	24.8768016924591	24.5846859261096	24.6366064784205	24.8451282138953	24.8184600848211	24.3651289743348	24.3214794943958	24.3745783944546	24.3979346625799	24.273696587155	24.6535426820871	24.5396089581667	24.8347997002142	24.7061448087678	24.371324668039
O75165;A0A3B3IRM0	22.6047405249159	22.6260699353147	22.3434015326329	21.943064208162	22.8070734327056	22.4358838662012	22.276936556104	22.8039836641554	22.597347887185	22.3659432606424	22.3421810357449	22.2583072364571	22.3342907461698	22.4739009190683	22.3302472850892	22.1634310186673	22.4225237093464	22.665790435545
O75340	23.6736826009033	23.7262963360194	23.4806215986615	22.8409576715895	23.232131626498	23.5949131886903	23.2840446283745	23.2556590853622	23.6145912343879	23.5301719807147	23.3559532408623	23.5215716867459	23.8428766596895	23.5472202741165	23.7127184210344	23.8275497182533	23.8325802431736	23.5670908107839
O75367;B4DJC3	26.7962499748968	27.0290740251422	26.9443606912968	26.9932367767135	27.1208989699391	27.0266490612256	27.1648047545769	26.8544799755824	27.0375818069463	26.9281832841395	26.7017368894276	26.8495969481217	26.8802862105873	26.9358452252021	26.957926016288	26.8846009465774	26.870207227797	26.8986218673382
O75368	24.0127377359688	24.317551728622	24.6628061282112	24.2750474585928	24.4345992149653	24.3106349686051	24.0887740075167	24.3727200208644	24.5712638027238	24.3584371165142	24.3627234797535	24.4291809349425	24.7045099071555	24.6384858515365	24.608174492716	24.8531477153002	24.9192077754532	24.5503945219116
O75369;A0A804HK76;A0A804HL72;E7EN95	24.8307925466836	24.9095353269437	24.8990138821048	24.9061896533828	24.9673684067474	24.8594176275622	24.7984271053919	24.828808994899	24.8124989304011	25.1253797300797	25.1574989804952	25.0927306918876	25.1323396918533	25.1751234121026	25.1850284478057	25.0629111084474	25.196405217792	25.1437487793686
O75396	26.5699031109674	26.0705263506087	26.2031249725265	26.0799129513626	26.2694401898032	26.1897482625316	26.3184312367278	26.323748586032	26.3897208684839	26.0658716647775	25.9192759820724	26.0380425244735	26.1043760792996	26.1758848292154	26.1195935782691	25.8398290746174	26.0261846902593	26.1500785283395
O75489	24.6326185293636	24.4761775957061	24.1976804455206	24.248365984462	24.1563806271377	24.2511142513625	24.0304428560686	24.2437980807802	24.2457575250365	24.403601365211	24.5319572736549	24.514244992608	24.5440390268718	24.5896657746755	24.4654433465827	24.5938310463298	24.5528585618631	24.5114727802223
O75531	28.3206620912286	28.0449982044032	28.4907161871224	28.1606276889583	27.8525763697764	28.1395102125864	28.0781627004212	27.9187188669613	28.0686621782991	27.2660653377146	27.1861248212337	27.0321257901071	27.2841858682827	27.2950025042452	27.2848918604871	27.4906014370694	27.2820658164083	27.2000403922365
O75533	24.4770427801644	24.445817099246	24.3936863446684	24.0747170552122	24.1927232419397	24.1930241638871	24.0835085434804	24.3061907755154	24.3101495512491	24.3174827249132	24.5752516253058	24.384427534038	24.346786394213	24.2290534850347	24.4160934302	24.2414723250469	24.3619207561046	24.2578182701616
O75534;E9PLT0	23.9068318910027	23.5129198164929	23.6413003287449	23.8318074570603	23.9105878379237	23.8073486323927	24.2058302305812	23.9560655600224	24.1113184566198	23.7999590223786	23.613242711117	23.6611213397781	23.807938169297	23.5577740522772	23.5602255312713	23.690298137782	23.5940019648855	23.4780309274913
O75607	23.596847630412	23.4809913150708	23.8086256580118	23.1682601664026	23.2380058119887	23.4606398691533	23.2451627158966	22.9422052054329	23.0730994549494	23.577270227903	23.5562543798496	23.4225237093464	23.5644183994419	23.1216302640633	23.3958447463562	23.5121964797814	23.6792782029151	23.2422431469911
O75643;A0A494C1A5	24.2694223542018	24.1047759725973	24.1750091648677	24.1766838849217	23.941453158256	24.0542412881483	24.0273242431922	24.1477905977617	24.1175936438419	24.2524864240576	24.2723444496395	24.3076505359742	24.3822519704686	24.3192068282768	24.2521254524939	24.3900161967621	24.2268507846615	24.3301241643142
O75694;E9PF10	23.9702681206298	24.3106349686051	24.1284903031445	23.8320973003643	23.8525287474343	23.6015024049931	23.8452718108869	24.3049383755941	23.6934920621348	23.9575718285882	23.9685993002691	23.8248336910177	23.9491342123385	23.8397089591355	24.0563102617438	24.3533304639323	24.0321257901071	24.5343342328233
O75718;C9JP16	25.3457717693446	25.4494111491951	25.2970161578743	25.7513644645049	25.6102320835069	25.6545263378349	25.2679947912109	25.0314949198802	25.4727736247891	25.6784456180015	25.4158033926636	25.4602336478242	25.3350067323325	25.4972571292166	25.4542834775036	25.526236542329	25.2766100469151	25.6554820272535
O75821;K7EL20;K7ENA8	25.1609257654539	25.0473093319573	25.003245443076	25.0415558878611	25.253965463924	25.1617715826906	24.9383602749406	25.1587320203211	24.7918361642441	24.9618605009046	24.742525728062	25.0040602948576	24.8261438424995	24.8548603955169	25.0354018756276	24.9125535185066	24.925922006183	24.9403781246438
O75822	22.8334877382272	22.9754729636198	22.6288086175071	23.2054424774848	23.3913935966012	23.5994606945544	23.3707927498688	22.986972489819	23.2668517228806	23.1599409171162	23.0700226470438	23.3711917068813	23.0584093046019	23.1432349685811	23.4777839541035	23.0558305241369	22.7422790045725	23.3523204325912
O75874	26.2755448293917	26.2520351954892	26.1071530486004	26.2113741273591	26.3330113149833	26.448639498707	26.4238063330447	26.4692063195818	26.4243350832947	26.4698273544554	26.4656301717453	26.4247195072495	26.501758236775	26.5637058892147	26.4955960825782	26.7274134255214	26.6601693799674	26.6448519695549
O75934	23.2104900205888	23.3881119086366	23.1569514813083	23.2728427530163	23.0351501329995	22.8617381774743	22.7761550848458	22.9424558007334	22.3478408476674	22.6654651745717	23.4497259900058	22.9919099975553	23.2858796695232	23.277816343407	23.1623095719511	23.3953217939116	23.3364716914693	23.0385533300748
O75947	25.1653032736609	25.0559794252943	25.3867313705687	25.2408902998082	25.2455399403832	25.1620790296904	24.7803667505684	24.6789559689769	24.7883551156123	24.5391947901697	24.4292447978513	24.5415598645369	24.6942362948265	24.6272283865903	24.5516857343529	24.9571289716486	24.640748903045	24.5092995008143
O75955;A0A140T9R1;A0A140T9W4	24.7611644685017	24.4636984774164	24.5936601075226	24.4712237062446	24.5040944872598	24.6528865387939	24.5463961796564	24.6293979787085	24.4512362702179	24.1923470012176	24.2895427643684	24.6706605708355	24.294248850371	24.2320584136873	24.475559288989	24.3402125052593	24.1925727574251	24.2672090290322
O76003	24.9009953848281	24.8683949296599	24.7763057133849	24.6769134809656	24.7646104381326	24.7194711287156	24.65003979776	25.0317473010764	24.8160688096181	24.745247165246	24.726036423748	24.7988225945602	24.9120509248624	24.8130863668888	24.9931287784321	24.8799358009089	24.7947636817974	24.6310646783404
O94826	24.1484889951811	23.9702681206298	23.6715246541381	23.8602231392243	23.7107232097562	23.5546160173623	23.9220696806874	23.8788606802169	23.7351056072016	23.4596397339029	23.3874546743121	23.4047060570964	23.6482302942313	23.4802517874814	23.2209013968767	23.5472202741165	23.5667425159991	23.5307673238672
O94874	22.5157133111352	22.5431422980489	22.1426742389417	22.6373916908224	22.6053737123979	22.6280521031791	22.7143335700962	22.4927480457148	22.454076345691	22.0818682774259	22.1470607993152	22.3142911496772	22.6278740421414	22.5994606945544	22.7781220590095	22.3230063670222	22.5062513990859	22.1193996466325
O94925	24.3331990359089	24.2429990250739	24.5039732167145	24.3785525810021	24.5303506094577	24.4685539451161	24.3247788127123	24.0572196709857	24.3762356361661	24.2166748203854	24.1462373919909	24.0897439952544	23.9888455343974	24.0050460790031	24.2026206741053	23.7409830135601	24.2014245954496	23.9488669558542
O94973;A0A0G2JS82;A0A0G2JQM1	23.6662240028032	23.7828678694655	23.8766143659587	23.6492175774975	23.5370629031767	23.3730520489068	23.1970054653733	22.8335070404319	23.5508641874292	23.8998436795629	24.0433510897699	23.9231584387097	24.0555657730161	24.0441853068863	24.0510077528965	24.0013566490131	23.8044958029754	23.9609331061083
O95302	25.2517643905903	25.230959775451	25.1597715785813	25.3997282686892	25.0221679818081	24.7642560857637	25.1816964122161	25.1279395510703	25.3252936503024	25.7882804297144	25.8270893236177	25.7623055904461	25.913033103708	25.7226011860798	25.7745222668336	25.6732512696971	25.6490530771981	25.4661905021167
O95373	25.1997783664899	25.1821512341117	25.1016939311641	24.972723921645	25.1145388925074	25.0504681250463	24.8576628989058	25.1660315687484	25.0581698044815	25.1108805585342	25.2254907744584	25.1689410781094	25.3461100569258	25.2681019074482	25.2469174226244	25.2102967822631	25.287606709539	25.2034424033418
O95456	24.1535229631764	23.8029194099582	24.0981233488813	23.4293086579333	23.6814245918268	23.8690071290957	23.7109333619839	23.7831677125593	24.3878490508349	23.9304861420825	23.8053817676833	23.6934920621348	23.9947263279845	24.0582936888181	23.8570933390717	24.0971589805026	23.8292930395406	23.9121423185491
O95479	24.1692852370235	24.4008684944806	24.2269977360281	24.3149272647093	24.4573868913582	24.0833462240562	24.5582413219302	24.4953368477762	24.3655295004454	24.030611237843	24.0147819375732	23.9557995845955	24.1132277307326	24.5825054145358	24.107093170414	24.1920459379776	24.2036664301091	24.3932935608269
O95486	22.9162126007113	22.9748955741554	22.8895017353414	22.8575300217219	22.5731608378964	22.9435471725277	22.6244420767882	22.720087243346	22.6552800199739	23.0063137498997	23.0352004850395	23.2113964087651	23.1553154574865	23.1886244596768	23.0701700906819	23.227144672428	23.3879804857223	23.3419096739383
O95782	25.1595406303605	25.2906680018562	25.2613738753183	25.1564577827941	25.2532441704855	25.1082902622052	24.8682536159671	24.9347210179911	25.2001152479954	25.371457616944	25.2758999892962	25.2795884785529	25.3727532271075	25.4150619206086	25.4790800929684	25.3523541116976	25.3907050610641	25.4447750431384
O95864	24.9013637364187	24.5370629031767	24.8208960826997	24.7252564058649	24.6270613596678	24.7506746870624	24.7152871271145	24.6260587918437	24.9050420888997	24.6282301422427	24.6783650197627	24.5574235006922	24.6450994324696	24.5671488517407	24.4860346332201	24.4853591135546	24.2774616550116	24.6754066373064
O95881	25.2479315686078	25.3174482218211	25.4535615257258	25.4724947623082	25.6074409428603	25.5955393213647	25.829873678819	25.8234251647662	25.6771286159259	24.9010874815431	25.2646344474005	25.267959084031	25.0337647627879	24.9806329506573	25.1482174363573	25.4006730911925	25.2452135018614	25.5370332714429
O96008;K7EJ57	24.1058151767166	24.1865404691576	23.4865257216567	23.7926306545462	23.5794586603834	23.5858895332692	23.1667288541884	23.2591122316184	23.2044129348556	23.8016373211066	23.6752989453688	23.3031274319361	23.6455942309946	23.4145458891121	23.6133551362128	23.5574235006922	23.4959467378892	22.9534035965864
O96019	25.5281757892095	25.561828412591	25.5210024994553	25.27586447724	25.2967361656285	25.2409994474276	25.1942272243964	25.129119476744	25.3022559761314	25.3990763062582	25.5634004199343	25.4064263915711	25.4961296546582	25.4221386997704	25.361552691778	25.1791923255204	25.2800134672758	25.2881701935118
P00167;J3KNC7	23.8879040662514	24.0059883730989	23.7398506402136	24.2381953745509	23.6486691702073	24.3901474343717	24.1251037859491	24.2060538868937	24.3846251499606	23.4920389784907	23.9169779175216	23.8948577205389	24.1090080407859	23.7402625151834	23.9003966128335	23.6475717298373	23.7379957463341	24.2109655739189
P00338;F5GXY2	28.8903242627427	28.7762743337361	28.7989090933657	28.9412292589709	28.9272226740461	28.8176004141314	28.8847464895829	28.9605244215783	28.8546583099167	29.0670726575417	28.9804913193094	28.9186051435622	28.8722638978572	28.8818328360815	28.8944356626475	29.093708096869	29.0284418187163	28.8369856615164
P00367;A0A804HJD7;A0A804HKE0;P49448	26.0385030949199	25.8810101209993	25.9205258656221	26.2148977373758	26.4235659279449	25.8623768573575	26.3956650028338	26.3055821057928	26.2698503477894	26.0086619920005	25.9208438449771	26.0864676695087	25.9455667153652	25.9173877417291	25.9808290326494	25.6850393976883	26.0557726139806	25.8632043551298
P00387;B1AHF3	25.7484242316907	26.1153131101789	26.3154456293023	26.2582497196114	26.0310110658115	26.1660124077977	26.1816205946245	26.0253188725925	26.2989396349727	26.1955794693785	26.1947908138459	25.935215777094	26.2345638393232	26.1665871256471	26.185444411675	26.286761070707	26.2803675289363	26.2950725915712
P00390	24.0269866917071	24.3907378559231	24.3664636291697	24.1759228895243	24.6490530771981	24.5898371873818	24.1867671357439	24.2679947912109	23.9401988744676	24.4996614946954	24.5091182463331	24.7687549544832	24.5640694588087	24.6286751438011	24.7812176175879	24.5796312900676	24.390475476175	24.6181251224114
P00403	25.4427519379488	25.5715531461075	25.3557852570887	25.4452487983144	25.3218923220525	25.431063703376	25.6596795559334	25.5036093439039	25.36355917555	25.1976804455206	25.2560551778994	25.2943540350147	25.0498867615426	25.2336316709285	25.236773047841	25.2232826236624	25.3079978803941	25.134143011886
P00441;H7BYH4	27.1677741508559	26.9751974202006	27.3118131598024	26.6339490709397	26.5740679879781	26.8753727131589	26.6221253458405	26.6574460284444	26.3890479505275	26.9716938712898	27.1320258407527	27.0151010825896	27.2101109517688	27.1755993448886	27.0793840296293	27.3049557774848	27.0485362638359	27.5771549552378
P00491;G3V5M2	23.4764248442142	23.7422173171068	23.4976530598396	23.4388557989695	23.5158095421279	23.433007714483	23.6245536325617	23.5624399523367	23.8022291960035	23.6553455389476	23.7117736649073	23.5994606945544	23.6256687161239	23.7267120982819	23.8337386467481	23.9144252810803	23.955710915222	23.697315461124
P00492	25.1885037307954	25.2429626938423	25.1956170136524	25.2025459482337	24.7002822263547	24.9622136374094	25.1373129543869	25.0338487624992	25.0877629096515	25.0505511578544	25.1111592363304	24.8531001118144	25.0835491204831	25.0547795067857	25.1225784179115	25.1038160423988	25.0410545023398	25.151937222586
P00505	25.8736372951366	25.7790143412651	25.8685126804979	25.6132146034741	25.5406734159431	25.5132813488945	25.3542052528082	25.2695650328392	25.4187011474693	25.6689038067361	25.5344529780426	25.6800566379239	25.363592593315	25.1477905977617	25.4103462767663	25.060810365822	25.2543259754559	25.0808279348238
P00558	28.7960952241226	28.8464021380084	28.9021921837948	29.2015134009876	29.0355906537753	29.0637598055626	29.1836662723616	29.1449158510576	29.1973945549827	29.4998287381256	29.4805830810862	29.4684179966303	29.4803519540365	29.4929138010435	29.4668633891434	29.4219782487842	29.462228501923	29.4246033899775
P02452	25.4394266232958	25.1893335378956	25.5493078344319	25.5915216617608	25.6127085722375	25.7143440521704	25.5279372532923	25.2494876203485	25.4769501066431	26.1484114121614	26.2136932600671	26.2428900286342	26.2581418693447	26.3422658258431	26.4014382696151	26.5359661234875	26.4625288573842	26.5561666575815
P02751;H0Y7Z1	23.5460428521619	23.9206167240181	23.6134675525483	23.5594088343682	23.6159384983372	23.8002553346463	23.00579996351	23.3934899661149	21.9274148472409	24.6358319067432	24.3685299071578	24.1770642321441	24.4647581139245	24.2914410938464	24.4412644112576	24.3188621723969	24.2839740032348	24.2128217034507
P02786;G3V0E5	24.2848918604871	24.4539382412927	24.3471920444451	24.6050684602694	24.5380107974558	24.5221705887599	24.1728748874591	24.1991792717329	24.2950200263959	24.4502925303786	24.5280863428623	24.5243843669657	24.5099639058186	24.5908081415425	24.6286751438011	24.5986091283472	24.6487788683438	24.7341754029663
P02792	25.4705412142224	25.5428294917641	25.5240256065923	24.8356190710103	24.8094600255425	24.7867111320662	24.2370284405277	24.7616717452442	24.7647622767941	25.6110486688296	25.4261441858263	25.5580953164204	25.6801103076178	25.697713149756	25.5219310577879	25.4367608419954	25.5808391198214	25.4513620555653
P04040	25.9953519125422	26.0217868709775	25.9433996172354	25.9784524668361	25.9178657228781	25.9713869055667	26.1139430576	25.8854390730771	26.0722449896932	26.2335036792261	26.2468993063943	26.1689602002031	26.3194997210509	26.3299531458049	26.2322780409743	26.2016489357441	26.1972304938461	26.2892085404702
P04075;J3KPS3;H3BQN4;H3BPS8	29.1851324500172	29.2905273951565	29.2794999234756	29.2449958351379	29.3354753403728	29.2485288566891	29.3669054614852	29.3825941798688	29.5112427788301	29.5746851883593	29.5552123333453	29.4307567245048	29.4573829771126	29.6344338591394	29.6629724622675	29.500892560494	29.5812558739612	29.6294917816884
P04080;A0A1W2PS52	24.9868510048254	25.4012592216765	25.1941520624989	25.651792303055	25.8664388605162	25.7207500559177	25.1955043778995	25.279871818278	25.2928105577892	25.6473246906645	25.7339169064254	25.7099085806097	25.1949786280805	25.5387213096794	25.6505055146536	25.3689294903319	25.1004512479084	25.316067421064
P04083	28.4282226519177	28.4602570867794	28.4517157680687	28.5346755989891	28.4631059884419	28.5043445755699	28.5523748860399	28.6785866540856	28.6359564195272	28.3781970062237	28.4516764709617	28.4658325383736	28.2600639899901	28.4562278107371	28.3455772180611	28.3905492753024	28.337560929	28.4624040419289
P04179;F5H4R2;F5GYZ5;F5H3C5;G8JLJ2	24.7246320877704	24.7017633242755	25.121116420429	25.0645154972295	24.8831563641389	25.1625784913678	24.6916830399029	24.9819396608254	25.1331240210239	26.1445658286713	26.1071929660106	26.1558983107762	26.0115865984133	26.1678698361513	26.2783836635247	26.0269866917071	26.1986735919502	25.9174787979675
P04181	25.9995944079015	26.0915004374917	26.1148168646057	25.9857875745359	25.8837157289437	25.9406469581563	26.2576204793675	26.249596119493	25.850074069264	25.4864029652184	25.483945640419	25.5224400135751	25.5092995008143	25.5087254501522	25.5407620853166	25.5010900411652	25.3979999237041	25.2333756761678
P04406;E7EUT5	29.4523443762499	29.4744843504592	29.4314941611139	29.7078206366517	29.7580058313444	29.6853703021637	29.745990815891	29.9077030421558	29.8676028055365	29.7991253176927	29.7937409663458	29.82649240925	29.7823023707313	29.9174105063275	29.8296559664741	29.8768514469725	29.8314239290286	29.8195659286352
P04792;A0A6Q8PGK1;A0A6Q8PFK8;A0A6Q8PHJ6	27.0317052406096	27.0288633204477	26.8953894533154	26.6075256022659	26.7292300951779	26.5771549552378	26.4505914481267	26.66627818955	26.5867772663288	27.0778572064992	27.0087047296562	27.2206652717442	27.1865026879307	27.1451102712507	27.217340662574	27.2023778008696	27.0100930147133	27.1504465850283
P04843;B7Z4L4	27.0531020866642	26.9917240645788	27.0213632963882	26.9846799057837	27.0272820535754	27.0686621782991	27.1302591549931	27.1219858947841	27.115253569722	26.8153115598946	26.79327585591	26.9511592976821	26.8913387245356	26.9311176566651	26.9433549005308	26.9676322580679	27.1133668498484	27.0170144715184
P04844;Q5JYR7	26.0974604148742	25.9457006558274	26.1685777101652	25.8341245746688	25.6769941603353	25.6354444649006	25.6393142090632	25.6723342624802	25.6906977652301	25.8962213374617	25.8274043463455	25.8743645486748	25.935305715068	25.98550530835	25.9494236843382	25.7799411288017	25.8015139832671	25.8200683048383
P04899	26.8025496935488	26.8124989304011	26.6984287131537	26.9921564299198	26.8691483690038	26.8216504076188	26.9938845966799	26.9983035980562	26.8289300212856	26.2899296637539	26.3711584646771	26.5079848896037	26.5079244188954	26.4446644778752	26.3928679242872	26.351107460838	26.4481826131078	26.5086801206334
P05023	25.0989666427374	25.1751614925039	25.097601062697	25.3575313329943	25.281676802067	25.5356695533592	25.4218498751458	25.3471582446152	25.3873560633342	24.9119595253856	24.7422687235114	24.7333997743527	24.804988072759	24.6218739103316	24.7321579005634	24.4030161857016	24.5659875887159	24.6417413176038
P05141	28.4066939950666	28.4908691729968	28.5307003600258	28.6448175963483	28.5415967880775	28.6844174930437	28.7712447784397	28.7704258169954	28.8807532911389	27.4458486649571	27.5145008523124	27.6603054126902	27.6443018999492	27.4488442625338	27.8137224866112	27.7047077760439	27.7203847638198	27.8328578621025
P05161;A0A096LPJ4;A0A096LNZ9	25.7966213090434	25.3157565586817	25.8278161953788	25.9944458054464	25.9270983130427	26.1274673104635	26.2112627151672	26.4672327601343	26.4072371586069	25.9268043262318	25.7474769682029	25.9430418447843	26.0596557148772	25.7736171410398	25.589637203911	26.1041160892032	26.1280182428117	26.2822249284105
P05198;G3V4T5;H0YJS4	24.7387173773674	24.8167524356445	24.8368231833216	24.8887867184911	24.6694175436953	24.8051357209459	25.0166532479528	25.2842917891403	25.064597725502	24.8519095138951	24.7034013395875	24.757252451661	24.9583686286679	24.8467069952486	24.8338833818168	24.7787637559136	24.7195755734446	24.6585087471241
P05362	24.2633454315927	24.52246994656	24.4788332991362	24.7712258845688	24.7353122378294	24.7280105836367	24.3423166975101	24.3574977745328	24.3596439439262	25.0745945732141	24.9986909622903	25.0141860112503	25.0688261581857	24.9187984680072	25.1052157272374	25.1851040865212	25.1319473673082	25.0753293092739
P05386	28.5605972669019	28.9113367123106	28.8437393722741	28.2304559531861	28.1400468115359	27.9473738632375	28.2447237055434	27.9017319939852	27.9677971406419	28.2794999234756	28.57011308864	28.569932075222	28.4057612224382	28.3801804901085	28.3126355905775	28.3011222960458	28.2728427530163	28.2702603892009
P05387	28.6459171329559	28.797611066421	28.6332562336595	28.6426504316309	28.8649346551425	28.7041800653559	28.667699864232	28.3558608522073	28.6412383038744	28.5602692698467	28.5685556305282	28.4501430482761	28.5981121491692	28.5529611389218	28.4318926186084	28.6325977299118	28.481353237272	28.5935603838643
P05388;F8VWS0;F8VW21;F8VU65;F8VPE8;G3V210;F8VZS0;Q8NHW5;F8VQY6;F8VRK7	26.340653961218	26.668849718518	26.3304148492622	26.292108430976	26.5839116480644	26.6456766809193	26.4905249319631	26.3755563973003	26.6314532980217	26.583624772931	26.668579247006	26.7527685473806	26.7413688468695	26.6933857118313	26.5190085736516	26.6071022555497	26.5743134560108	26.4536714112611
P05455	25.3457717693446	25.6410797837561	25.7121673884829	25.5094203244851	25.3814270358939	25.3610506345012	25.5822756951705	25.5670908107839	25.644191860856	25.8636769979859	25.753151242031	25.7367578241637	25.8611702245606	25.884973507357	25.9257409507389	26.0263324608715	25.9901664755756	25.896868026997
P06576;H0YH81;F8W079	29.5120532763888	29.568700581301	29.3946637485073	29.4307965955815	29.3451330352938	29.3868752382709	29.3409595054619	29.2783038976121	29.2711513817199	29.603711002178	29.6471016328508	29.5671234591094	29.5111673605549	29.5883866787654	29.4802171128226	29.4409477182389	29.4131863915825	29.3626900418506
R4GN98;P06703	24.8871603610782	24.9144252810803	25.0705468226441	25.1540253952516	25.2098879235748	25.3423506109583	25.7545281028369	25.7517219970879	25.7215846621293	25.0988060533352	24.9157477459268	25.5817586928209	24.9366990371779	25.3185174341599	25.0911170291268	25.2792696548326	25.5114727802223	25.5486319132124
P06733;A0A2R8Y6G6	29.6073315837748	29.601180035225	29.4780193515581	29.7239847228277	29.6619877569905	29.5585369378382	29.4919778356863	29.5310909386246	29.4509492813418	29.8085305340142	29.824748732721	29.8731004172396	29.8477615434315	29.8498355284167	29.8406515969012	29.7941284438656	29.7630341683254	29.8353449950785
P06756	24.3938172488551	24.4129966862348	24.5207328060239	24.5729411871439	24.5470437220706	24.4226520230424	24.3970206967332	24.6671990529937	24.6742215836274	24.3660633623473	24.4107344458379	24.277603540834	24.4941773457668	24.5312434215667	24.4606398691533	24.550511952626	24.6594345815379	24.5445107656288
P07204	24.2653500699553	24.4676836533553	24.0721836449672	24.000669201247	24.2734831759901	23.6951926016461	23.5289805568788	22.99095846013	23.2836208256667	24.2344724768903	24.0758597193686	24.0130786374451	24.1573062227902	24.0245370786483	23.7367578241637	24.2098507488569	23.7527685473806	23.8476629922625
P07355;H0YMW4;H0YN42;H0YMU9;H0YMD0;A6NMY6;H0YM50;H0YL33;H0YNB8;H0YKS4;H0YNP5;H0YN28	29.1350878745218	29.0695587156438	29.0245634975216	29.1703793080675	29.1988000285137	29.2216565533401	29.2955280762149	29.3081281129945	29.4348179090483	28.6717540892996	28.8336723049887	28.8570339969891	28.7904820400035	28.7944228571955	28.6988260950708	28.7696379154101	28.7550950384463	28.6964733250823
P07384	25.5057306426847	25.5712638027238	25.5245936026579	25.5302612978508	25.6138047490067	25.4906932378419	25.6738443168644	25.7997367482323	25.7886787098324	25.804126490376	25.8270408524767	25.7839420189044	25.8107106727585	25.849668526353	25.8228905362477	25.7107232097562	25.8522906121416	25.7828428797278
P07437;Q5JP53;Q5ST81	29.7911654725629	29.6406523818745	29.7238220226469	29.4314144564074	29.4572459718245	29.5130516356754	29.521762613758	29.4972418989455	29.6290227057872	29.5214443880322	29.5983606601581	29.5430360695576	29.5917249504214	29.5236891876982	29.5533640496308	29.550064196772	29.681505019324	29.5610526946945
P07602;C9JIZ6	27.0740841195978	27.0752068792462	27.1011929779868	27.1216895419383	27.1550876561149	27.183098319448	27.1517050167203	27.1136649170732	27.0887133616237	27.2984153045868	27.3628572236158	27.4031625028327	27.38886735815	27.4718128714584	27.5636186188771	27.4737492192123	27.4790800929684	27.2950025042452
P07686;Q5URX0	26.8767782779767	26.8006996889685	26.7631925061449	26.8802862105873	26.8397810296247	26.863251626384	27.1532523503351	27.032336018893	27.1147573036647	27.2043383017607	27.0628082021354	27.0793840296293	27.092145947665	27.0543448073276	27.1140622442695	27.1309464565535	26.9195715068322	26.9684015489097
P07737;K7EJ44	28.4053960602239	28.5436998693376	28.5290624987719	28.5292859530096	28.6762342507491	28.7380859699555	28.6864894668197	28.7061250427984	28.6430634759743	28.6599653068302	28.7874959942666	28.6156859821633	28.7904509671933	28.7523538469205	28.7353445211918	28.7591335759743	28.8149144556346	28.7759918861793
P07741;H3BQF1;H3BQZ9;H3BQB1	23.8284216422209	23.8768016924591	23.6677404629302	23.5991201283867	23.9367888827355	23.6053511033439	24.0181825167337	23.8558585208424	23.9412740416078	23.9057307371208	23.9932583753997	24.0955502659727	24.0985249788611	24.0614285489007	24.0477669539878	24.1810897598904	23.9604028984431	24.0862651831519
P07814;V9GYZ6	24.7619253167434	24.5691788155495	24.5962789461677	24.294529325714	24.6799224549536	24.4378404421644	24.2945994360307	24.4186046493561	24.4437322338113	24.6752989453688	24.6820678862968	24.5787679350075	24.6145912343879	24.518153189695	24.5701637683274	24.6333393917032	24.7281663233725	24.6256129824104
P07900	29.584897346489	29.5740354964321	29.544529189794	29.6359218337207	29.7180832545914	29.6668537980793	29.672968138494	29.7182302691847	29.7026783322715	29.4408685341207	29.491614746906	29.4400962611191	29.4369633285751	29.4525996701072	29.4821999344873	29.4401358749207	29.5897621968288	29.5314442281703
P07919	26.1066939189819	26.0588303980498	25.9814824468824	25.6190212411038	25.8347755940269	25.4548168619294	26.108409916771	25.8014153054031	25.952137441267	25.5697872481335	25.4676525617949	25.3931953481551	25.594628493072	25.4691752608195	25.3075115747874	25.1117562218315	25.1793062419831	25.2343262849622
P07942;A0A7I2V5X5;A0A7I2V4J9;G3XAI2;A0A7I2V2T9;A0A7I2V3I5;A0A7I2V682;A0A7I2V3J7;A0A7I2V2J0;A0A7I2V5R0;A0A7I2V407	24.1586164675952	23.9767493987126	23.9158844834712	24.0533299989366	23.9439584591303	24.0046175599633	23.4895912428494	23.6464734540223	23.6992233675615	24.3767655517059	24.2571708539623	24.2443063404441	24.2310330440344	24.3799409639362	24.3877833289006	24.1750091648677	24.369661772167	24.0739820071979
P07954;A0A804HI24	26.714501274145	26.9494904773214	26.739438647624	26.57556902139	26.5442749155317	26.5507761367904	26.7222103000876	26.8698543612082	26.7239033750309	26.4984598128391	26.4672794107961	26.3963185083275	26.6351953401892	26.5603567430197	26.5944861241923	26.5520963324442	26.5622652531449	26.5026840872315
P08133;E5RK69	28.0792314200093	28.0968775849213	28.0897237938269	28.0936577313524	28.1813931179404	28.1874941173873	28.2504728548134	28.3070424819395	28.1981208872666	28.0802485126813	28.1122236879902	28.1158984604928	28.2550737496011	28.1944620800906	28.1611564920648	28.1609161510442	28.2220021890676	28.1955419241276
Q5JR08;P08134;E9PQH6;Q5JR07;Q5JR05;U3KQA9;U3KQV3	26.1247686399615	25.8547652999371	25.946548656773	26.1287066125199	25.8212611278779	26.1809759841744	26.2728427530163	26.3185691501473	26.400933623029	25.5817012366772	25.921570391864	25.9088942919397	25.5643311721955	25.6421270723106	25.6956970636853	25.7478098613882	25.8007490532237	25.6522027387219
P08238	29.3400256947582	29.2589191096722	29.3155320052964	29.4112882146411	29.406653452273	29.4692529064717	29.3947659491577	29.3247015712251	29.4264041579035	29.4089828141693	29.3955832938291	29.3667387482057	29.3186596486646	29.3996834557023	29.3956650028338	29.3643818629329	29.4780579376407	29.345175344307
P08473;A0A7I2U302;A0A6Q8PFY6	25.5589127570224	25.4741980807181	25.5688310245459	25.437427749254	25.3512085807783	25.3560540217386	25.148372619087	25.2307033061022	25.1223809372403	24.4578878271413	24.5660456740724	24.4252799419633	24.3947332457372	24.5888084055168	24.4803134292614	24.7597939296831	24.6852800630154	24.5919496045666
P08559	25.3954525497952	25.4978357604086	25.5844565537111	25.3825818122681	25.5634877034716	25.4205012618333	25.4332624725697	25.4414860550142	25.3051123850554	25.6884584243988	25.2588247849068	25.310288258589	25.4092135200666	25.4783087220251	25.5326707727006	25.5183633309904	25.5447465771758	25.3787179347646
P08648	25.1463927878377	25.5662779921149	24.9577489333074	25.2348744283246	25.2007139542848	25.4605461359212	25.1989920035905	25.3219267190255	25.0885314086471	25.1062945570303	25.1473636328434	25.1111592363304	25.084319866773	25.1717302244378	25.231142939933	25.0932950477185	24.7296709413567	25.0648854875536
P08670;B0YJC4;B0YJC5	31.527711726039	31.4704849717883	31.5893336045895	31.725862581285	31.7673032016453	31.7859305182554	31.8431478107263	31.9363157268709	31.9624770540556	30.8765733850442	30.9757577458538	31.0718871086812	30.9357890356424	31.0129188499079	30.9898309411866	31.111166700174	31.1881900714455	31.2134406555563
P08758;D6RBL5;D6RBE9	28.0373723412413	28.0705570585528	28.1747901657092	27.9528817198029	27.9246767908796	27.9304974215531	28.0839548277526	28.0983844210861	28.1421912137211	28.1556667416355	28.1487508070744	28.1177818746518	28.2213108347866	28.1779766565706	28.2069481655778	28.2197886881711	28.2805622258179	28.1494293574656
P09211;A8MX94	28.5388988830738	28.6589785461887	28.6034987839265	28.4032437837162	28.5331536707452	28.5342674343421	28.4607257859332	28.6136853342742	28.6318001914425	29.2250632091351	29.0911372110549	29.0305744060091	29.1228745882429	29.1942272243964	29.1191185973879	29.0311004858519	28.9290021229051	29.1629097695888
P09382	29.9061265610523	29.8033352276986	29.8775829329034	30.1930758785262	30.2566491128785	30.2230846451088	30.3154888179458	30.3860735068815	30.4729556309467	30.0518064466661	30.1113532837159	30.0006154805923	30.0866397605699	30.2068783200141	30.0735479488497	30.0361673228885	30.0925744472391	30.063554106649
P09417;B7Z415;D6RGG7	21.8327926868049	22.210831840388	22.3383773178028	22.6042201986526	22.8759772738569	22.8264833172741	22.7935437778311	22.9209074324389	22.7703590196359	22.3892416517675	22.1517746824044	22.072347225107	21.9905776693646	22.5083325469973	22.6104067026659	22.5301719807147	22.2827162969177	22.1631238596802
Q5T7C4;P09429;B2RPK0	25.4340583017626	25.8009464933555	25.7410859125324	26.2533163160594	26.1164240812365	26.3389383172425	26.2078232766531	26.3099588068791	26.2798186963181	25.9600493183811	25.8418455208672	25.9774483365527	25.5447465771758	25.7937471668054	25.8278646404776	25.5185434277418	25.8826667419637	25.6480656813141
P09486;F5GY03	25.9013867552707	26.2389788785549	26.4252319132319	26.2847859836784	26.431286919717	26.4130289782684	26.4008196461397	26.2715610535719	26.4364113865475	26.44741030506	26.693784485052	26.5899228860983	26.6802981358249	26.8172649426636	26.8561435727169	26.7984765474673	26.6065375999491	26.7106969385752
P09525;Q6P452	25.2782418544087	25.4377134723038	25.2559471634464	25.2078046627943	25.3923766491121	25.3729192468594	25.3707594984705	25.5612166135116	25.4724637742605	25.3953544839935	25.5099639058186	25.2739810862766	25.327179817828	25.4701998470988	25.490509630455	25.5278776131501	25.5687150755773	25.6486417443699
P09543	24.953891991053	25.0189465436642	25.1279395510703	25.1266798991128	25.1462373919909	25.2653858417668	25.2638468523811	25.0682931553937	25.3634254967488	25.0833462240562	25.0117998413434	24.9563314864231	25.1236838104006	25.1041760910764	25.000110408637	24.8914777951179	25.0210243471538	25.1124722785036
P09622;E9PEX6	26.3312865528552	26.407901647749	26.6246372937315	26.4998591439391	26.745862627607	26.6449894541923	26.6723612416019	26.6210075191185	26.5396829042275	26.3508883433166	26.2676733947723	26.2558031315947	26.5425933666315	26.5252510030608	26.6047009414695	26.3956650028338	26.3532126633724	26.3099761483185
P09661;H0YKK0	23.5063966929116	23.3204469081362	23.6814245918268	22.6997105391295	23.2894020479537	23.4926502640559	23.3593088153408	23.6586176996629	23.4883658159169	23.3415025355016	23.3874546743121	23.4641348925917	23.7435532886758	23.484806180284	23.4514878299467	23.2168820042213	23.6144789055802	23.5302910690008
P09874;A0A7I2V3E1	24.3158256449999	24.5410280607436	24.7330894061104	24.1998532358452	24.4978357604086	24.095228307694	24.0982840142906	24.7240595587498	23.9990351987608	23.9997234253885	23.9754379768962	23.9910969045838	24.1416456682274	24.1439822692471	23.9868510048254	23.8988294178364	23.9382256512256	24.1691322876419
P09914	23.6578548590448	23.5220508282451	23.0987016606372	23.2532802437235	23.2104157012189	23.1685203279123	23.1297798138456	22.9379563661029	23.0336723574563	23.3270427251267	22.9134942686148	23.022032487269	23.2765390568774	23.1109362984001	23.1306440842057	23.1741405900913	23.283196898427	23.2631304836088
Q71UI9;P0C0S5;C9J0D1;A0A494C189;C9J386	26.0218080464428	25.6235214123718	25.6995675819196	26.6114708592558	26.941453158256	26.5697148291369	26.8942332623247	26.7795654758791	26.7488080803136	25.4927724900941	25.4335808569289	25.6683628332813	25.3808988301112	25.9321545451662	25.8000577998968	25.6692012556936	25.4179933447054	25.7419602576045
P0DP25;P0DP24;P0DP23;E7EMB3;M0QZ52;F8WBR5;G3V479;Q96HY3	28.0096126056674	28.1470044963312	27.9801644246612	27.7413045484833	28.143408205544	28.0124393810839	28.061675747983	27.9714197978756	28.0087047296562	28.0155264994864	28.2024712184913	28.1791638449992	28.0525839702855	27.8531120128331	27.9109080150024	27.8449965707627	27.9029971629146	27.8763099085087
P10155	24.0062452556187	24.2854564056091	24.3697283248157	24.3218923220525	24.5173123182902	24.2812169225675	24.6368830104106	24.4410110624044	24.5912077563398	24.4571363582255	24.4672483105225	24.2754737869177	24.3910657635184	24.336267367847	24.3963675093082	24.2752606385032	24.5692367725663	24.4182829423549
P10301	24.7128233557576	24.5676130953522	24.5279074335294	24.8838089353294	24.8382186957196	25.1795340479272	25.032630287737	24.8596072001838	24.9639339411185	24.5966201836134	24.6960951986282	24.8213827890808	24.993603910409	24.9013637364187	24.7148680588015	24.9296737883608	24.6129616100424	24.8663209402872
P10599	27.5324478421522	27.5902799092981	27.6592848544825	27.8063040694008	27.8971220043113	27.9376421365861	27.9724609999711	27.8847755964222	27.977273633835	27.8308046331502	27.5721027387153	27.5911364046723	27.6968380900148	27.736925521652	27.8262650926605	28.0992877679252	28.0821282458996	28.1517050167203
P10606	24.5383660973076	24.978801565786	24.7758035570829	25.2642765029648	25.2928456551615	25.1115174572741	25.0717746134539	24.8324836675441	24.8879970024475	24.516410840449	24.438411668294	24.3082062469122	24.635056918981	24.1183860286813	24.2343262849622	24.109964523721	24.5080302409717	24.8408136445308
P10644;K7EPB2	25.014611698026	25.0701782815533	25.229493621828	25.3839663249236	25.5228889431519	25.1426976070283	25.3118131598024	25.2976109610329	25.5240256065923	24.9408709478229	25.2601178443339	25.0262691324625	25.0084269122615	25.0396329630319	25.0655019273121	25.0456023698744	25.223945423846	24.8422532684936
P10768;U3KQT1;X6RA14;H7BZT7	25.1713484681865	25.0304007575542	24.949000590285	24.8074960392052	24.8527192273714	24.9695217817152	24.7617224631096	24.7037709567654	24.7106706669157	25.1190196233515	25.0467683187096	25.0298112493278	25.1691705265075	25.1006517531053	25.1813552016723	24.9905343913265	24.9277313120052	24.9499356848673
P10809;A0A7I2V599;A0A7I2V2X6;A0A7I2YQK6	29.5644183994419	29.5381033318856	29.4530316029769	29.4637296543074	29.3638807894125	29.416210234404	29.2819111073584	29.1992916209516	29.1112537754965	29.6064317024161	29.5997621704253	29.5471614258351	29.4864643447432	29.4269039725746	29.4332664528079	29.4370625763232	29.3712955838328	29.267539458455
P11021;A0A7P0TB36;A0A7P0TAI0	29.0691233242327	29.1327613217826	29.1529381824788	29.1586068377835	29.2441792923139	29.2686106009939	29.3604939834776	29.2927666848729	29.3202316929436	30.0800451515024	30.0151808578137	30.0122528779435	30.008384166375	30.0436170488528	30.074696642268	29.9402772991601	29.9726801046933	30.0285472056947
P11047	24.7745976683567	24.6166677413308	24.6820142893788	24.635056918981	24.5881793441473	24.4631371781391	24.4543148585175	24.5326707727006	24.47654845258	24.9116852922074	24.9129646012963	24.8899472808905	25.0895823759139	25.0856575535086	25.0068444703474	25.0378331256545	25.1983551100191	25.0272820535754
P11142;E9PKE3;E9PNE6;A8K7Q2;E9PN89	27.9517707151345	28.0685596814044	28.0599753982675	28.3046076997846	28.3333014188468	28.4163109200936	28.3992556252992	28.3519077997182	28.4281028217718	28.0921963659858	28.1515114832783	28.0793840296293	28.12726065658	28.1468103312569	28.0825851082164	28.2263730893186	28.1304064614657	28.1989170895266
P11177;C9J634;F8WF02	25.0682931553937	24.9427510893239	25.0773275304118	25.157190555804	25.1141019709714	25.2168968019283	25.2359335819786	25.3591747421061	25.4070101897611	25.0875606050165	25.0388798159517	25.0045318408794	25.2901406560578	25.2845742067478	25.2798009885634	25.2951601959409	25.1649965130726	25.2741944238062
P11216	24.652394235414	24.5886368705258	24.5148469432325	24.7764563261988	24.5614497104206	24.6134113454755	24.7353122378294	24.8510993457115	24.7318472650119	24.5766361142353	24.6311202018473	24.5047006871262	24.7348472772922	24.7352089262148	24.6322857021457	24.6400869138743	24.7054594304168	24.6361085872267
P11279	25.0077428260484	24.8635352213869	24.7876578968278	24.5252211277221	24.6754604802607	24.8508609743412	24.9086194754348	24.5883509335432	24.7972399869726	24.3626566031726	24.5850872400778	24.5119552869294	24.6786336630499	24.7114060926006	24.7879567461383	25.0004972881104	24.9980022428401	24.896152032101
P11310;Q5T4U5;F6YB23;A0A7P0TB51;A0A7P0T8G6;A0A7P0TB55;A0A7P0T932	22.675944976445	22.858858243152	22.8917466269031	23.2776744785127	22.7326651281687	23.168091801599	23.0045318408794	23.0577319946076	23.0885152339385	23.1086093189967	22.7501328528021	23.160187192236	22.9861218799576	22.5823561011091	22.2975969684813	22.8075451714626	23.0828916324865	22.8264445241997
P11387;A0A7P0T852	23.6967850390287	24.3570950120955	24.3545415688787	24.5013634313219	24.3594428761169	24.2532802437235	24.2838327425825	24.3671971633763	24.4189906030879	24.1171180039537	24.1653799536173	24.3633252295186	24.1435930984533	24.0888548647419	23.9138776994539	23.9488669558542	24.0646388378808	23.7117736649073
P11413;E7EUI8;E7EM57;E9PD92	26.1690175649635	26.1747615981505	26.2180801269884	26.1213733651231	26.1967428877855	26.2631125698311	26.2320218058886	26.1787745548503	26.102094568501	26.652941228801	26.641272762465	26.5484996307078	26.7411116361288	26.7676189243822	26.7156798931338	26.8619511021861	26.8904112445674	26.6973684926093
P11498	23.7385112339019	23.5088161049173	23.9059143211435	23.5407325294643	23.0223542660237	23.4803750684078	23.5500421724067	23.4617641931802	24.1128301736078	23.7309667675534	23.706724490088	23.676267883532	23.7289966514765	23.6489982395965	23.6483400257424	23.9699169504118	23.8411496853039	23.587492782408
P11717;A0A7I2V381	23.9847668125059	24.0861841806511	23.9942083976106	23.7834674933481	23.7100925693377	23.67734371881	23.8147005849815	23.9095811042609	23.6792782029151	24.1607719272109	24.2436528308389	24.128175613419	24.3341543275568	24.2979607307248	24.25609118092	24.2475694554458	24.2516199405235	24.1921212096778
P12004	25.1871448342671	24.9858527050446	25.2118568141269	25.4222028751687	25.3328918434935	25.5427409493682	25.3014537716082	25.6558095465135	25.6548267655897	25.0985249788611	24.9671484937795	25.007871116924	24.8575679878804	25.0053459666165	25.0290950939192	25.0577980876312	25.0229299015728	24.8092637471787
P12109;A0A087X0S5	25.8031165533093	25.7278029044999	25.8016619874092	25.9294480533475	25.8131842497195	25.8265318071503	25.8373286109592	25.5835673910584	25.8894831679572	26.0880258632731	25.9774701729049	26.0221044703273	26.0269444922178	26.0614903526423	26.0274297118367	26.0593462763927	26.0347304643109	25.8844845016005
P12236	27.2378125783586	26.632979005557	26.7821929945672	26.5595547070127	26.7439384352964	26.6333948277362	26.5781632789058	26.3229410609637	26.2662619741951	25.9922645010117	26.0082131701628	26.1107810177027	26.2464282045456	26.2471529129163	26.1243150831956	26.2449232722649	26.1563420477621	26.22719976972
P12270	25.0386705386342	24.7744971321168	24.8314692329253	24.5715531461075	24.7606062579933	24.6872039417074	24.5127390163121	24.513522320173	24.4681188648601	25.0897439952544	24.9060978818081	24.8394206411701	24.9781032833918	24.7799661688524	24.9821137994587	24.9340460729304	24.932019341095	24.7041932604759
P12814;A0A804HII9;A0A804HKE2;A0A804HK61;A0A804HLD0;A0A7I2V4Y4;A0A804HIN7;A0A804HJU8;A0A804HLF4;A0A804HL31;H9KV75	27.2918450452991	27.1794960827678	27.1791163762145	27.1858413562478	27.2909667456002	27.3099067813101	27.2144716526624	27.3847568788724	27.4581851754865	27.4115912827347	27.46489830163	27.4808526825202	27.3623556201892	27.4345196816242	27.3245728262225	27.2569190025137	27.2762195584726	27.3181208833225
P12955;K7ES25;A0A494C165;A0A494C194	23.9814606711752	24.109805153929	24.0784681296678	24.0937786056385	23.8683478266336	24.0381681491778	23.6890185855555	24.024706151078	24.235641479317	24.4403774955588	24.5062150733431	24.6194131180696	24.4733931262762	24.5076069060863	24.4319882320338	24.5619157912843	24.575136191233	24.5148469432325
P12956;B1AHC9	25.0808279348238	25.1031357051917	24.9569960880538	25.0368275880352	24.8944414450966	24.907336305783	24.9452541392528	24.8134289277454	25.0618817148676	24.9592976728992	25.0001963908196	24.8691954459006	24.9026982230994	24.7656729733257	24.8009958491668	24.8165571469754	24.7766069232908	24.8128905813019
P13010	26.5040186943636	26.4191996182562	26.4916415039349	26.2328086689242	26.2662262241011	26.3903770714658	26.315169191364	26.3367100324605	26.2831792320884	26.4413752373923	26.5194135785785	26.5626000746809	26.4046086183012	26.3818890573677	26.309421118841	26.2827021591552	26.172626954197	26.2229511093473
P13073;Q86WV2;H3BN72;H3BNV9	23.5101450540922	23.3996304931049	23.7593875939415	24.2506806623868	24.3165163262851	24.2570269442324	24.4523050962618	24.5808391198214	24.5743856445433	23.74570878663	23.3074420891743	23.540141285228	23.4250878174431	23.559058679832	23.5312434215667	23.4135132720574	23.2050844590263	23.3889001948092
P13473	27.8896572278043	27.6062551892522	27.5243245797652	27.6499986978742	27.7729127615049	27.7666083683189	27.3972982118618	27.2552088481645	27.2867434479595	28.0083307322358	27.9443048324238	27.8905272121766	27.9263745454091	27.8201900666682	27.7835674064366	28.2624406425492	28.0572403327168	27.9718582903499
P13489;E9PIM9	26.1455184683939	26.1248277890287	26.0272609583044	26.2028074718528	26.046539367401	26.0763695452406	25.9980883507539	25.9620150087616	25.973424811944	26.2717925557792	26.2681554625845	26.2663870925479	26.2536409265026	26.3814765452725	26.3444855526263	26.3838509996036	26.3290635226132	26.3898029101811
P13639	27.1043960765973	27.0647621679883	27.1088884358193	27.2478048393395	27.1734087528888	27.152672294692	27.0874999080937	27.0815188710052	27.1290801614318	26.8790009587955	26.863606111428	26.9362946629132	26.7378926267142	26.7590065502167	26.8057507591276	26.859701977154	26.8273558857875	26.8093128192732
P13667;A0A499FI48	26.4550050681838	26.4183633758308	26.5178529347373	26.6401696791343	26.5810403265058	26.5872066185588	26.8569746524655	26.8172649426636	26.9085049531056	26.9727896445773	26.964330643138	26.9823967299156	27.000669201247	26.9502695003886	26.9546020879897	26.8897152430869	27.020939597401	27.0179702152042
P13674	25.2507167997791	25.3415703998871	25.2112627151672	25.2233931115079	25.1111990430502	25.1364526710932	25.1717302244378	24.946548656773	24.9740815874941	25.6625345211843	25.5847145950955	25.6711196795279	25.84345185873	25.7748238492838	25.678687385705	25.668579247006	25.688485103672	25.7676441792166
P13796	23.3971512987376	23.6233260443655	23.2589685154216	23.0648854875536	23.2958608394595	23.1767295318832	23.1840447834594	22.7446827606705	23.1959398540821	22.1222782366074	22.5014484754723	22.5256393261757	22.2399294445228	22.3704468978607	22.3596841541255	22.5210923860634	22.1716080734278	22.3039913963063
P13797;A0A0A0MSQ0	25.931027457219	25.7954574757985	25.8775507553216	25.6375188329059	25.8221368596308	25.7127971227923	25.6809955694339	25.6951394901163	25.8688894186087	25.796745065856	25.6306481839119	25.648532035806	25.7358545024631	25.7355963066286	25.7336842199314	25.7489871747265	25.6737634611498	25.7945406057067
P13804;H0YLU7;H0YK49;H0YL12;H0YNX6;H0YKF0	27.0618817148676	26.9498243958603	27.096978089644	26.9646611448478	27.0230568490885	26.8653772313143	26.9055241771674	26.8352094437819	27.0161643897138	27.242817359766	27.1071929660106	27.2510600598664	27.3210493399334	27.2845389075701	27.3395160885922	27.3711917068813	27.3751752207998	27.2740877589848
P13861;H7C1L0	23.8250278626251	23.6500945957864	23.464508857697	23.4087277805108	23.2326440121695	23.2668517228806	23.2261452096677	23.2402206803759	23.034898346436	23.8987371768568	23.9784961088247	23.7570489398761	23.855953544392	23.4735789248608	23.6206440388695	23.8416296078128	23.3189311101602	23.5471025751533
P14174	28.3717733214995	28.594343741262	28.503889837301	28.6051249933143	28.7223406071862	28.6702013159945	28.0459876536372	28.536010603749	27.9808181399045	28.7895184715512	28.9275052728288	28.9903179816597	29.3204899473224	29.1820328047171	29.1787840509819	29.2811594273213	29.0695331080212	29.265394784581
P14324;A0A087X1D8;A0A087WVN4	26.2817475397498	26.3527750342032	26.4783241534865	26.5359661234875	26.5966201836134	26.6499301954625	26.4646958039048	26.0309269007103	26.5697437971718	25.8047665721425	26.1505434264474	25.8906663610039	25.9818525836259	25.9990136863876	25.9672144711897	26.3717234780045	26.3007034811821	26.0838534116308
P14550	24.4504183980319	24.5158095421279	24.6704444691214	24.2919328458676	24.3987176012972	24.0772460245198	24.2313260811635	24.3288239149186	24.3306712873512	25.0166532479528	24.982157330833	24.9415874811499	25.2500661881847	25.2175255642136	25.0389635183792	24.979717548821	24.9709263344839	24.7764061236745
P14618;B4DNK4	30.3105136295771	30.1500107181804	30.2067619032264	30.1259560859347	30.2153514718477	30.1595454421588	30.1249707225969	30.2420677484764	30.0766091011768	30.4683985743722	30.4161900964228	30.3848392033348	30.4727620065952	30.4130653059423	30.3241006628928	30.3759623223908	30.3895649764047	30.3334080600148
P14625;A0A7P0TAT8;A0A7P0T823;H0YIV0;A0A7P0TAE1;A0A087WT78;A0A7P0T917;A0A7P0TAY2;A0A7P0TBC2	28.3840981140021	28.3615192267279	28.4464009531313	28.4881129420806	28.3916967758926	28.4612724092299	28.495603706426	28.3578333240263	28.4770736700152	28.7823179952207	28.7545854435307	28.8620102423628	28.7102699648203	28.75744957633	28.7470799566801	28.7897361077842	28.7219822343407	28.8411316851037
P14854;A0A494C160	25.0208972206576	25.0664055627733	25.1997783664899	25.1682142506774	25.3397369400323	25.405485330634	24.8165083206774	24.8644329046297	25.2268507846615	25.5869776466041	25.450135180368	25.4008359291037	25.3322431112882	25.487630059824	25.5190235758617	25.4146749142913	25.3859089940767	25.2089954658568
P14866;M0QXS5;A0A3B3ITJ4	27.1594251423847	27.1221834295337	27.0669187399711	27.3094731619263	27.2459025632432	27.336454665606	27.3678636891635	27.4034875988943	27.4899127450167	27.0572403327168	27.075104846286	27.0241143108677	27.1518985242037	27.0598207216016	27.0159517909747	27.0183947870262	27.0823313136796	27.1158488637436
P14868	24.4925280276618	24.3778909763675	24.6986936465932	24.5175526172773	24.491549763484	24.6662240028032	24.4640725556487	24.6504781237034	24.7809173688791	24.6739521174354	24.6425678085697	24.6276180408913	24.7046154406065	24.6056336910558	24.6932793536875	24.6337273992086	24.9298994880595	24.7143440521704
P15121;E9PCX2	25.5189635660851	25.5261171188745	25.4630436070245	25.7122461203057	25.7531002219425	25.8165083206774	25.9318390492876	25.8955974693262	25.9994653788758	26.5221256797319	26.4161578750682	26.7017368894276	26.3748768384897	26.4978205362449	26.4081122755384	26.3427066540409	26.3132499433771	26.2640795956637
P15144	26.9357328438941	27.0330715784913	27.0868927983748	27.0355906537753	26.91536025249	26.8595835049683	26.9974424160931	26.9600272167497	27.2093673903345	26.1360614635847	26.0667134909963	26.0960531819877	26.3409425324792	26.374064262739	26.3186208642809	26.4054528693058	26.2787735667358	26.2318753654042
P15531;E7ERL0;E5RHP0	22.673855097284	22.0852442191214	22.5021286482605	22.3665303295114	22.5360906647639	22.5515683991455	23.0670706054154	23.0759086704708	22.7844463433778	22.5709396692258	22.1208554759078	22.5163867933273	22.3818164637912	22.0716273337155	22.4762765001942	22.6189876466961	22.5228650037674	21.8807299407024
P15559;B4DLR8;H3BRK3;H3BNV2	26.391901590703	26.37471104387	26.3790981765111	26.6383753679217	26.6805664194223	26.8365342880082	26.7843165341251	26.8911069104368	26.9599167035135	27.1576917124494	27.1368242199939	27.3440113940998	27.2922839947171	27.2266487020888	27.0815188710052	27.4954130981417	27.2711513817199	27.3733508088248
P15880;H0YEN5;E9PQD7;I3L404;E9PMM9;E9PPT0	26.4219622027041	26.2230984584477	26.2943890948584	26.3737158758365	26.2244607246621	26.2870782433585	26.2563251786564	26.2103896885349	26.1654949659109	26.1784326524783	26.1947532480648	26.1667020417484	26.2595792104095	26.2046368109777	26.2301169191856	26.4011452705084	26.1723217470632	26.5014697357266
P16152;E9PQ63;A8MTM1	25.4378404421644	25.4735169946579	25.3890643668955	25.7842166729053	25.6929868283559	25.7483218548072	25.9049732059947	25.746631586517	25.6456491981347	25.8241053146499	25.8731444311424	25.77868857182	25.8126458119488	25.7514410860893	25.70017637544	25.8201413631694	25.8289784289976	25.7410344639636
P16278;E7EQ29	23.5466316832549	23.8894831679572	23.9784088235271	23.9563314864231	23.8918949264474	24.1213140742552	24.0944230975147	23.9410949027188	24.0679240380728	24.1440600908098	24.2462650949805	24.1964802623986	24.2507529362661	24.2096276804311	24.1982052118382	24.1068536328137	24.2095533166239	24.24698988527
P16401	26.7756779906926	26.9117081469633	26.9761812622822	27.228851710787	27.2687444379105	27.3337279362308	27.4360300658588	27.2193732784017	27.3735167598275	26.7038501481277	26.7294894327736	26.7522581298834	26.8578052537375	26.7721576873211	26.8679709470492	26.8228662302433	26.9026522268602	26.9367439606561
P16403	27.4853898258569	27.9492678220172	28.1827669102977	28.2124321142878	28.1217389383069	28.2470351725752	28.6205181974438	28.4003147830783	28.5374184365192	27.624916129264	27.8104777912134	27.759514586155	28.0519619849166	28.0964252270042	27.9082758811711	27.7360223049795	27.7602763047793	28.0458835330366
P16435;H0Y4R2;E7EMD0	23.0051317675394	23.0886284530903	22.9104963457056	22.7017421764359	22.5844680231971	22.60073143172	22.6081970575671	22.3897405589168	22.7603626075228	22.6594890238874	22.657266106271	22.8467069952486	22.8188598705476	22.8176699384584	22.8817570025488	22.721402133273	22.7827479147767	22.9978472356429
P16615;H7C5W9	24.418861963316	24.3406879137742	24.5236069400352	24.1399297524226	24.2599024148956	23.9690386507129	23.9339110460184	24.1610026784242	24.0968373810717	24.3894911269084	24.5165911810864	24.426112186025	24.2776744785127	24.271133567261	24.273127420547	24.1897105652179	23.8794217127112	23.9730744093578
P16930;A0A804HJX2;H0YLC7;A0A804HJ13;B7Z4W2	24.0012707359542	24.0285050518271	24.0667750687548	23.8569034358148	23.8562385774939	23.8430684181853	23.6912570577515	23.5777312264821	23.3959754548538	23.8839953300378	24.0196253392027	23.996365215236	24.0453524010545	24.1321043099291	24.1999281013153	24.357229278735	24.362322173759	24.1240783882661
P17174	24.5097827347966	24.4687403679244	24.763901646338	24.3839663249236	24.5776159906466	24.5340967130597	24.6215385948063	24.5888084055168	24.7683006497833	24.9585456356052	24.8899008763153	24.7863123083197	24.8775507553216	24.9586341309306	25.014611698026	24.9431089338775	24.8666039326461	24.8550505678739
P17301;E7ESP4;E7EMF1	22.988186777443	23.2705633884014	22.9828014416453	22.8595787658785	23.1373207727917	22.9599255448839	23.19682541732	23.1590940256079	23.2576744250006	23.642843200374	23.7224448443916	23.4667506149451	23.8004528423529	23.6822822540596	23.7445801179298	23.7672905712985	23.7314847723132	23.6241073577021
P17655	26.0578187410801	26.1217093006887	25.9916375759592	25.8039048574288	25.8228905362477	25.6667928621637	25.8275254906192	25.5634295150335	25.4848369043593	26.0157816894237	26.0209819728997	25.828857406672	25.8440268285314	25.8538139992262	25.7824679817099	25.8100732233725	25.7106969385752	25.59340366133
P17858	23.6171723860188	23.5238461929446	23.7903453146324	23.9224326913306	23.6757296648946	24.0610164562814	23.8089201957734	23.5422686314589	23.9979161297867	24.041514112389	23.7297227967578	23.8698543612082	24.0264802163496	24.0393401192187	24.3254652220129	24.2191886134362	24.1208396595713	24.2339607403177
P17900;H0YBY3	24.0747987041011	23.5097827347966	23.7989708750517	23.5194135785785	23.5005734961424	23.5947993171845	23.0739329906787	23.4830845869522	23.3883747185546	23.8796086750701	23.5768090819694	23.6999646503089	23.9878919729717	23.689231923085	23.8265802953967	23.7077778597616	23.5274302334784	23.5799189603126
P17931;G3V3R6	25.5343045449913	25.4805907846835	25.7512622960619	26.0408037442208	25.8445776263161	25.9654760588285	25.7128495882458	26.0306954213611	25.7826179526078	25.7114586086642	25.5078488269455	25.7387689086317	25.490509630455	25.525131497994	25.5566344480538	25.6464459864118	25.8740830746634	25.7080937207461
P17987;E7ERF2;E7EQR6;F5H282	26.2341983548719	26.1548752665047	26.1680994549709	26.2788444469088	26.2571708539623	26.220314702226	26.176170257061	26.1468782920055	26.1311231383295	26.3142185317566	26.3273340315468	26.218708373875	26.2932141260305	26.2274201378482	26.2512226282484	26.2673876489288	26.2849977295262	26.1723408244008
P18084;H7C4W1;H7C5U2	23.5108694198183	23.6218739103316	23.5858895332692	23.2950200263959	23.4868939283134	23.4290532006434	23.6347800367153	23.4132550022678	23.2107872597894	23.6409694986175	23.5422686314589	23.508574346217	23.3995001153505	23.5415598645369	23.512437632317	23.6008221558453	23.3959754548538	23.5837108414608
P18085;C9JAK5;C9JPM4	26.4774906182817	26.4997071084628	26.5060031549449	26.5055035098066	26.5360550826391	26.4590455753846	26.3813115074028	26.5781632789058	26.4621231676663	26.4118660094539	26.3869286711923	26.4276154099469	26.5095562390208	26.416834372437	26.4896524868815	26.62784065325	26.555991197042	26.5286825471195
P18124;A8MUD9	26.4578408717998	26.2327903746573	26.3473610317177	26.5010292807608	26.4165766965566	26.4080150665337	26.5362181601717	26.4951233253104	26.3755563973003	26.0262480223751	25.8774805471975	26.2264098407303	26.1079910823664	26.088672929612	26.0172056709145	26.3316965841329	26.1787745548503	26.0599032178871
P18206	25.1354744533472	25.2538572928951	25.1821512341117	25.1162059222879	25.1225784179115	25.0906729552647	25.1925727574251	25.0943828252063	25.1882773369086	25.2045248772593	25.4015521976439	25.4009010591223	25.3318673961103	25.3407897666487	25.3672304969801	25.3167925062411	25.2494514521536	25.3044162212468
P18669	27.0235856768649	27.047496558515	26.9509368998026	27.2353493175013	27.4109446604858	27.2487098042675	27.3872245715447	27.2400896315174	27.3119863420895	27.3625228407099	27.536529438828	27.3739315538389	27.2413632131988	27.2108541301707	27.266601555911	27.3948477044656	27.0966765544687	27.1102832104996
P18754;C9JRH2;C9J3R0;C9JMJ4;C9JQZ4;C9JW69	23.7370674043031	23.715234750232	23.6583997863567	23.611330142841	23.5625564067131	23.4699825714116	23.6487788683438	23.6251112820762	23.2659938268944	23.481360936758	23.3498934683987	23.2390262395764	23.2036813639901	23.3630578161646	23.3853495101762	23.4085982223372	23.9020541422643	23.6710926771782
P19367	24.3673304931708	24.3381052395293	24.4714718051344	24.5823331284411	24.5724208282416	24.5766937724509	24.5536789741917	24.5336809593553	24.4963735076131	24.2964911278299	24.0387542532042	24.3428592170393	24.3402125052593	24.4348536921968	24.4786481760528	24.3867971404413	24.4111871777936	24.3258769108888
P20020;E7ERY9	23.9765746113316	23.8868813727689	24.0334707252773	23.8190938400658	23.9195260454246	23.9856355919136	23.982157330833	23.7851650755267	23.9231584387097	23.819581154727	23.7282701405237	23.8243481476345	23.8090183616661	23.8021305670483	23.9045368712051	23.6592712421614	23.7176421209027	23.8521477120961
P20290;A0A7I2V5Y3;A0A7I2YQL2;A0A7I2V3T6;H0Y9Y1;D6RDG3	26.1467423673069	25.6707686095551	26.1152337223569	26.3400087107858	25.7694613664507	26.0926903723079	26.0119704129966	25.889552794416	25.7321579005634	25.6920290578102	26.016568241027	25.8929140733574	26.1141416965793	26.102354923121	26.190935223983	25.7494220257629	25.7836673126062	26.0252132495159
P20618	23.7207761446715	23.8240567431478	23.9895386379615	24.3161019571944	24.4101521530584	24.2878532608582	24.2177104421585	24.0859411458568	24.1183068097789	24.0270710869828	24.0667750687548	24.1873714059269	23.8320006923995	23.8999358498259	23.9315685693242	23.7407771935953	24.0394237949453	23.9985188132488
P20674;H3BNX8;H3BRM5;H3BV69	25.085819613105	25.2653500699553	25.0806246553092	25.3487797438835	25.2297136398811	25.340653961218	25.2646702369601	25.3107736292848	25.4310955935393	25.0677599556113	24.990880579286	24.8837157289437	25.058045909506	24.8733322087088	24.9760064060518	24.9381358951027	25.1386414749128	25.0630345863336
P20700;E9PBF6;A0A0D9SFE5	26.1409244522651	26.1538128491892	26.339957757669	26.474584918236	26.5930616621484	26.4951843349539	26.6558095465135	26.7266341519838	26.5588543837656	26.1552227968617	26.1354548822252	26.2151199924985	26.2627004915414	26.1413533268311	26.1948471606836	26.1382117933076	26.1286672859548	26.2200747897791
P20908	23.4291809349425	23.6499849976521	23.3996304931049	23.4162223170577	23.2714185722088	23.3715905535984	23.0852280075165	23.1965553031019	23.0229468285536	24.1826816784955	24.0716927932332	24.217562541698	24.0141008588206	24.1564577827941	24.2103711077592	24.0905518204846	24.1417236159293	24.2185975266551
P21266;A0A0A0MTN3	24.9428852914332	24.9941220578015	25.0155052316206	24.7954574757985	24.8580424805802	24.7899474944062	24.4576999966052	24.4250878174431	24.5780768787716	25.5742123859965	25.6919758296874	25.5490139945512	25.353296807611	25.2913356966025	25.1283723025413	25.3449257031919	25.3850532249545	25.154952502708
P21281	25.9112967059514	25.8631807189219	25.9630961006848	25.8091165208797	25.8016373211066	25.5727388476501	25.5816725077472	25.8480213278847	25.5378331147114	25.9356204538313	25.9892571047969	25.7699405205132	25.8779251409578	25.7613420356516	25.9322221424506	25.969433951748	25.8308408919424	25.6674968536018
P21283;E7EV59	22.3046599167936	22.3591479259639	22.7825479681288	22.4793638536936	22.5153764521038	22.2453368317621	22.6350015467788	22.1631238596802	22.05042660685	22.5555056449959	22.5455009152153	22.4251134355241	22.7096088915917	22.2121092321209	22.6316309178733	22.7758738694881	22.6936196721513	22.30552296419
P21291;E9PS42;E9PND2	23.6053511033439	24.3177587199479	24.0993279035484	24.180027504106	23.9602261192441	24.2707772318822	24.1543731303694	23.8252220081025	24.1245517392982	24.2511865035243	24.1100442020156	23.830647501186	24.0146968203106	23.9969685468029	24.5000263644598	23.5329085273222	23.9362497254421	23.9176153715503
Q60FE5;P21333;A0A7P0NMY4	27.5880649398777	27.6241492018351	27.6545809657165	27.6948473417468	27.698097477923	27.7186875521375	27.7057626186926	27.7541075347642	27.7626857639406	27.5828355720535	27.7173806446825	27.6463635804423	27.5317044914346	27.6071022555497	27.5615808108833	27.5299188854627	27.6135097064159	27.6227537429645
P21399	23.598325161209	23.3902130486998	23.4418975888147	23.2068289604432	23.2461200932173	23.2281287604669	23.3345635447034	23.1890921886901	23.2642765029648	23.4846832774394	23.2894020479537	23.5723051674374	23.6241073577021	23.6792782029151	23.651299626074	23.5761170865732	23.4669994841955	23.4503554655779
P21796;C9JI87	28.3755066843373	28.3693622472495	28.3786931329084	28.3928842972456	28.5666699440007	28.4689422987864	28.1742187070289	28.3801804901085	28.2847153948223	28.2834795304273	28.3508967715289	28.1955419241276	28.1523821793898	28.1963864560303	28.2184035235244	28.1709284196016	28.286919665749	28.2767963791459
P21912;A0A087WXX8;A0A087WWT1	24.1352395823591	23.6976336207991	23.7436560044953	23.9011335276961	23.9649915708616	23.7161772433057	23.7297227967578	23.9404677413808	23.8121561486237	23.5947993171845	23.4870166429855	23.9859829572415	24.0158029532144	23.8131353091343	24.0688261581857	23.9012256155933	23.9885855346897	23.7577611055608
P21964;A0A7I2V370;E7EMS6;E7EUU8;A0A7I2V3G7;H7BZ45	25.2598305979336	24.9650796716855	24.9346310435584	25.1024149982846	24.9737313444089	25.1710048011688	24.812058196012	24.9569517908021	25.0470180423419	25.4182185923452	25.3946678366723	25.2025459482337	25.0290529560575	25.3254309093031	25.337560929	25.3329259792145	25.3132326412448	25.1671807603345
P21980	27.7365384980315	27.6579911101703	27.6952457112208	27.7305263172246	27.5940589332379	27.6360947544627	27.7879318443934	27.7724094226281	27.7638889861764	27.9538254015425	27.9351708060044	27.9743770389736	28.0003468473096	28.0800959944846	27.8916863758585	27.9608005724588	27.9955567864417	27.9578153419724
P22033	24.4344083275801	24.4297555993759	24.1198112255886	24.4326892035996	24.5206728673031	24.4518650873141	24.1875224339345	24.2156384546693	24.575713269257	23.8184113228844	24.2114112628445	24.6139733176861	24.4013243325889	24.1291981041545	24.2142307664962	24.1622327286242	24.0975608790039	23.9776230181173
P22087;M0R0P1;M0R299;M0QXL5;M0R2Q4;M0R2U2;M0R1H0;M0R2B0	25.743039599854	25.2134151609008	25.7803166839361	25.7295153639694	25.82534333576	25.6689849352612	25.6951660461256	25.5151779090511	25.6568734708986	25.2938631077198	25.2547945058072	25.5134018395649	25.9564422746248	25.3579675219745	25.5508641874292	25.9022842041444	25.8422532684936	25.910633581857
P22102	24.758727054175	24.336267367847	24.4703550239865	24.4602648996799	24.3665303295114	24.3004067470751	24.38824331958	24.3523204325912	24.396498170454	24.4811145328222	24.2455399403832	24.3098720965551	24.4499148615176	24.5080302409717	24.347462414581	24.5941158993409	24.5296955292438	24.3729856494112
P22234;E9PBS1;D6RF62	24.7807672210889	24.7299301997255	24.7735919905488	24.9593418981813	24.7785632562897	24.9183435457189	24.7856141013587	24.7489871747265	24.9650796716855	24.7249442805889	24.7442721458845	24.7613674006033	24.767341092022	24.8180699431723	24.9581916000106	24.901547876952	24.8890189056713	24.7491918268356
P22307	26.004210348947	25.7516198539623	25.9367214990919	26.259704909647	25.9713430479883	25.9429076572378	26.0485778364677	26.0179702152042	26.1263845090228	26.2636857004182	26.2428536946577	26.4456276904747	26.2537310831097	26.2206283737009	26.2560011716837	26.5227542789463	26.3865998218277	26.325207856795
P22314	26.9295383515913	26.7999590223786	26.9435784701951	26.8374970474973	26.8811035023412	26.9709263344839	26.964220459074	27.0072081579028	26.9369685570668	27.121887117266	27.1547014699275	27.0989867151559	27.1295715258454	27.1186236592922	27.088915504687	27.0820267012899	27.0660975688121	27.135259156402
P22626;A0A7I2V4I6;A0A7I2V323;A0A7I2V4N1;A0A7I2V3P1;A0A7I2V3P7;A0A7I2V4S4;A0A024RA28;A0A087WUI2;A0A7I2V4N0;A0A7I2YQN4	29.3326187286455	29.3754652555596	29.4434397958934	29.5155539144328	29.5417629323169	29.5677037504971	29.829958335859	29.8527549395599	29.7793306431219	29.1195144256477	29.1408513359262	29.172884422503	29.1939453470877	29.2313947531316	29.2379493029444	29.3491257655277	29.4090637678084	29.3684674622883
P22695;H3BRG4;H3BSJ9	26.7001499114978	26.6493820590422	26.8455350349225	26.7789391702297	26.9698291444995	26.8505510326673	26.9811993370488	27.0441644573363	27.003245443076	26.0874796752187	26.0927105322386	26.1967804017955	26.1871637165978	26.2874129610822	26.3740974380567	26.3299018362986	26.3560204288954	26.3872245715447
P23246	25.9906209461046	26.1276247411752	26.0942015859052	26.0021725680055	26.2330464732869	26.2753316914738	25.9550678992323	26.0215115616409	25.9763779502127	25.8220152620041	25.8502410243926	25.9568188908857	25.7212717413782	25.8009218148167	25.7745474011125	25.7776105023657	25.828518490141	25.8915241489997
P23381	25.6869903040584	25.6752181711398	24.073164847708	25.5710322862279	25.1906150289898	25.4379674008516	25.4087277805108	25.363358652703	25.2120795381784	26.709119791612	26.7207761446715	26.749703330135	26.5531223167084	26.7769331630711	26.8093128192732	26.9063272998003	26.7840668681141	26.8438591526753
P23396;E9PL09;E9PPU1;H0YEU2;F2Z2S8;H0YCJ7	26.170813839668	26.0201342263476	26.2048420002419	26.3886539016457	26.4251678724359	26.4030324438934	26.4393156473639	26.3591412218505	26.5032150447659	25.9504920011665	26.063610676774	26.1057951990796	26.0730217971985	26.0060097817227	26.1435347137786	26.2697076973675	26.2664943282146	26.1031557196895
P23526	25.661963979933	25.5507761367904	25.5243843669657	25.483269141677	25.659325690675	25.617452667923	25.4543462388487	25.7479634784933	25.5035486895119	25.6918959838208	25.8777145609922	25.6795735208124	25.7064873758814	25.5737213737555	25.6297036844868	25.596165182414	25.5001175674842	25.7401338168862
P23528;G3V1A4;E9PP50;E9PK25;E9PQB7;E9PLJ3;E9PS23	29.6995047027353	29.6194516002459	29.7278353563358	29.6186467591961	29.6255433122406	29.4907161871224	29.6596081093649	29.4720066232269	29.5514583887211	29.7931983229238	29.7576562103727	29.7770899828633	29.745301669905	29.6319042432059	29.5773350647299	29.8142880305947	29.7567340760223	29.6909907550205
P23634	22.9853228915929	23.2095384434025	22.9719700846084	23.1014134188155	22.9131290016202	22.8061098201891	22.9420440854654	23.0184202573627	22.9834800580933	22.9786357543176	23.0945197464685	22.8938029227093	22.9068318910027	22.9136586085957	22.7151718954628	22.9012071984841	23.0116974886706	22.6702931786591
P24534	27.3297992118114	27.3029531828821	27.3236283449836	27.0618817148676	27.1194154787637	27.2539474359824	26.9083904216849	27.0757169358331	26.6369936083669	27.1588475637925	27.1899932710631	27.0439559452618	27.149962280401	27.2326074192273	27.3124192068774	27.2359883446441	27.1568242158228	27.1345739068362
P24539;Q5QNZ2	23.7355188388667	24.0453524010545	23.9056389363482	24.1053356370609	23.821917976523	24.2741233148015	24.0027305626134	23.9448521561426	23.7844663129954	23.0284207403967	23.3637262566347	23.0583927886286	23.2279378704912	23.1305184043266	23.1865102442552	23.0670706054154	22.8397473971778	23.1607103873203
P24752;A0A5F9ZHL1;A0A5F9ZHJ7;A0A5F9ZHJ0;A0A5F9ZHD4;A0A5F9ZI66	25.7949867234003	25.9299671910844	25.929086803844	26.0273242431922	25.9375074458388	26.1325554248859	26.1173558434994	25.9085507631282	25.9607343010681	26.0508002276094	26.1044360703611	26.0881876570677	25.9094437679514	25.9000510543745	26.0152925357172	25.7555216857292	26.0680265801354	26.1278805294473
P24844	25.9562871687602	26.718164931215	26.4019101986034	25.8750679935378	25.7862375165915	25.6420995218234	25.9039855227751	26.0951276809954	25.8983681539514	26.0340167472508	26.1851986293393	25.9237251749309	26.3290635226132	25.9202305363105	25.8504794982085	26.0837519883792	26.2931965819325	26.2552268603504
P25205;J3KQ69;A0A499FHX9	25.2839386893684	25.2760065202205	25.2689942336069	24.9756129020302	25.0343526580857	25.1064543150772	25.1332024304938	25.1376647406596	25.3257396943164	24.8248336910177	24.9542914635853	24.902376218625	24.9715842481721	24.9825925723486	24.9287706363087	25.0303165568397	24.9837670689869	24.7602001510122
P25398	28.3153592481364	28.2525044702652	28.2093673903345	28.3040418943461	28.449237957458	28.3077807999319	28.2043383017607	28.3150568733195	28.0236385489827	28.1657153805153	28.3579171992067	28.114806937953	28.4075856483959	28.1917824560956	28.2273375037447	28.0378435963173	28.2409084916515	28.0671752601333
P25705	27.2751540524856	27.3890315339727	27.3137170225284	27.4153843465884	27.4458486649571	27.5058971840714	27.464041386167	27.386813582441	27.413852181006	27.3389213204642	27.3847568788724	27.242817359766	27.2801196948979	27.3060864503705	27.3233706518435	27.1594251423847	27.075104846286	27.1774064589315
P25786;F5GX11;B4DEV8	25.9848754385471	25.9448744914763	26.1994414063013	26.3285671482208	26.3863366883555	26.521062424483	26.7488080803136	26.837256417851	26.6251949109153	26.0287579565593	26.1838744657546	25.9841148844461	25.7593621941573	25.8685362295122	26.1182473927473	25.8883686873757	26.1296501286236	25.9820702667709
P25788	24.4123506937282	24.3953871733347	24.695564327618	24.7527685473806	25.0092815641279	24.6322857021457	24.9331906889739	24.9928263402271	24.9091232657115	24.66443469744	24.6440543001857	24.6608494153516	24.5390764346143	24.8904112445674	24.7963490066816	24.5117743658247	24.7992179753419	24.9892354461239
P26006	25.9252882126944	25.7423458296839	25.4005428076289	25.7037709567654	25.7782373849594	25.7730888886324	25.3598114790304	25.6470776091829	25.5744433927687	25.1746663688693	24.9692143534339	25.0068016775481	24.9831581900868	25.102094568501	25.1647280440414	25.2818536397713	25.0984848208941	25.0643921460325
P26038	28.2266946324318	28.1370686078862	28.0648135524216	28.0544483190794	28.1543634721923	28.1083401194803	28.1843286016263	28.2048046952736	28.1770262019338	28.0858803807607	28.0527912391661	27.9928587473533	28.0334392177036	28.0277038942337	28.104296087337	28.1090379404783	28.1204046423547	28.0097727597915
P26196	25.1396956056979	25.2790216321074	25.2513309969934	24.9634048353518	25.0987659031914	25.1554158331145	24.9441372428272	24.7531257322123	25.1277821547096	24.786412024593	24.7832676464104	24.7739943458007	24.9962790044116	25.0334707252773	24.7958042477218	24.9152462640222	24.7948132495781	25.0886527131812
P26368;K7ENG2	25.8116663190461	25.6377399228883	25.6788485416682	25.7530236884266	25.8092882834346	25.7353122378294	25.76691160947	25.5999997599552	25.8560723150282	25.7192361004256	25.8042249829801	25.7638763259038	26.086913039482	26.1261481533969	25.9114795831097	25.9504697526328	25.8746928656283	25.7634458105158
P26373;J3QSB4	24.5162304772656	24.2364446193691	24.3707927498688	24.8523382423448	24.9304410233184	24.7173283437512	24.8110292918622	25.0529155862026	24.5758863476618	24.1449936222789	24.2263363369707	24.3656629844426	24.1538321728525	24.2295669649073	24.4509217588607	24.0431841884462	24.2505361037654	24.3043814042366
P26583;D6R9A6	23.5914931277266	23.8363416589885	23.8413416734658	24.0570543664835	23.8505271882418	23.9742129067327	24.3525898434306	24.3216859229905	24.2603332416082	23.3895567710918	23.4717198613663	23.7407771935953	23.2877123795495	23.4864029652184	23.5793435624504	23.6721723771544	23.3497585172699	23.8221125409253
P26639	24.6489433999105	24.711616145386	24.588979920115	24.5180931437024	24.3832412697194	24.4366337770807	24.3388533313485	24.4238063330447	24.2995685799979	25.0391727532044	24.9557995845955	24.9131016028672	25.2188192125788	24.9817655011703	25.05573124816	24.9894953287427	25.0798519318274	25.1812414468888
P26640;A0A140T936	24.1744758914472	24.0335547421099	23.8887402765706	24.0245370786483	24.0322098852976	23.8861371400772	23.771729636465	23.7040876961367	23.9758752499699	23.8281310594462	23.6654651745717	23.689231923085	23.7934247075643	23.6782038097757	23.7165959315596	23.8139181593418	23.9143340319078	23.7946149682362
P26641	26.8957361300059	27.0023872068575	27.0186070260911	27.176360510924	27.1555702435223	27.127506669752	26.9743223303014	26.942236532226	26.9655421127652	26.9631181553522	26.9823967299156	26.8200683048383	26.9762905366652	26.8574493403174	26.849119669136	26.6774781418281	26.7634458105158	26.7468878151015
P27348;E9PG15	27.6958430592553	27.5660166316865	27.4206939980788	27.6006662202307	27.5913504490892	27.4970895873912	27.8028577971359	27.7141737090275	27.843679478344	27.4339628254354	27.2674055097022	27.4394424763035	27.391901590703	27.5171320677799	27.6778813357496	27.2698146865062	27.4176393130598	27.3356031161533
P27695;G3V3M6;G3V5Q1	25.2438343909807	25.3046947270831	25.339125268589	25.116364586613	25.2043009837653	24.9911401657512	25.1763795349304	25.3004765723559	25.1236048818757	25.2677091090236	25.0447272894537	25.1566892250086	25.152208082201	25.2588247849068	25.2601896469987	25.1685203279123	25.2807215037254	25.1846501947318
P28066	25.8594176275622	25.9603145115513	25.9731620179834	25.7683006497833	25.652394235414	25.8159711223079	25.8187038697861	25.9320418759868	25.7452984638056	26.0546967169865	25.8846009465774	26.0071012004915	26.1188216549065	26.1494196661353	26.0900065880729	26.1790784000621	26.2496322840613	26.1699924170663
P28070	22.7037287195946	23.198579928092	22.8605831048961	22.774265872174	22.5427173371448	22.8629112387779	22.7346095729148	23.1856334465212	22.8891489141716	23.3521857083029	23.3987176012972	23.0307290933929	22.9776928848215	22.7812076103043	22.8220541743597	22.5269290034879	22.3958447463562	22.7058390648079
P28331;B4DJ81	24.93021540833	24.9722856922315	25.0275351727715	24.6068199553744	24.9762686824507	24.7897982835354	24.8733322087088	24.9398403072877	25.0325882530054	24.9582358592114	24.9440478537482	25.0688261581857	25.0556071435815	25.0817220245704	25.1812035266344	25.1203650888299	25.2129329953193	25.2738032809003
P28482	23.8844612114772	24.4588891772012	24.2516199405235	24.5963358246806	23.9787579330366	24.4282865572594	24.8220152620041	23.8197760345113	24.1385243017115	23.8376895223213	24.1082104869811	24.2228774291531	24.1021346261162	24.1787365696989	24.2885574611166	24.1510468970653	24.2995685799979	24.1256556214405
P28799;K7EKL3	24.6312867595478	24.6103165792875	24.7862624475984	25.3095252031343	25.3943080337967	25.4193121523439	24.6608494153516	24.8295350009736	24.7051957366359	25.0962341888448	24.9850275012657	24.9589438218282	24.9186620063823	24.7573033251219	25.0773275304118	24.6096968286112	24.3130596085089	24.8763801736232
P28838	25.1766078034429	25.1730655763634	25.0270288899621	24.8153848594996	24.8958747773599	24.9136038306821	24.9455667153652	25.2528473053264	25.0490142767902	25.186238191635	25.2014619879214	25.188805534058	25.2092930131091	25.0712836225107	25.3062603214211	25.3189655778066	25.2943890948584	25.180672538391
P29401;A0A0B4J1R6	28.3412565003395	28.0691233242327	28.1368242199939	28.2172944334611	28.1858886042801	28.2885926621083	28.1550393884945	28.2631573538582	28.1318296491374	28.7535657133774	28.7579263794722	28.793833970442	28.669863535318	28.4096505458812	28.4604523965988	28.5527779604859	28.4611162522777	28.4413039929973
P29692;E9PRY8;E9PK01;E9PQZ1;A0A087X1X7	27.4282226519177	27.3509389118523	27.3650288254305	27.5046855352335	27.6080193498096	27.4777685168629	27.462872044217	27.5579346932914	27.6942495812075	27.4600617505157	27.4049496252966	27.3127654052211	27.6408592050475	27.3893598295802	27.406815616612	27.4635737631147	27.3769973285625	27.1567277951015
P29966	23.3345635447034	23.2296843060792	23.3746447206868	23.5410871597355	23.3920490393642	23.4694858183583	23.75837125361	23.853956734328	23.6076102567039	23.4988706268297	23.378751003243	23.3850861485397	23.5285037117114	23.4698583991827	23.607497383016	23.8825967823719	23.9038016931316	23.9427958247474
P29992;K7EL62;O95837	23.5779616705431	23.9813735650595	23.4431631108616	23.4017149363657	23.5261171188745	23.4790183984681	23.5543818136214	23.5236069400352	23.8383629820572	23.4213683722407	23.605011925009	23.6324521253524	23.3326528708292	23.3776924357987	23.3649286695735	23.3493535881264	23.2005867499856	23.3086923184537
P30040;F8VY02	26.1769691547387	26.2617684021751	25.9929991698219	25.9049272822309	25.8133555286947	25.9207984236457	26.1504078466405	26.015717896171	25.9522041087314	25.8749976644842	25.7971905025005	25.9075426064637	26.2031623209536	26.1586549861988	26.1164835734066	26.1482562336047	26.0413678887098	26.0603362460097
P30041	27.4804675221898	27.3112068580322	27.3350067323325	27.1633657528541	27.3546424484135	27.4717353634647	27.2970161578743	27.3694454548534	27.280916152846	27.7691965024956	27.7586254058243	27.71940584692	27.7438742513328	27.5770829051446	27.6423750030235	27.7661660273555	27.6945817009725	27.6919891369022
P30043;A0A2R8YEP4;M0R192;A0A2R8Y7Y9;M0QZL1	24.9057766353166	24.9039855227751	25.2766810334598	24.9346310435584	25.0443937858163	25.0285050518271	24.8927288274608	25.4382530170549	24.8749742207044	25.3821859930583	25.3138899764387	25.3352453154457	25.5807528797942	25.4747241543545	25.5738080351186	25.464726959251	25.7119836641859	25.5601963714843
P30044	27.1742663372322	27.2859502014375	27.2085304253858	27.0651731922192	26.959364010314	27.2425448189055	26.7623055904461	26.8760756667416	26.845774287832	27.4909839017573	27.553400672298	27.4749871192536	27.4614675816542	27.4278231793855	27.5245487689927	27.4948792609327	27.3613518898327	27.3309960435091
P30048	26.9166135315776	26.7906684628118	26.5362922802295	26.7404684085819	26.7375058624813	27.0160580942604	26.575713269257	27.0451023889161	26.6837819371893	26.6828448179353	26.5833378407422	26.5138987572373	26.6469128646831	26.6102039171469	26.664922909938	26.6478736091686	26.6290922081377	26.6414105885975
P30049	22.4863538597182	21.9551433021462	22.0549699052961	22.7526868927153	22.6607950243153	22.777379740989	22.9215431529579	23.0037601398496	22.8310535918369	22.3275636081009	22.6066392542684	22.6377012345871	22.3700211200022	22.7101556457862	22.5206608792601	22.4405295769786	22.4781543983323	22.5478086249427
P30050	26.8878575959081	26.4366814277352	26.9294254779034	26.9033420165175	26.8693837381276	26.7315624569879	27.0207277012354	27.0608515862691	27.0499905936374	26.5360550826391	26.6805664194223	26.6522574546563	27.0560001047952	26.5893514651418	26.707014243427	26.7414974350456	26.6839157616911	26.8047665721425
P30084	24.5949131886903	24.8116663190461	24.7249442805889	25.0680060723059	24.8372082871052	24.7867609772833	24.5885225025332	24.5809540985057	24.6555639140394	24.7165959315596	24.7672905712985	24.612005456494	24.8458938994095	24.6963605608966	24.7110384266193	24.7537888409457	24.7264522609092	24.7154442463539
P30085;Q5T0D2;A0A494BXC7	25.6518470345575	25.5099940987771	25.7919851645067	25.376699322907	25.4746313317686	25.43163761849	25.2152311072213	25.2743366313017	25.2413268407488	25.8753727131589	25.6669824321163	25.6209236471888	25.7087252353287	25.7098297211141	25.6284526601796	25.5863477862837	25.4801284960194	25.6845311945631
P30086	25.7435789683163	25.8471372723008	25.9687970245264	26.2816591171044	26.0998495650667	26.194696897559	25.976399802772	26.0712836225107	26.1530783581289	26.3282247215217	26.168788092235	26.3325845856539	26.1814310332119	26.2698146865062	26.3278993408585	26.2052709380598	26.2664943282146	26.1181879732685
P30101	29.4335450421959	29.3562177756488	29.3709215917987	29.4186649614332	29.3523919997526	29.4103179686857	29.437677760017	29.3672179969689	29.4390460988411	29.7548402634887	29.7083634639192	29.7031075583996	29.6523600414403	29.7377153726447	29.7396639706487	29.7638098576495	29.7366191365148	29.7192263067492
P30153;B3KQV6	27.1623095719511	27.1709284196016	27.1602910769445	27.0429129326073	27.0567237006465	26.9393247107855	27.0490558356501	26.9975500919554	26.9079322050569	27.0724494532764	26.9606901184496	26.9612423039506	27.0007766365556	27.0302323512107	27.0589954991905	27.1266208259331	27.0318103894775	27.0437474030468
P30405	24.1809380569417	24.053992811808	24.0989264970627	24.2419086899363	23.9786706635788	24.3773614741215	23.9713211186992	24.4137714956201	24.0490142767902	24.0480165048358	24.1593866443382	24.0680881018747	24.303684887523	23.8658963476395	24.1871448342671	24.149497194955	24.343740376386	23.8070537735762
P30520	24.6409143528865	24.5906368441674	24.6497109658848	24.3485433887186	24.5373591870462	24.281287682802	24.2672804796446	24.4444907153399	24.3300557593431	24.2616966780437	24.2736254536077	24.3378331099349	24.4418975888147	24.4599523506544	24.5814713892173	24.4903872125473	24.363592593315	24.4509846666175
P30533;A0A3B3IRQ7	25.7035861600134	25.266458583878	25.9136723027492	25.2165268137127	25.9002123252889	25.5422095808464	25.8603889240459	25.7909169890899	26.0671650002025	25.669498643337	25.6206999648688	25.6192731742295	25.3537679246746	25.7232263834639	25.5740679879781	25.7997614470509	25.5922063093323	25.6465558537162
P30837	25.4012592216765	25.3486446885307	25.268851498505	25.3240920766745	25.3431304003184	25.3517477674574	25.2260422844773	25.4215930935951	25.4004450872345	25.0732465844883	25.0603980965613	24.9453434536242	25.1525562555718	25.1834012554927	25.1101238759099	25.0543655102721	25.1927608606159	25.2708485059993
P31150	24.347800306013	24.7873091610392	24.5659295010208	24.7355188388667	24.7175898294498	24.4971048192703	24.8411496853039	24.5458661559595	24.6252785349069	24.5656971268492	24.8933770840617	24.8915241489997	24.8014399755019	25.2066501342715	25.2509336051255	25.1804069709644	25.1950913048863	25.0466018122704
P31153	24.5333245036524	24.6736286915543	24.533086817579	24.7312257931822	24.7586762308949	24.4595146682324	24.4873233840069	24.6069328820733	24.6229910662189	24.6565461931081	24.5134018395649	24.7113535746253	24.4257921489686	24.5124979141531	24.5637786104637	24.1891826993737	24.3708592503662	24.4301385818684
P31689	23.7366546160196	23.5567221418836	23.5849725903347	23.8406696030922	23.8696661303983	24.189258120606	23.9518040577262	24.1672956291622	23.9265102795011	23.6290088049153	23.6527224563325	23.9504697526328	23.7235909568593	23.8554783640442	23.8129395301896	23.464882725891	23.5795737491347	23.9354406115173
P31930	26.3701941074126	26.3275396241997	26.4898668205219	26.4675126414804	26.2537310831097	26.4554597986271	26.3600794947367	26.4751108508581	26.3799740043934	25.8822469335166	25.7206456961845	25.9901664755756	25.8887402765706	26.0055815488752	25.9237025097561	25.8101467896007	25.8715238343497	25.9049043198008
P31937	24.6460339094867	24.435680433333	24.745862627607	24.3059125583627	24.5665102727531	24.2533523874935	24.3953871733347	24.5951409047417	24.6941299993731	24.9314333103237	24.996839282706	24.9555335601242	25.0876415302747	25.0794450689574	25.1396956056979	24.9372829333124	24.9261482935399	25.0608928055386
P31939	25.6197489279111	25.6015590779466	25.6840495737805	25.6474619398718	25.7655718132064	25.6589445079191	25.5480144910597	25.5537375572238	25.5895800606844	25.7410344639636	25.8099506046552	25.7875084489548	25.8190694700113	25.8623768573575	25.8155803069077	25.7903701747546	25.6819338902681	25.8560248079471
P31942	25.5287421539962	25.5683671727484	25.7329083271296	26.0763695452406	25.8909909894178	25.8309859179993	25.6290366065252	25.4531533061593	25.6501493917316	25.5074556849462	25.7042724286615	25.6508067807876	25.6428156635591	25.4824384594318	25.7411630819456	25.5825341268847	25.4917026609948	25.5556694639523
P31946	26.4792034740547	26.6801639753151	26.2890677914508	26.3647951176141	26.5216465630955	26.4889480234963	26.396040804662	26.58348131397	26.8657311945238	26.5057912054134	26.8421813214036	26.6785530753161	26.651162741493	26.5053975022248	26.6933857118313	26.7328565861031	26.6066787845694	26.5579931037711
P31948	26.0707719958622	25.8163618318677	26.0545518234049	26.2142492976293	26.3202747385506	26.2289617729659	26.442245718056	26.4046898177542	26.2260239042063	26.0948458888943	26.1935882234169	26.2533884580257	26.3033539242474	26.2641512014282	26.2237613432261	26.3543397886446	26.5117743658247	26.1410024389425
P31949	27.4888407923842	27.736925521652	27.4695634472986	27.7842541216728	27.7209717952888	27.3297136858286	27.0044246848619	26.8957361300059	27.1165430631236	27.4572459718245	27.3990110938077	27.7178381969726	27.5498806501196	27.6020831972546	27.516831600208	27.52738548788	27.3456195140502	27.4088411343694
P32119;A6NIW5	27.2594355407262	27.0416603212493	27.2918450452991	26.6635663559679	27.2076929745984	27.1468588749754	26.8355708856079	27.0012062978024	27.1708329369555	27.420613694439	27.5141998361847	27.4883811401795	27.324229450036	27.5217813307325	27.5518617192728	27.4283824099646	27.4559927484081	27.1752186112211
P33993	25.1580000300316	25.2318753654042	25.1195342142102	25.0193284054522	25.1446047242415	25.1510468970653	25.1540253952516	25.0794857604082	25.1649198127329	24.732106132616	24.7081463575208	24.7954574757985	24.9105420925399	24.8396609101424	24.7233305566924	24.9130559371224	25.0119704129966	25.0780608763014
P34059;H3BP66	22.6642502186028	22.7460779774186	22.3440249436491	22.1265066109264	22.0607856329883	22.1097414010824	22.275090097095	22.238268276597	22.0376823396832	22.3834258638007	22.4326764617015	22.4517393458191	22.5020800751231	22.4796845594949	22.6637292098097	22.6411459507929	22.595277517122	22.3456228976758
P34897;H0YIZ0	25.6557549651333	25.3120556091838	25.450386932148	25.845774287832	25.5566344480538	25.6552909400095	25.7883551156123	25.884833808339	25.9363395989846	25.5544989202444	25.5327599352754	25.4872313685482	25.5383660973076	25.5715820772545	25.4995702628339	25.424479254282	25.5471320007943	25.3228551274354
P34932;A0A087WYC1;A0A087WTS8	26.48517482601	26.5487641835889	26.3424014796358	26.4976530598396	26.4696255474435	26.5663941371088	26.2780468441114	26.4198746911503	26.4420241909859	26.5646800495422	26.6677675280943	26.5954824114402	26.7139771342515	26.6024372241615	26.5852018807104	26.6840495737805	26.6525310032049	26.7248142084579
P35221;G3XAM7	24.0357374641476	24.010861336597	24.4004125122988	23.6726040309959	24.0585414255819	23.757354196789	23.6791707995991	23.7999590223786	23.4508588483607	24.0066732915337	24.0493467141535	24.118465243234	24.1286476222702	23.8068571675469	24.1502722540909	23.8509086517662	24.0192011294196	23.8695720057829
P35232;C9JW96;E7ESE2;E9PCW0;C9JZ20	27.0247484160897	26.8080855158892	26.9512704837667	26.6586721728468	26.6813709710042	26.6923217773872	26.7659764111312	26.7507257929991	26.8194593414926	26.8085765625382	26.7486801421199	26.7588795132738	26.6812369102281	26.7301375728811	26.8780655105275	26.6493820590422	26.6099222232983	26.6474619398718
P35237;A0A024QZX5;A0A087X1N8;A0A2R8YD12	25.2780291145954	25.2929860361134	25.1879754231184	25.070055413599	25.2589325841353	25.014611698026	25.1621174559589	25.5234872986999	25.1538708194027	25.4595146682324	25.5689469641965	25.4430998611174	25.4795118806145	25.270028640984	25.4754355958402	25.6020407081872	25.6386239441577	25.8126947691418
P35270	22.3474353798474	22.1363979084277	22.5348091550697	21.5525302662556	22.3399815360141	21.9246994407534	22.0197780241947	22.4056930658407	22.1717607605744	22.3995001153505	22.5199654022706	22.3056064575128	22.298632050918	22.1277978951184	22.2356122657977	22.3463265193566	22.7084305629239	22.2846942174919
P35579	28.7086923507672	28.7285815471603	28.6981637310534	28.7577674625998	28.7824742308086	28.776588099514	28.8620693801153	28.7625590505734	28.7945777874506	28.5545355141147	28.5843060082535	28.6053722993424	28.5630003028072	28.5618356943509	28.5657624858681	28.4641582682509	28.4988782333931	28.5758214456932
P35580	23.9610214551111	23.9323798571314	24.1857090535249	23.6133551362128	23.8095090909612	23.8839953300378	23.9641102665942	23.8700425674626	24.2258952357522	23.9869377808647	23.972723921645	23.9908373103337	24.0343106735083	23.896521622225	23.9252429310748	23.9691265047482	23.8587065082927	23.9217065786806
P35637;H3BPE7	25.4982924106327	25.4951843349539	25.7177989838905	25.5874355541789	25.6006803968922	25.6148720181495	25.7828928587703	25.5629057134517	25.6948739031343	25.9943594798444	25.819702957677	25.7301634924298	25.5538840043975	25.3847568788724	25.4353307160544	25.4230048268735	25.2471710259621	25.1102433785019
P35914	22.985687702045	23.1030476381024	22.6712438838275	22.9919618815513	22.7919752316346	22.4895177465789	23.2227595330151	22.7737428869186	23.1559793511949	22.713662558888	22.812704560381	22.7518700917758	22.9128915284719	23.0164832290921	23.0419485181812	22.9683532055654	23.1993889831978	23.1182275865263
P36405	24.6067634887101	24.941453158256	24.8994288404933	24.5423276796546	24.4002822052002	24.1026152307648	24.7459651791454	24.6794929855626	24.7282701405237	24.4160934302	24.3197581064803	24.2301535753513	24.526714137315	24.3433337543312	24.503912577619	24.6964666921389	24.5742123859965	24.7264002878184
P36507;G5E9C7;A0A1B0GUL7	23.5701058485394	23.4932612907225	23.4707273804322	23.5855457479605	23.3601129931993	23.5338591541853	23.8329664810558	23.2212997704248	23.4610147411941	22.9804847821422	23.6748680972124	23.4913050937572	23.5638367848237	23.3316965841329	23.3067470489138	23.7364481775788	23.6575278038334	23.7359319522036
P36542	24.9101303187999	24.8942563952274	25.0132064547339	25.2373932088138	25.0872773308599	25.3703271605382	25.4417076647246	25.2412177178966	25.3163782164783	24.7664819990252	24.6722803027233	24.4971048192703	24.5199534083475	24.6249440098534	24.6100912462077	24.4550050681838	24.4983837233351	24.6379886086261
P36551	23.3828456314224	23.5853165122341	23.6827108940511	23.2266891208679	23.6788485416682	23.6532693253132	23.6701202558444	23.8025250424191	24.1022948454557	23.8855787135012	24.0563102617438	24.0488480293781	24.0011848177789	23.9533147798264	23.8773635260642	24.2102967822631	24.1636152826743	24.032630287737
P36578;H3BM89	28.0401452967149	27.8493583283658	27.9494348167168	28.1022948454557	28.1069933679139	28.0410336074945	28.0234270488847	27.9421805910468	27.8637833212926	27.7759291125454	27.6959757696814	27.7960023656898	27.9196283315773	27.9608557962924	27.787060012426	28.1702121456734	28.1424833853981	28.0215221514331
P36871;A0A3B3ITK7	22.5247789003613	22.6105869325348	23.0747170552122	22.6328070973764	22.91082569054	22.7028414532438	22.3379691811484	22.1562571695041	21.8368424409524	22.9453523847573	22.8833987821826	23.2913708298727	22.8683101431053	23.0873016136815	22.7817879180412	22.7821479916805	22.7465290823399	22.9386564029018
P36957	24.4731453576026	24.4971657451784	24.4886722702463	24.4850519545676	24.2814999426843	24.2182279744	24.5076069060863	24.5317788437443	24.6561642751599	24.2283196251884	24.0120556912612	24.2908788862146	24.2532802437235	24.3643275883729	24.2650638635286	24.3480705621916	24.551216336255	24.4594521313313
P37108;H0YLA2	26.2423449228805	26.241654159791	26.1565156468287	26.0428503278625	25.730007968152	25.9519818718684	26.2910018878564	26.1069933679139	26.0624788526019	25.7203847638198	26.1770071864528	26.0945237733677	26.2543980669531	26.1509888132679	26.3177932156151	26.1699159818795	25.9787142989676	26.219133209337
P37235;E9PC71	25.8982528149332	26.3246414916536	26.2320218058886	26.4576843429566	26.3278650859931	26.3708260005006	26.7078041841518	26.1412558665334	26.6293701840617	25.9029511762054	25.9555335601242	25.8178748327766	26.289102979993	26.2063520413853	26.1119352693212	26.2075812777553	26.5270274731234	26.3749265731605
P37802;X6RJP6	27.4964039863345	27.4232613572987	27.3465497122273	27.5459839558323	27.5395645887109	27.358671856477	27.1869748821681	27.3595099018337	27.2957907904177	27.553400672298	27.5254451776836	27.5919923918663	27.5694975503332	27.6216364032187	27.5292487130401	27.6527361305837	27.6857211785384	27.5193835821122
P37837;F2Z393	24.1882773369086	24.6411900604649	24.6202524961595	25.0943022772167	24.6904580020451	25.0223796665532	25.2986600158148	25.1132674804203	25.1467423673069	25.0029022098523	24.8590384075723	24.7423201280843	24.7938215702423	25.2384140696385	24.9735561909755	24.8244452693849	24.9891054872569	25.2405991991129
P38117;M0QY67	26.7138460695191	26.6426504316309	26.6389277014051	26.7707723574211	26.9449191611063	26.8918022410186	27.1990107314986	27.0734713367594	27.0407201484947	27.072347225107	26.9868510048254	27.0077428260484	27.0121196466518	26.9051798448436	27.1976054633195	27.0107333113615	27.0185009104616	27.0742883227179
P38606	25.7261144023462	25.9352607467819	25.8279373050757	25.6661969086665	25.7971905025005	25.8307683734467	25.8399011391066	25.5962789461677	25.5415007849062	25.785489385979	25.6664949161874	25.9407813561294	25.8328940693289	25.985765863713	25.8862301901621	25.8838089353294	25.8637951345096	25.6453743414894
P38919;I3L3H2	23.1562108701677	22.8609429807755	22.6472862585466	22.8567325015084	23.1527805894509	22.9139142113625	23.4340264770223	23.0507587189696	23.3685299071578	23.8389399831477	23.2916518652375	23.2702782144449	23.1420041927906	22.902348614897	22.6339158223513	22.8541850811219	22.6751266215462	22.4575371903573
P39019;M0R2L9;M0QYF7;M0R140	24.959518785754	25.2878180418207	25.0645154972295	25.263488712459	25.4055827102366	25.2819597319904	25.3777586190242	25.1705464510951	25.5620322879769	24.756030950107	24.7810174587252	24.6452094023637	24.7747484595813	24.61537729125	25.1095262144237	24.8782526487112	25.0950270472776	24.9563758027247
P39023;G5E9G0;H7C422;B5MCW2;H7C3M2	27.2985901025565	27.0872975665729	27.1555702435223	27.4267840328446	27.373018849541	27.4027560297112	27.4419767164737	27.4783087220251	27.4690976109881	27.1821512341117	27.145693374677	27.3305687175853	27.2012563173324	27.1665296641637	27.1876356945655	27.1900874940355	27.0856778119537	27.1336923931546
P39060	23.7178512677632	22.6856436589122	23.3666637209443	23.1865706934268	23.1241572908908	23.0626641209659	23.1649965130726	23.0708415877473	23.039289911453	23.6252227861177	23.8564285682812	24.010861336597	24.1508920017419	23.7813677185131	24.05042660685	24.1807863380393	23.8889260352834	24.017842819289
P40227	26.3693955308669	26.4266880738808	26.3999237999803	26.534645918181	26.3397539272043	26.3120556091838	26.2517643905903	26.0313056050048	26.06443326427	26.6398937764673	26.6489708200141	26.6313145172952	26.6778813357496	26.4119952745161	26.3800235636603	26.3652291162875	26.36754712781	26.3970370226303
P40616;F8VYN9;B4DZG7	24.2615532190826	24.1712721048127	24.0071012004915	23.6765907183614	24.185935850765	24.086832073349	24.0071867670549	24.2748342471772	23.9385846198866	24.7714777825041	24.426304174187	24.4076261650017	24.356289149742	24.328960838474	24.3209288736971	24.2114112628445	24.1055754268131	24.5494547319324
P40925;B9A041;A0A5K1VW95;B8ZZ51	24.7929284756464	25.0512567438434	25.3415025355016	25.5330273899415	25.6511079840238	25.5171621110956	25.4071723140088	25.4756829715336	25.3830434641331	25.2688158125229	25.4868632480144	25.3897536857227	25.2120424198909	25.5151779090511	25.5584165090394	25.3137516149692	25.4265281280896	25.4950318060073
P40926;G3XAL0	28.6348838737923	28.5649271199613	28.6520522592015	28.6237655851812	28.5852735264801	28.6297175786649	28.716366976476	28.9190884061098	28.5967623420646	28.6452643841675	28.5954824114402	28.6028619418057	28.7841604979315	28.8480750705523	28.827386173827	28.7976419854005	28.8055047753178	28.8674407935056
P41091;Q2VIR3	24.8604599688522	25.1738280800364	25.1243545285753	25.4089868619591	25.3514107993985	25.3799079227224	25.4193764535959	25.4699204866331	25.3952237192212	24.8471850729416	25.0829809385647	24.8430684181853	25.0835085434804	25.16760190133	24.9062814191203	25.0069728411302	25.106414377224	25.1173162062979
P41252;A0A804HHW9;A0A804HL54;A0A804HJN6;A0A0A0MSX9;A0A804HJ36;J3KR24;A0A804HIV9;A0A804HKU1;A0A804HK69	24.0462687417297	23.8264833172741	23.7086200020932	24.1175936438419	23.9197078824605	24.015717896171	23.8945802169236	23.9240651098311	24.0094951480092	24.4637608305246	24.5121361853486	24.4471422648224	24.6276736972014	24.6922685600633	24.5880649398777	24.3720557354484	24.4739504502607	24.4449961482475
P42126;Q96DC0;H3BS70	24.281358439566	24.3147198667109	24.6456491981347	24.4917943917238	24.5357585307992	24.6922153407763	24.731743704963	24.5633713242483	24.4933834650073	24.9265555213608	24.9219789137529	24.6910972820117	25.0429338002518	24.8571408109804	24.8968911176914	24.8422053041656	24.6490530771981	24.7429368401374
P42166	24.6219297886762	24.4095696251621	24.8250278626251	24.5498072249196	24.5149673032243	24.4507959351173	24.610485556004	24.5894943416006	24.4899586680496	24.4082094779937	24.1658399477888	24.1487217192102	24.32127303626	24.4508588483607	24.5533274260339	24.2267773033647	24.4027560297112	24.3107736292848
P42677	22.9058959637925	23.4793885259019	23.5004519292545	23.3726536060852	23.2715610535719	23.4681188648601	24.0274086187247	23.9246088391243	24.1348480457212	23.051754596856	23.1817115752563	23.0224050666355	23.0100930147133	22.8299897786373	23.2606921656157	22.8330244078206	22.8861743608313	22.8198344933137
P42765;A0A0B4J2A4;K7EME0	23.6355551731876	23.6123429948166	23.6590534275553	23.6219856648566	23.4866484676508	23.4859118349869	23.4488442625338	23.2781000313522	23.2834795304273	23.6881649198259	23.689231923085	23.7509301986443	23.989885064915	23.8738953948087	23.8234737575361	23.6318973066551	23.7830677717854	23.7084095125917
P43304	25.0338067632549	24.979935554328	24.8661322478708	24.780516940041	24.7763057133849	24.7422687235114	24.8170453190915	24.7375316499895	24.8280341855136	24.4286060415136	24.5322546078084	24.4235498995138	24.6073280559243	24.5272512427575	24.6252227861177	24.7249442805889	24.6326185293636	24.5812415051327
P43686	24.9988630907927	25.086710615629	24.8616908566037	25.0398839247119	24.8790477152908	24.9166135315776	24.6055206626132	24.6943425824488	24.3083451412072	25.0629111084474	24.9298543509444	24.8626369792339	25.0421406174902	25.0278725959664	25.0115865984133	24.8400452572867	25.0482244309068	24.8322422001827
P45880;A0A0A0MR02;Q5JSD2;Q5JSD1	26.7453497605412	26.7039821240727	26.5462636919863	26.8395407806581	26.6971033156872	26.7710243345488	26.7974873838764	26.7079357988981	26.7017368894276	26.4214807372934	26.3923766491121	26.3607995403292	26.2719350002141	26.2958958627051	26.2475332391302	26.1899744257302	26.4096019939944	26.233887620273
P45973;F8VNY3	23.5857749472685	23.6198608471572	23.3150655134795	23.6923217773872	23.9140602497567	23.6778813357496	24.0203886026228	24.2087350616612	23.8711712896802	23.4034063317465	23.3993697258126	23.5620905327958	24.1000501538968	23.6696878581068	23.8918949264474	23.5829073354301	24.0693179860453	23.6912570577515
P46060	23.3606488628464	23.1080030507513	22.9199442363489	23.1859660877034	22.9666117654114	22.9324339267674	22.9578728936761	22.8897430895939	23.1253718466941	22.6772791913122	22.9038384609342	22.9153192176791	23.249755236813	23.2237024324667	23.194602975158	22.9878572861319	23.3189311101602	22.8455015363487
P46063	24.8989216529188	24.9068777541801	24.8620693801153	24.7161772433057	24.6687685823885	24.6243305123879	24.840861655148	24.6695256755378	24.8367268913115	24.8076925581963	24.693598404599	24.7944662393441	24.6224884531197	24.6150966058192	24.9274148472409	24.7988225945602	24.8293898289835	24.8332078272332
P46778;G3V1B3;M0R181	26.5374924949387	26.7494476011543	26.8059967010036	27.2525044702652	26.8181187166485	26.9268269427289	26.8706775823666	27.0958721524178	26.9969039162022	26.7904198937138	26.9735561909755	26.8880899326573	26.811151818937	26.9888022043666	26.8094354922073	26.6452643841675	26.6062551892522	26.8231092718613
P46781;B5MCT8;C9JM19	24.8457025161252	25.1373129543869	24.9638898563821	25.4656924414236	25.47283558691	25.5815288545154	25.9129417664363	25.8970065656202	26.0390472159508	25.3169650918694	24.9706192053893	25.4975007916895	25.2648849556747	25.6310924403609	25.1534069924599	25.4309999209346	25.335858633769	25.1774064589315
P46783;A0A2R8Y6L3;F6U211;A0A2R8Y7H1;A0A2R8YFH6;Q9NQ39	25.9004657145941	25.7392841200653	26.2115783607009	26.3568935887038	25.8831097406141	26.1205035214227	26.3842793043301	26.0655019273121	26.3556676568082	25.2327537854273	25.3242981318117	25.3029531828821	25.48692460796	25.4919166902905	25.4206297555245	25.3954198619353	25.4267200609112	25.281358439566
P46821	26.3131288240936	26.2628080015737	26.3004067470751	25.9760719796217	26.1622327286242	26.1270539730909	26.0271132827694	25.9815042222609	26.1519565713879	25.8220882218099	25.8214314506894	25.7257504661561	25.9619487931348	25.9384051467208	25.9255372362005	25.8829698609985	25.8806598871254	25.8011439064703
P46926;D6R9P4;D6RFF8;D6RAY7	24.5855457479605	24.8552882480736	24.6350015467788	24.7372737541627	24.6831929618634	24.5980411381662	24.6698500224458	24.5452770122725	24.9919186450175	24.8667925633842	24.8894831679572	24.9560655600224	25.3015235462335	25.0842387549725	24.9201623748061	24.8928214533824	25.0810311856998	25.0117571952789
P46939	23.0238605907204	23.0875282336421	22.5330987028127	22.3425608565451	22.4581632676998	22.5669747218649	22.0483990656509	22.0129081967761	21.8785613736541	22.6046500468712	22.4539759074397	22.1417392049643	22.3511613923548	22.1482407148309	22.1584161542764	22.3701808014251	22.0174010929991	22.047567282225
P46940;A0A0J9YXZ5;H0YLE8	27.0171206965335	27.0283364240389	26.9531593373382	26.776431225155	26.8278404181316	26.7087252353287	26.6943160112773	26.7222103000876	26.6928538426858	26.5666118837735	26.6635663559679	26.5562543798496	26.5485143293628	26.5577594476617	26.5426228843867	26.5372258668347	26.3610673725589	26.5065480250885
P46977	24.456196471306	24.3061907755154	24.2671375748809	24.0262269119787	23.971057941226	23.8046927310457	24.129826969218	23.5494547319324	24.0973197533384	24.3363354789364	24.2819243687842	23.9944673860398	23.9516262216654	23.8811968776392	23.7634458105158	23.9192532468909	23.8197760345113	23.8753023989587
P47755;F8W9N7;C9JUG7	26.6939173849683	26.8189719856765	26.8383389353363	27.2754205027663	27.3206190571777	27.2711513817199	26.9513816612831	26.9713649769442	26.9071299755978	27.0294953422339	27.0037815815641	27.1075920793795	27.1511243384911	27.1699733086493	27.1260299610617	27.0795874840141	27.0300218156334	27.152962351666
P47895;H0Y2X5	25.3018723687505	25.3473610317177	25.5195335582069	25.3553484077164	25.4999351556695	25.4852362578072	25.3598114790304	25.6439717574872	25.4211436158771	26.1650348617134	26.0878842788169	26.1171774675162	26.0870142407588	26.1507370897863	26.2141751716686	26.1748758649912	26.2426538414281	26.307216237816
P47897;A0A0U1RQE9;A0A0U1RQT0	24.4975921545081	24.1295911769414	24.3165853762308	24.2469174226244	24.2021722608068	24.1838176887179	24.2877828219235	24.3231300967107	24.2294202750199	24.3372886967054	24.2180061976004	24.1653032736609	24.2935474233634	24.2741944238062	24.2258952357522	24.2397255444389	24.3569607329591	24.1477129771747
P47985;P0C7P4	25.2373567361352	25.0914802606442	24.9145621440185	24.5114124555358	24.9069236158996	25.1259708612627	25.1280575870729	25.3825158499409	24.9784524668361	24.7391295759534	24.7393356310906	24.5852591976108	24.7379957463341	24.5348685093593	24.6011056319708	24.6111049680254	24.4155777675939	24.4928335992303
P48047;A0A494C0K9;H7C0C1	24.8209447607273	25.1778246259006	24.9608447516948	25.1339079240213	25.2415450616947	25.4647892679252	25.3545751961741	25.087601068213	25.5129499476537	24.7811675804756	24.8133310615146	24.7622295437239	24.6090204331899	24.849573087922	24.76238163316	24.5496309891915	24.5776159906466	24.6559459909304
P48059;C9JF46;A0A0J9YXC7	24.2157865525025	23.9643747144074	24.4200193085396	24.2843270943648	23.9604912799202	24.1167215175575	23.878673620892	23.9784088235271	24.212302227851	23.9793686714744	24.3699279643429	24.2882758222596	24.1868426833595	24.7111960092276	24.5683091807861	24.4474576011094	24.3784864341902	24.4603274013604
P48163	23.4735789248608	23.5543818136214	23.6794929855626	23.4943604869973	23.2388950821696	23.0298702109913	23.5094203244851	23.1068057205206	22.9787055719954	23.9525151828377	23.927324415985	23.8110783039408	24.07789794276	23.7291004088961	23.7595907761179	23.8458460559685	23.8239595952376	23.5212122261632
P48637;A0A2R8Y5T7;A0A2R8Y430	23.7562346055338	23.3535323853734	23.613242711117	23.7986742988268	23.4870166429855	23.4676214695644	23.5092995008143	23.4833306546725	23.2280553442345	24.0174180849729	23.4906932378419	23.9346310435584	23.8928214533824	23.8439310161428	23.8335456440668	23.709146091528	23.8954125676866	23.8354745099746
P48643;E7ENZ3;B7ZAR1;E9PCA1	26.2761840542818	26.2277139096679	26.222214138019	26.4002496265865	26.4268480019415	26.3037197213463	26.1748949085848	26.0256779332219	26.069522864845	26.3220814952562	26.3022559761314	26.2975060135875	26.3377820799209	26.3606321199325	26.3436556729084	26.2847153948223	26.3235424523845	26.3154283534829
P48735;H0YL11	26.0363874448478	25.9583686286679	26.1280182428117	25.7317178137892	25.747400135789	25.8470177637693	25.8092882834346	25.9365642583495	25.7809924369146	25.4809297022485	25.5036093439039	25.4858504319506	25.6737095548223	25.7004145290776	25.6956439707239	25.7727366128728	25.8652356217105	25.8660143025768
P49189	23.6304537786893	23.1581387514497	23.546984866587	23.4492222117236	23.1480855179116	23.3160328841069	23.4008033629918	23.0978501766157	23.4144168523926	23.5540304367069	23.4429100952452	23.3839004258696	23.508936969077	23.5684831496801	23.1325122808601	23.4793885259019	23.5011811769739	22.9521774421153
P49257	24.9190713525402	25.1125915867369	25.1393052766891	25.2406355899122	25.2883110301236	25.2179322644239	25.2853152900379	25.0874796752187	25.4563218249459	25.3401785415128	25.4556635967913	25.2703138642724	25.3465497122273	25.4459117943073	25.2513309969934	25.2930211292171	25.2549746692802	25.3521857083029
P49321;Q5T624;E9PRH9;E9PI86	24.4697342162654	24.4411377423922	24.3949294551408	24.6317308194308	24.5299337746478	24.5424457687961	24.4232934203948	24.3342907461698	24.3154110774566	24.4713477610227	24.4980793251821	24.429819436852	24.7634458105158	24.6715786421647	24.6043898908808	24.3947332457372	24.0831027106721	24.4691131412887
P49327;A0A0U1RQF0	27.2089954658568	27.203498413295	27.1937573982806	27.1893335378956	27.1780716676043	27.2166008189471	27.1486053618883	27.1333004363388	27.1220846655397	27.0485362638359	27.0422867628748	27.0224219997753	27.0289686766416	27.0857790999125	27.0620876523515	27.0828388581143	27.0777553608149	27.072347225107
P49368;B4DUR8	26.415883964495	26.323422194154	26.4389033762908	26.5322992026465	26.3839663249236	26.3700943095149	26.456290487557	26.4385385767248	26.6971033156872	26.3568264413234	26.4054041759439	26.5042612176167	26.5859181783474	26.63075926085	26.6128772690385	26.5753093388788	26.4417709755327	26.4699204866331
P49411	27.406410171582	27.3863202409199	27.4268639937725	27.5510549453797	27.6182791824298	27.5835530452337	27.7067508337055	27.4883045172387	27.5702216857903	27.1825301428574	27.3534650813664	27.3923930276469	27.556985191395	27.5341560966667	27.5230535156683	27.5248476337803	27.4865410654771	27.536529438828
P49458;Q6P2S0;Q659G3;E9PE20	25.7242677774102	25.4932612907225	25.4386971965661	25.9211844593887	25.3723547017374	25.7810174587252	25.9635150817233	26.1142012829403	26.0395702157901	25.6315920653993	25.5237564777532	25.4314144564074	25.5623817216233	25.4485607356499	25.7675179006236	25.662290031133	25.925944636516	25.7660775428855
Q5T5C7;P49591	24.4225237093464	24.6651940677324	24.5716688672146	24.6629147567062	24.0587891198122	24.284750689682	24.7248922531438	24.1759990071301	23.950914658129	24.9579702836371	24.9952009342078	24.9108622797699	24.9704875586165	24.6876311221209	25.2048979558858	24.8224529655038	24.6535426820871	24.7300857323866
P49720;A0A087WUL2;A0A087WXQ8;A0A087WY10	25.3651623557581	24.8778315536566	25.0498867615426	25.0330925889703	25.2814645682059	25.2633454315927	24.806758854484	25.4918861166208	24.711616145386	25.3413667971526	25.2755448293917	25.2682447167275	25.5023047121758	25.3091435240082	25.5742990178708	25.3729192468594	24.89017928138	25.2905977002193
P49721;A0A087WVV1	24.8511946832328	24.7079357988981	24.6523395246671	24.6093586705408	24.6988525833072	24.3932280864553	24.713662558888	23.8815703184077	25.0798926118043	25.4194407519821	25.2124135597985	25.1248277890287	24.8766611998641	24.7802165454589	24.5398455722212	24.8825034976387	24.7796155685873	24.7810675010444
P49736;H0Y8E6	24.5844565537111	24.4526193062251	24.7973884302057	24.5971318884944	24.6080052450817	24.4716578513067	24.7666841845824	24.5916072604778	24.4867712032025	24.3061907755154	24.0694818914126	24.24110858679	24.2444515246085	24.2890501968579	24.6094150357238	24.4746313317686	24.4938720587096	24.5896657746755
P49748	26.3879311990428	26.1951100834984	26.1966303399022	26.2422540518941	26.4251198399733	26.2731630000393	26.325705388134	26.4387923601005	26.1485471797079	26.3338132245783	26.3034932864597	26.3050949850537	26.3987012944069	26.4163995176883	26.424431198887	26.4646490696239	26.518408357286	26.388391142585
P49755;G3V2K7	25.2463738367396	25.1979053687443	24.9485105368441	24.9800227473077	24.6555093233652	24.9191623025822	25.0348144078154	24.950870173753	24.8633461642459	24.8959672015274	24.7564891343961	24.6581273484291	25.3499272042086	25.0115865984133	25.0311162652837	24.9569517908021	25.2046368109777	24.8934233769603
P49773;D6REP8;D6RE99;H0YC49;D6RD60;A0A6Q8PGQ8	27.5971887333906	27.3093864224078	27.6739116931653	27.8808700376524	27.8951004924233	27.6549223431207	27.9212185164073	27.3723547017374	27.9175812293667	27.7110252939583	27.9694449307863	27.8836691234926	28.0169082386815	27.8186673046674	28.1306519388346	27.8052587495599	27.6960421203168	28.0927004523085
P49792	22.8364572394867	23.2073504102053	22.5664405924884	22.7694512772862	23.4499778131938	22.9743354605719	23.3442146239793	23.1227205872585	23.2010805392292	23.165901269265	23.1835299840522	23.0402435603397	23.3666637209443	23.4504813277408	23.4185403136946	23.5358771588501	23.6534880148757	23.4351717256264
P49915	25.0903902916213	25.1611564920648	25.0758189255147	25.0825343528807	24.9028821933931	24.8977682903381	24.7481682758591	24.8644801356471	24.8707481223277	25.1046560162462	25.087358272009	25.018140058927	25.209218632049	25.1712339216099	25.1810897598904	25.0035457051755	24.9962358970674	24.9969685468029
P50213;H0YL72;H0YMU3;H0YLI6	24.9578817475806	25.1441768152836	25.0619229047162	25.284750689682	25.3132326412448	25.4338991710402	25.4073020002906	25.5033060464401	25.3786848655282	25.2496684477231	25.1778246259006	25.1139827875839	25.2980306744884	25.1781286712212	25.3276595397185	25.1761512302947	25.2198163779033	25.0505511578544
P50395	26.5882079437972	26.5403925936355	26.4441747298291	26.4129643934783	26.4516450325054	26.3946024246417	26.4209509396928	26.2851388761611	26.3171376568542	26.625334281542	26.6327017241721	26.6393418127912	26.7448367110903	26.6823090477904	26.6082309041821	26.7498311776286	26.5873497075786	26.6414105885975
P50402;A0A804HIV7;Q5HY57;A0A804HLA2	22.2690513236938	22.392546976785	22.4839210460219	22.6616650349196	22.5561140216602	22.6051702181553	22.6145013720414	22.4213683722407	22.7270446218458	22.3663969257441	22.8044367193122	22.5626262748271	22.3412038942741	22.2788373590482	22.402287630675	21.9708473646755	22.2690227789327	22.2617540576341
P50453	23.2321462686143	23.590351303337	23.2164232000066	23.5248028080089	23.2915113543983	23.2709910436708	23.2612662583575	23.577500745606	23.0942297801808	23.8569983905679	23.6327849141835	23.6793855982358	23.93021540833	23.8203605159673	23.773340461521	24.1954292825118	23.9581030775353	23.7885542591064
P50454;E9PJH8;E9PPV6;E9PR70;E9PK86;E9PMI5	29.1076170202994	29.1167661277171	29.1560526695562	28.9269400198964	29.0874746169556	28.8797021471646	29.0126258601174	29.0267545792392	29.0627052884826	29.2375618829597	29.2231306890574	29.1576194409838	29.189144987279	29.1632697683532	29.1844231952756	29.2946301082229	29.2829053761734	29.2127104029961
P50479	23.3189311101602	23.2093153266793	23.0998896850639	23.4638855286569	23.7380988585837	23.7535848399498	23.30382421777	23.6506424616043	23.4653810661518	23.909306418567	23.7962994916389	23.6641633968692	23.5501596318035	23.5645346942338	23.6732512696971	23.0069300521384	23.1870390886475	23.0195065730361
P50502;H7C3I1;Q8IZP2;Q8NFI4;F6VDH7;Q3KNR6	25.7324425910744	25.7910660843094	26.441549375548	25.7403139912879	26.0329665215067	25.4189584442202	25.9167046366922	25.5885225025332	25.9582358592114	25.9254240490263	25.7394128941802	25.7341754029663	26.0479957105805	25.947998030202	25.7938959698422	25.8704189063302	26.3306883816032	25.9469278643033
P50552	25.0060311900287	25.1352004334767	25.5566052155926	25.3388533313485	24.8310342567787	25.1262860322178	25.1998906690658	25.3353816309408	25.4689267666465	24.7957547139785	24.3513096936314	24.6369936083669	24.7350539449201	25.0081276644558	24.8990599944868	25.1339079240213	25.0106479548923	24.8273074236017
P50570	24.22875998589	24.4013894405628	23.9947263279845	24.1018942637397	23.9372380266141	23.9113195668639	23.8184113228844	23.8736138292402	23.7489871747265	24.0738186123236	24.0186919129754	23.8178260510545	24.0385030949199	24.0581285073385	24.1222624358611	24.2413268407488	24.0714473047257	24.0263113517107
P50990;H7C4C8	26.3887031636422	26.4628408487872	26.550570664399	26.6925878345647	26.4983685049527	26.6250555268235	26.6807005425146	26.6635663559679	26.6927208447561	26.5366035428956	26.5718568942186	26.5578178652368	26.6231027342434	26.4912286259572	26.488457759051	26.6059727232619	26.5187535122074	26.636025588653
P50991	26.3971186493449	26.5196985139055	26.4627004610052	26.4842530350127	26.5957669386161	26.6030034865732	26.6832465150118	26.715810791382	26.6746526248738	26.442941724624	26.4606554907666	26.3614355607065	26.4838687815357	26.404852202951	26.3526740240015	26.4988554135826	26.4580756332262	26.6011623205125
P50995	24.7049847469034	25.0696867469388	24.8729566291321	25.2188192125788	24.9904045494219	25.1509694514824	25.1194154787637	24.9667965632906	25.1591556344836	24.9018240436911	24.979935554328	24.9581473394519	25.0404275253018	25.0604805598389	25.1056953067451	25.1861248212337	25.1239994813259	25.1313979336471
P51114;B4DXZ6;E9PFF5;E7EU85	24.301802610994	23.6479010496122	23.8613595670428	23.8944877038554	24.0368275880352	24.2679947912109	23.5080907072447	24.003245443076	24.0062452556187	23.9054553172769	23.7794652852446	23.9379563661029	24.0662002407718	23.85918062675	24.0964352809435	24.510628004985	24.2150459112619	23.8582322339727
P51148;K7ENY4;K7ERI8;K7ERQ8	25.6534060101745	25.4420558397929	25.6391209681776	25.4476152434099	25.6383753679217	25.6771286159259	25.8051111139641	25.6191892014091	25.7536613437037	25.3713911440229	25.4162545369731	25.3825818122681	25.5628766077868	25.4082418773568	25.5240555066978	25.7136101229914	25.4539068520856	25.5288017584103
P51149;A0A6Q8PG52;A0A6Q8PH84;A0A6Q8PGE6;C9J592;C9IZZ0;C9J8S3;C9J4V0	26.5071531951055	26.6609853839715	26.5788830788713	26.7790644531129	26.8807532911389	26.8525763697764	26.9167274120719	26.8233522725425	26.9704875586165	26.4659103641344	26.4408368592564	26.4194407519821	26.5119854382412	26.5702940793493	26.5860613952076	26.5970466169504	26.4327210578525	26.5161402872175
P51452;K7ELG5;K7ES89	23.3006162127801	24.1630009777721	23.6421821717068	24.2093302022011	24.2019480018814	23.4991140169679	24.6477363991213	24.3210665485746	24.6607950243153	24.2400896315174	24.0761044582718	23.7501124022412	23.6978456882758	24.4449961482475	24.129119476744	24.1509694514824	23.8810101209993	23.8382667927688
P51570;K7EII7	23.475559288989	23.4946046391456	23.4699825714116	23.5032453792951	23.2761130432789	23.6187412638006	23.422395384237	23.1570286064422	22.9139872324075	24.0380006471411	23.8600336475263	23.4992356966408	23.8416296078128	23.9137864156398	23.9221604419118	23.6389829231249	23.904169328998	24.0265646412577
P51571;A6NLM8	26.0518790332698	26.5238162885007	26.2705990311828	26.7421402040653	26.6573097258281	26.4994029894358	26.4062479616604	26.437411874092	26.5160350583681	26.0009055483661	26.073164847708	25.7540438016322	26.0775109018345	26.0639603337696	26.1974929827102	26.1908787241479	26.0238605907204	25.9668185614614
P51665;H3BNT7;H3BTM8	24.4754355958402	24.2034424033418	24.5425638482724	24.2348378919123	24.1320258407527	24.0929725857053	24.1391491155111	24.2889798163402	24.1158488637436	24.1751614925039	24.0442687020735	24.227144672428	24.0770014792118	23.9950715116303	24.2297136398811	23.9469947729338	24.2881349822105	24.1484114121614
P51858	25.4307128650476	25.4030812173697	25.6778275830701	25.4489702565988	25.5681641906811	25.4637608305246	25.6161068179019	25.7968935600191	25.5764054583267	26.0438725319931	25.8870441225057	25.8914546176185	25.9883688324676	25.9994438729162	26.0623141496359	25.6340321890585	26.0709562023582	25.9962790044116
P52209	25.0317473010764	25.064351026623	25.1655716356798	25.0578393942333	24.9896685578176	24.7474513578529	24.9051798448436	24.9646391137559	24.8204092120685	25.1074524022594	25.1295518744817	25.0648443822031	25.0865891476827	24.9372829333124	25.1034959236776	24.8911532762365	24.9385397536882	24.9013176976128
P52272;A0A087X0X3;M0QZM1	27.2043383017607	27.309299677674	27.3106869679217	27.4982315322868	27.6315920653993	27.6057608374699	27.386813582441	27.5374924949387	27.5194585721084	27.1588475637925	27.2086234454729	27.2361708718509	27.3002496278357	27.3812124756179	27.379395687118	27.3234565546713	27.2544881762589	27.3683633814993
P52306	22.965238239612	22.8883686873757	22.7156746569568	22.729681312586	22.8986818294381	22.8425506117404	23.0491140160428	23.1261442138084	23.2444224889445	22.5910136715489	22.9725486458531	22.5017157244554	22.4804243778289	22.7178094408166	22.5021286482605	22.7694714555447	22.8679332536753	22.8971127695559
P52565;J3KTF8;J3QQX2;J3KRE2	25.2499938798928	25.3153765247834	25.5820459392213	25.8194349776114	25.6129053832543	25.6389553125292	25.6674156413504	25.5927766008867	25.5477792130992	25.7965718033458	25.537921958819	25.7408543795231	25.1036159765222	25.3550458960285	25.3287554482674	25.5495134867448	25.3954198619353	25.3525561698269
P52597	26.0918434007328	26.0777960999514	25.8920802794432	25.8731913778254	26.0478085487935	25.9425945044167	25.903778712779	26.0330505677064	25.7652682902821	25.9037327509758	26.0417856313372	26.0744516644059	25.9884988577068	25.8008477766672	25.8977682903381	26.0126951176198	25.7613166702539	26.0769403364074
P52788	25.5337403600776	25.2922839947171	25.5515390638526	24.9809379555749	24.9399747804239	25.1297483760744	25.0148244943213	24.8824568530101	24.9063272998003	25.6635934995515	25.6847719446748	25.5937740689778	25.6482577278916	25.5860613952076	25.6779619610139	25.6256408495363	25.4381260835009	25.4009661862007
P52907	26.745862627607	26.6173685890691	26.934271089704	26.5389136798701	26.6425127239	26.5610126228174	26.8574493403174	26.8418215321235	26.6639734561091	26.6849859110519	26.7766822159421	26.6724961296428	26.8032890316454	26.9163857436178	26.8915705013923	26.6873908487024	26.8403814770637	26.7672400488058
P53004	24.6514638704293	24.8713123178862	24.7835674064366	24.4361254054802	24.9028821933931	24.9222058203828	24.7567945097675	24.7234868024326	24.8188013722388	24.8054309719956	24.9814171187747	24.9493568882625	25.0969177876506	25.0469764247382	24.9774920089267	24.9804586331775	24.9133755669852	25.1820754404191
P53396	25.7464778275201	25.6921887303966	25.6190492358459	25.7837921855898	25.7294375689838	25.795160176366	25.7501635280998	25.8282279268744	25.8935853904089	25.4036663705072	25.4782161297904	25.5481909243534	25.6243026199398	25.5557279662147	25.5067901235584	25.5670037449704	25.5858322414064	25.5949701210729
P53597;A0A494C0D1	26.1254782687652	25.7792648830994	25.9963436630128	26.2102410356281	26.2083629741134	26.4070750416465	26.406653452273	26.3951092903219	26.2229142697206	25.8507656147641	25.6255851147462	25.8585879543288	25.8955281339884	25.5792572329742	25.4763939404678	25.9910969045838	26.0435179717876	26.0222526594334
P53618;E9PP73	25.5763766237451	25.409019243869	25.3460085789801	25.3630243860099	25.4417076647246	25.4367290768159	25.4073668390601	25.4936888554618	25.2633812531434	25.6560005650841	25.5634004199343	25.4935667070373	25.7376605806169	25.5875786204954	25.6804054552508	25.7759542223267	25.7152085610776	25.5290103544693
P53621;A0A3B3IS84;A0A3B3IT15;A0A3B3ISC6;A0A3B3IU89	24.4436690090138	24.4811761377517	24.4821614590285	24.3917868979914	24.3835708854399	24.3189311101602	24.4268160177476	24.4224595482185	24.248148792886	24.3646615532904	24.3321064989079	24.3601129931993	24.4268799854263	24.4707273804322	24.4595772024229	24.559292125632	24.6289532000882	24.5024564741697
P54136	25.4707584057984	25.4794502045766	25.3932608240125	25.5290401514444	25.3423845236092	25.4515507130257	25.3332331643622	25.1939265533088	25.1582312249853	25.6106263548175	25.6622356943833	25.6869903040584	25.9023302121183	25.6083437204976	25.5728255680509	25.6100349074381	25.6834339353779	25.6932261716751
P54577;A0A6Q8PFX2	24.6060292208844	24.6422923641866	24.7114060926006	24.7172760409237	24.6491627461484	24.6986936465932	24.9068318910027	24.6318418130484	24.7093564735977	25.0280412779742	25.0418482822998	25.0031167401864	25.0675548262881	25.0705877658433	25.0085551423222	25.1461208341204	25.0204309943084	25.0556898811534
P54709;C9JA36;C9JXZ1	24.4569484298206	24.5155689526099	24.5186334676873	24.9148814403913	24.7286853344371	25.0999699217114	24.8167036159555	24.787358985599	24.8735199618378	23.9862434263616	23.9192532468909	24.1019743889815	24.1172765680074	24.0241988743355	24.0979626655776	23.9518040577262	24.1994039614218	23.9840714120992
P54727;Q5W0S5	23.9287706363087	24.0333867035516	23.8363416589885	23.8201657151243	23.6894452290721	23.9680719030632	24.0175879937048	23.749703330135	23.8935622467444	24.1160869125917	24.0826967636701	24.0361568400527	23.9235211755375	24.1644595250418	24.0033312386243	24.2729139251651	24.1034158828975	24.2860912549222
P54886	24.226703818325	24.3349726458095	24.5521549797761	24.4489072609417	24.8182162586546	24.4024307687379	24.6085129284311	24.4891011969748	24.5103261796233	23.9100387975615	24.1308482906608	24.26133800389	24.0284207403967	24.1046960028048	24.3272483592937	24.0603568631549	24.0832650574951	24.1948283786489
P54920;M0R0Y2;M0R2M1;M0R058	23.9206167240181	23.9830276825974	23.9290416412951	24.1324181439614	24.4479619958495	24.4276473764236	24.1602333641411	24.1518985242037	23.7895495644517	24.2424176155488	24.1894089512429	24.0980430094665	24.3279335949107	24.3140974937657	24.3697948743944	24.0640631579367	24.011629249521	24.0908748239653
Q5VWC4;P55036;A6PVX3	24.6015024049931	24.6564916395908	24.4154488231383	23.9791069580875	24.0914399061026	23.9311176566651	24.0797705684322	24.5071834469438	23.9720226906738	24.2807215037254	24.5848579314798	24.5058517655998	24.4722778319956	24.428733815408	24.4770427801644	24.2395798838764	24.3680635868671	24.2609792405427
P55060	31.8892510554893	31.7215096977151	31.7332365160488	31.604170701326	31.5402854233447	31.5320390466561	31.4915669652629	31.6956522666279	31.6765705433009	31.69851151008	31.8929097319289	31.681647432018	31.531946122432	31.578307267632	31.6779149301573	31.5997444382943	31.5932130780372	31.5428239580235
P55084;F5GZQ3;B5MD38	24.6152650236307	24.3115360248947	24.6054076253146	24.697156354971	24.5704533323934	24.550511952626	24.8281794939733	24.8625423948871	24.6647059470019	24.0882078800163	24.3768317774646	24.1179106500046	24.2705633884014	24.2567390817002	24.1942272243964	24.2954404941817	24.2258217057687	24.2697790243415
P55145	25.9719569327923	26.279924938282	26.2853152900379	26.4887795138844	26.5367369206261	26.6909907550205	26.2166933201519	26.0162069057024	26.2538753219631	26.2950550700589	26.4946656707272	26.4213362663324	26.243634673568	26.4213202131104	26.4447908374843	26.4106050677515	26.6832465150118	26.6589445079191
P55263;A0A5K1VW54;A0A5K1VW94;A0A5F9ZHJ1;A0A5F9ZH31;A0A5F9ZH72	24.1170387153911	24.0121409644853	24.1410999163613	23.8913387245356	23.9626990590076	23.8680651761757	23.8015386516786	23.6422923641866	23.605011925009	24.0202190234229	24.3188621723969	24.0626641209659	23.8480452137619	24.0403439077725	24.3819220532404	23.7849654636217	23.4926502640559	23.9554448743986
P55735;A8MXL6	25.131986604564	24.7739943458007	25.1177521556303	24.9815042222609	25.0980831797332	25.0570130373984	24.6898184386784	24.6959890400526	24.6856008876802	25.3508714867441	25.0604393287893	25.2305200857922	25.3084840221315	25.1243545285753	25.2337779332569	25.151279208873	25.0460188883521	25.0901075725855
P55809	23.0829728200588	23.2954404941817	23.0166362469684	22.7861228284104	22.7131800767364	22.6743509095242	22.664662550499	22.3181312295117	22.3940135828672	22.9579968433946	22.8224237894016	22.8033727993977	22.7051851878821	22.5825858076728	22.8578147435602	22.7575576655208	22.6618172328489	22.8444291710929
P55884	24.8956436910336	24.7872593347586	24.6468030245642	24.5956531344793	24.6866163620318	24.5868631469976	24.5608086032757	24.5557279662147	24.5955393213647	24.6485594637291	24.4465113853996	24.6493272339442	24.8752086413606	24.7314847723132	24.6983227261539	24.6717405941236	24.7140819774652	24.7029788039694
P56192	23.6531599680996	23.9355305354766	24.0028163887856	23.3029880343766	23.5764631257612	23.6413003287449	23.3605149140937	23.5523895452657	23.4468268595958	23.5503945219116	24.015122356414	23.7287891142481	24.2333025264636	23.9971408809178	24.5587668194517	24.6230469013116	24.8014893144339	24.7464265708792
P56537	25.4717508653966	25.6089922431642	25.2439796226447	25.7096456988595	25.5912077563398	25.6093023031556	25.1977554238249	24.9691265047482	25.4314463388184	25.0283364240389	25.3918524378002	25.0642276613623	25.2654573827288	25.2232457925002	25.4455329767631	25.1704700452566	25.1834769795658	25.2003023704021
P57740	22.685108927351	22.6369936083669	22.7167215143453	22.8908194092144	22.5809540985057	22.1527960594671	21.8885544939368	21.7063240078656	21.6736179094428	22.4671985486903	22.5988476175563	22.5869432976763	22.5506293737827	22.2077376509144	22.4542772012189	22.3913935966012	22.2492488935042	22.6018877371823
P58546;C9JL85	25.7649900048271	25.6896318459434	25.5893800415656	25.7936231525496	25.6674427126088	25.7176682659185	26.1982239499625	25.9119366746117	26.2365176099355	26.0572196709857	25.9889971792577	25.6838087030828	26.0927508512549	26.2188376848682	25.5452475487718	25.4357440091859	25.4873540545224	25.8772933088279
P60174	28.2352580047989	28.1573062227902	28.2380404454702	28.3070424819395	28.1493324412328	28.3399407728969	28.1963395505588	28.2001807435986	28.3509389118523	28.532967959856	28.6125609463533	28.6747872988567	28.6828782969639	28.6984949510748	28.7362804245921	28.7262118696673	28.7301699722442	28.7424614812164
P60660;F8W1R7;J3KND3;G3V1V0;G3V1Y7;B7Z6Z4;F8VPF3	28.4907544351119	28.7183282705914	28.7104670453325	28.6543419534614	28.6854872704373	28.9404453377184	29.0335179853477	29.0581698044815	29.0957715706183	28.5874570150308	28.5453212063952	28.4697963090602	28.5140493045651	28.5646364444874	28.527534634478	28.5346384978835	28.6394108198006	28.5632913080861
P60842;J3KT12;J3KTB5;J3QS69;J3QL43	27.8647280731232	27.8474479481599	27.9689507913273	28.1930993845676	28.1574507934834	28.2993327577439	28.0843097280474	28.1223809372403	28.0872469767582	27.7380215250874	27.7742960386167	27.8295350009736	27.7564000544022	27.7958166308919	27.9036867877083	27.7495754713109	27.7209717952888	27.8602941921949
P60953;Q5JYX0;A0A590UJK8;A0A494C1M1;A0A494BZX6	25.0066304936565	24.7071459302548	24.8090674421077	24.8925898774271	25.1379382929131	25.1045360499203	25.1850662676591	24.9802842946327	24.9435561147877	24.7447340793024	24.8103429478717	24.4620139240171	24.5975297557396	24.6613932129611	24.8137714072819	24.8808700376524	25.0201766255083	24.7981304173512
P60981;F6RFD5	26.4853591135546	26.709119791612	26.7039821240727	26.5593504811803	26.8532905163338	26.6548540741018	26.9893437362377	26.7125347669012	26.7267640601412	26.458341650003	26.5248028080089	26.1562070118226	26.2912829950929	26.4165766965566	26.6433387731874	26.9199124217346	26.5811840283876	26.9970116322616
P61019;E9PKL7;A0A3B3ITL1;Q8WUD1	25.4878753535491	25.3215139012129	25.3288239149186	25.2553709497429	25.5725653912086	25.5066388167757	25.720071582674	25.5415598645369	25.5517150666637	25.1926103800253	25.0712017744387	25.128175613419	25.2393613654541	25.3402125052593	25.3086228896878	25.3640937669235	25.3028834773673	25.2044129348556
P61020;F8VUA5;F8VVZ0	23.3617200053854	23.236006598404	23.4254720409016	23.1177204546658	23.3643943875413	23.2881349822105	23.2148532822422	23.6484497489079	23.1427209747365	23.3075810570539	23.344079140574	23.1862533070154	23.5090578231119	23.577500745606	23.3871916967246	23.4598898327231	23.9730744093578	23.7046154406065
P61086;D6RDM7	24.1660698898864	24.0831838863672	23.8741769054358	24.155994786949	23.9903179816597	24.0285050518271	24.0666108555578	23.5755401700858	24.19197066235	24.1313979336471	24.284750689682	24.0715291388696	24.0399257474146	24.0651320950653	23.9377768147597	23.9374176450209	24.3587724476272	24.0406783488151
P61088;F8VSD4;F8VV71;F8VZ29;F8VQQ8;Q5JXB2	25.7443748105378	26.0139944112151	25.7372737541627	25.9026062291545	25.8790009587955	25.8366787428962	26.4048684404655	25.7871596770346	26.1603680237579	25.6967585128041	25.6318418130484	26.0906325781347	25.536025430198	25.9469278643033	25.9664445469309	25.8464200725706	25.9948773559921	25.7728624355189
P61106;X6RFL8	24.5039732167145	24.4012592216765	24.6586721728468	24.9313882211721	25.0038030229599	24.8999819327493	24.9447181368785	24.7863621673179	24.6777738283878	23.6875243388751	24.2218455111317	24.3904098737813	24.1306126652623	24.1659165992268	24.2240558609449	23.869289595086	24.1816205946245	24.1887300891611
P61158;B4DXW1	25.4703239899442	25.5619449163394	25.5131909742874	25.3892285203018	25.3603809529031	25.6057467106439	25.2126361979225	25.2853505702247	25.4467322245802	25.3579675219745	25.5630803351106	25.4244472175299	25.4096990961342	25.5920922239644	25.6201126337207	25.2118196901085	25.3442823609111	25.4126091254424
P61163;R4GMT0;A0A1B0GVS3	24.2368825073856	23.909672654538	23.5183333126793	23.6900849578717	24.0734100441578	23.8292930395406	23.8295833883909	23.6157140416987	23.2320876992574	24.0699734958156	23.9876318013427	24.0560621415195	24.1044560668272	24.0540756420099	23.5575403606851	23.9741253619017	23.6003684781558	24.3810639151935
P84077;P61204;F5H423;F5H0C7;C9J1Z8	27.5249223403045	27.0958721524178	27.2097392189553	27.1661465291087	27.467155005679	27.4853130438754	27.1260299610617	27.2844506558471	27.2171557372336	27.1359440806433	26.885532168195	27.1018942637397	26.8566185340515	26.941341212957	27.0074220489396	27.1670084399424	27.1765507397007	26.9504920011665
P61221;D6R9I9	23.7004939048879	23.611555282517	23.3142358220692	23.6034280375716	22.9723207554837	23.2658507946194	23.1454912588439	23.0460188883521	22.9940357128249	23.5784224482669	23.273696587155	23.4155777675939	23.4276473764236	23.5778464531137	23.5036093439039	23.173332498493	23.2559471634464	23.0841900857031
P61224;E7ESV4;F5H7Y6;A6NIZ1;F5GX62;F5H004;F5H6R7;F5GZG1;B7ZB78;F5H823;F5H0B7;F5GYB5;F5H500	25.8894135381379	25.8203118182224	26.0188192339375	25.6127085722375	25.7942679103008	25.5366183632524	25.3197925543746	25.4437954558381	25.4960077127224	25.6655736030442	25.6552909400095	25.7503680134183	25.8940250495075	25.8505748766986	25.684477689082	25.9759626886826	25.737815282162	25.7549103310873
P61289;K9J957;A0A087WTV2;K7ENH2;B3KQ25;K7ESG5	24.4146104031441	24.4509846666175	24.3507029101859	24.014441438388	24.1972304938461	24.3678636891635	24.2191886134362	24.4878753535491	24.4921612563262	24.0536614434366	24.0815595040069	24.2303001907011	24.0878842788169	24.0169082386815	24.1537548766463	24.2278057010952	24.2267773033647	23.9038936108813
P61313;A0A2R8YEM3;E7EQV9;E7ENU7;E7EX53;A0A2R8Y738	24.7531257322123	24.9161123505829	24.9171600759866	24.8708421702443	24.9213433852642	25.0570956943848	25.0947854977111	25.027661715718	25.0635283922225	24.4139005900715	24.3008256480771	24.4120922157124	24.1515114832783	24.5716688672146	24.2738388437287	24.7256724678839	24.8688187877062	24.9102218342328
P61353;K7ELC7	26.9681817933813	27.09194425676	27.420613694439	27.6988260950708	27.3953381390451	27.4593583208965	27.7307206501222	27.0881067624384	27.5289507586729	27.2902637206532	27.3940299428289	27.1593288953423	26.9655421127652	26.9288609769607	27.063322660309	26.9091919507571	26.8689129614744	26.79327585591
P61586;A0A7I2V3G1;C9JNR4;A0A7I2YQV1	23.8999358498259	24.0897439952544	23.8748335500251	23.5230086341165	23.5185734416814	23.5113521283267	23.3116053136127	23.1759228895243	22.9805893732619	24.1217093006887	24.1107611087122	23.9590765261506	23.3930971287971	23.5651160276184	23.7028203212023	23.1473869250975	22.8768391548405	23.2589685154216
P61604;B8ZZL8	29.471056990837	29.6030034865732	29.7931983229238	29.2349383648195	29.4259641777108	29.4705334567756	29.1893806716996	29.1373862502679	29.2301352473849	29.2527976895045	29.3042160119628	29.1766933948245	29.0621391321296	29.1841393957191	29.2167395685304	29.137972483298	29.2262352631861	29.3262241820215
P61758	24.6912038011376	24.2870077665729	24.2133409920685	24.3299189396701	24.4052256195549	24.6182371676927	24.0609340236304	24.228906742926	24.1600024898375	24.9656081636778	24.9920915833786	24.8782994294645	25.1263648141995	25.1094066524098	24.6758373246865	24.7071459302548	24.5653484953986	24.841005677414
P61769	28.6689849352612	28.92450690549	29.0599753982675	29.1517292065752	29.2006484828845	29.1685155459548	29.4612724092299	29.3992352492579	29.3145383690014	29.3691334015906	29.2392020082361	29.6116115619467	29.393661798811	29.2818447984008	29.3128086741734	29.7002987648586	29.996176622366	29.5479152378492
P61916;J3KMY5;H0YIZ1;G3V3E8;E7EMS2;G3V3D1;G3V2V8	26.89017928138	26.7858136235443	27.0016358311263	27.0303376074791	26.8806365351771	26.8683242745438	27.2517824458318	27.2765745523329	27.0252766242898	26.7987237324317	26.7142392280012	26.7126659508105	26.7241636718364	26.9003505431542	26.6489708200141	26.8938862242665	26.9147902200668	26.8445776263161
P61970;H3BRV9	26.1875790653614	26.3522530720197	26.3154629049148	26.4010964315382	26.2706881342839	26.1312212855231	26.6493820590422	26.259704909647	26.0191374871924	26.4911980377023	26.4839302689699	26.3777586190242	26.6271448755462	26.5827638051071	26.4554284425079	26.7809423919916	26.7614181291689	26.8443381748565
P61978	28.923487172834	29.1401931220721	29.1894749346883	29.0338592621192	29.1001905494856	28.9321601783943	29.0285472056947	29.2001573526531	29.0871710887098	28.9034569494028	28.9965268466477	29.0185804979155	28.9356204538313	28.8586650155135	28.9147617125326	29.0595886755043	28.9610766704906	29.0404066213739
P61981	25.4130612695793	25.7157060737336	25.5801778144987	25.1943023823783	25.0315369864791	25.0983241778474	25.2361526201694	25.1506983591982	25.5236667569824	26.0374351841461	25.8971681772015	25.6644075696786	25.6478187267156	25.6787142462824	25.6887251949323	25.3839992733219	25.5819310475241	25.5029116643886
P62081;A0A2R8Y623;B5MCP9	26.3144432896593	26.1963676940247	26.2160827025684	26.1480040328452	25.874927332002	26.0716314250224	25.8087729344092	25.9876534841039	25.8977913666281	26.3016979680346	26.2645449696171	26.3443500946627	26.164133399053	26.1433595455767	26.0622729709563	26.1625976979796	25.982875408937	26.0578806996529
P62140;E7ETD8;C9J9S3;C9JP48	24.5823331284411	24.820457906526	24.5165310700453	24.573750261455	24.5097827347966	24.6444394370141	24.2480039803347	24.0758597193686	24.2837621070692	24.3639267283978	24.6782575484396	24.6352230228371	24.7909915386257	24.7446827606705	24.7791145632201	24.4496000619263	24.4592645043614	24.49344454827
P62191	24.2540736268431	24.0911977551454	23.9298543509444	24.0718564290346	24.2047114286323	24.2674948102525	23.9526040488355	23.9986048903373	24.3207223367435	24.2664228386558	24.2877828219235	24.0979626655776	24.384164004027	24.5071834469438	24.1843475208524	24.3275910177854	24.2389970945164	24.0443520924404
P62195;J3QSA9;J3QLH6;J3KRP2;J3QQM1	25.4956418250611	25.438665473993	25.3901146260885	25.3118477979229	25.7042724286615	25.5326410506177	25.4627940543778	25.7268679782454	25.5521549797761	25.4430049813014	25.3826807501046	25.4393949167578	25.6796808941525	25.698561185955	25.5774143057836	25.655236339005	25.5383364923284	25.68877854312
P62241;Q5JR95	25.8143338757973	25.8425170437975	26.0020652366034	26.3137862065806	26.2458844342647	26.2026019930003	26.3426049364117	26.3449426293784	26.4692218487123	25.860744113097	26.0710994578184	26.0679445470684	25.8393725825735	25.7697892258956	25.7757533318382	25.7955070197481	25.7889026940896	25.8588724674769
P62249;M0R210;M0R3H0;M0R1M5;M0QX76;Q6IPX4	25.9748693236884	26.0995285649172	26.1774634888377	26.4578252196797	26.553605742056	26.5644765480097	26.8780655105275	26.9241104284333	26.8573306829961	26.0263535697235	26.0790380913134	26.1296501286236	26.2679412301097	26.1823975361161	26.4582164717475	26.0085978831432	26.0742883227179	26.3735831348841
P62258	29.4073830482972	29.6102743320158	29.5235209488283	29.4718709997212	29.5916001274453	29.6916231437625	30.0296006522847	29.9800554433165	29.9174105063275	29.4209549540424	29.576848717488	29.5301980321173	29.6325803968062	29.5826023164233	29.4894151517737	29.7201890335708	29.624898703622	29.7349086348342
P62266;D6RD47	25.6868834733693	25.6467481013686	25.5603130070962	25.8525525588019	25.9351258335129	25.9125306771389	26.1030556444236	26.2088094676562	26.2103711077592	25.8270166162955	25.6043616102288	25.7208544081024	25.0575915368783	25.7055385291535	25.534749798338	25.8762162163657	25.8649759679969	25.7763810217572
P62269	25.6113864310539	25.4398704416775	25.3835379272565	25.6327571847127	25.6127366897409	25.8036092938588	26.1861059253006	26.2003585023917	26.1715393589394	25.2016489357441	25.592149267776	25.3885389504452	25.2840093162368	25.1843853585601	25.3011397440269	25.4833921650454	25.3402464682062	25.5424752895713
P62277;J3KMX5	26.3003194607213	26.616527530918	26.7324684692445	26.0684161735171	26.1685585830012	26.232406141453	26.7207761446715	26.5547477402604	26.7655971039012	26.4781543983323	26.3020816217846	25.89802210923	26.0340587403826	26.3772787218377	26.198036557766	26.2808453743862	26.4510318456351	26.374014498332
P62280;M0QZC5	25.387421804735	25.8661322478708	25.4902341755538	25.9561098844933	26.1784516491804	26.0952886803445	26.4806678183944	26.0853941678317	26.1688645872001	25.6489433999105	25.80624260096	25.6309258602236	25.8493344642193	26.0369323642433	26.1469559575124	25.5178229058044	25.7558781896684	25.8778549510511
P62304;A6NHK2	25.1843853585601	25.1161662534799	25.0059455548983	25.0309900249965	25.0805026738505	25.1677550130352	25.7898231530855	25.4603899003333	25.3170341203403	25.2334122496291	25.2558031315947	25.1775205164895	25.2803321266801	25.1306126652623	25.1046960028048	25.3707927498688	25.2415086938292	25.1721881986359
P62314;J3QLI9	25.6506972367449	25.3559532408623	25.0210243471538	25.34034835225	25.5364405089221	25.2655289201435	24.9916159529941	24.5907510446773	24.4411377423922	25.5511576507529	25.5189035538121	25.5598755749225	25.2305933767085	25.1654566294985	25.0312424945254	24.8750679935378	25.0126098771447	24.9194805825843
P62316;K7ERG4	25.8420134309054	25.8724870171229	25.7321837838405	26.0073151073851	26.0229510602678	25.9358002737294	26.2320218058886	26.1940956885059	26.2988522598074	26.0854144299756	25.7666336408495	25.9237478397497	26.1214326535543	26.1326142555692	25.9126448803609	25.7898977591639	26.101152894217	26.1706228528872
P62318;H3BT13	25.6318418130484	24.9399747804239	25.6834607077285	25.7911406261414	25.4924057809099	25.7428854575342	25.8156291646228	25.9880220411938	26.1491870546752	26.0103918551803	25.9227275702362	26.0335757455536	25.9987124794763	26.1014334572207	26.0915609663413	25.5568975135536	26.030632284183	26.2759177449966
P62328	25.2683518144107	25.7895495644517	25.9088942919397	25.93919017704	25.8950658132266	26.0322309083294	26.0089611290065	26.2441974427318	25.9765090606039	25.1864271225084	25.5368554682579	25.7772593290948	25.3075810570539	25.4166411198415	25.6200007340064	25.8095090909612	26.2763793165195	26.2117083123212
P62424;Q5T8U3	25.96263287477	25.859465023053	26.0123967539202	26.2137117981057	26.389097199071	26.3688795484871	26.5705401902812	26.4732382758418	26.5084383391426	25.7175636830125	25.7357770485645	25.8185819824529	25.7636230971169	25.7834674933481	25.9101531982024	26.0252132495159	26.0172056709145	26.1070332897424
P62633	25.1228548454456	24.6917362788291	24.9890188415081	24.9533147798264	25.0024730534577	25.161656273172	25.0684161735171	25.1940768966854	25.1052556982859	24.9323347975533	25.0571783466358	25.1468200401313	25.2183388500164	25.0772460245198	25.2504999618466	25.2262260743091	25.2818182739644	25.260225546991
P62701	25.4271358277821	25.4511419240098	25.2940735255879	25.6212032013279	25.7126397149829	25.6758104104917	25.667632197196	25.9449191611063	25.7999590223786	25.0813563275534	25.1758467679023	25.1550297347766	25.0681701267797	25.0308216874285	24.9556665784915	25.2128217034507	25.3131634306408	25.042391143372
P62753;A2A3R7;A2A3R5	24.6485594637291	24.7329859351901	24.5013634313219	24.8505271882418	25.0187767948652	25.0700963707464	24.9328303755252	24.9491342123385	25.1419574337696	24.8391803321763	24.4819151917909	24.7391295759534	24.6145912343879	24.6728737490772	24.6811564677825	24.645319363876	24.7329859351901	24.682443008981
P62805	31.8264999858528	31.5705474282025	31.7225686162919	31.6819405903652	31.7211022142945	31.671180432967	32.0989867151559	32.064357451608	32.1464644099756	30.5733493929506	30.702727864881	30.6512140747329	30.4649956461893	30.8699719929944	30.7745474011125	30.798770074898	31.1544238347387	30.9233029775947
P62829;J3KT29;J3KTJ3;C9JD32;B9ZVP7	26.5277135900451	26.9287480502618	27.0650704471392	26.7143702570227	27.0166957495375	26.6536246790203	26.2494333677161	26.9335959340685	26.6875243388751	26.3793130514367	26.5053520680194	26.1018742317339	26.5202832049064	26.3952073727912	26.4545345065041	26.6379609789943	26.6820410880867	26.6541712061755
P62851	26.0275773549869	26.1751995719	26.2636677935333	26.4389350936333	25.9838105505053	26.3344442016921	26.5760017217304	26.6434764020967	26.8414616530942	25.9855921653663	25.753329798133	25.7031900872474	26.034940313915	26.4493009386771	25.838435119815	26.1741329687002	26.0838331275509	26.0798519318274
P62854;Q5JNZ5	26.2497407723272	26.1263648141995	26.0241143108677	26.0772460245198	26.389327003381	26.4481038251026	26.2032370149072	26.6976336207991	26.1414702704984	26.1220451580489	26.1601179316077	26.163519314774	26.382746704893	26.3795278943636	26.252522516247	26.6148439422323	26.5639094994751	26.3249676078284
P62873;F6UT28;F6X3N5;B3KVK2	25.9089858858094	25.8436435407924	25.8226231476748	25.7731392067197	25.6566825678769	25.6837819371893	25.8666510926428	25.6889385758479	25.5459839558323	25.3619542118421	25.5886368705258	25.4736098889653	25.6426779715998	25.505518653111	25.4411377423922	25.5917213842006	25.7361642764813	25.7046418227631
P62879;C9JXA5;E7EP32;C9JIS1;C9JZN1	26.3797261825185	26.4372848665063	26.2818182739644	26.4835151779242	26.4326254929837	26.525654259593	26.2888390450037	26.3439436444442	26.4448224256574	25.8980682533222	26.0019578972156	25.9176836534937	26.1048159558313	25.9766838559263	25.9273470243304	26.2130999170266	26.2203885134147	26.1560912566708
P62906	25.0342686877091	24.8284216422209	25.2115597952281	25.357229278735	25.3361992535418	25.5040944872598	25.4965258947818	25.3582358804278	25.574414518945	25.0755741381648	24.9840714120992	24.9438243568165	24.9735123992943	25.1366873446892	25.2199271315178	25.0122262326694	25.2006017157794	25.1304555602811
Q5VVC8;P62913	25.5845139002296	25.7322355490017	25.690298137782	25.5207328060239	26.2581418693447	25.8078890504218	25.8206770112483	25.8327250944973	26.1692087643596	25.7260624170824	25.62625379016	25.4773825321532	25.3853495101762	25.3335402841166	25.3147198667109	25.338207274895	25.5742123859965	25.3745783944546
P62937;F8WE65;C9J5S7	30.147586834813	30.358043002835	30.2388832409836	30.3627527372829	30.2629334198196	30.1848251491053	30.0497309993873	30.0928264463735	30.0131851526388	30.7158762360526	30.6153527334548	30.5487605095755	30.4835651489102	30.4427282128588	30.414174877432	30.3321278454451	30.330739663144	30.3068252576613
P62942;F6T7Q3;A0A087WZM5;A0A7I2V3S6	24.875021107883	24.9744317455713	24.8777379602841	25.8135512511988	26.0616345510773	25.8454153935872	25.6570370819568	25.5275495482898	25.6406937488812	25.2169707881864	25.5107788939898	25.3723547017374	25.2743366313017	25.3412989231886	25.4745385032101	25.424607394177	25.4545345065041	25.1475189074343
P62979;P0CG48;F5GYU3;A0A2R8Y422;F5H388;B4DV12;F5H265;J3QKN0;F5H2Z3;F5H6Q2;F5GXK7;Q5PY61;J3QTR3;J3QS39;Q96C32;P62987;P0CG47;F5H747;M0R2S1;M0R1M6;M0R1V7	28.409610086089	28.0635283922225	28.5076371484123	28.3076505359742	28.241863241418	28.2017237080907	28.0682521470214	28.1230720013577	28.1733134342643	28.0650190718551	28.4711926908832	28.2617235750108	28.1750282067018	28.0495232903504	27.9341585857042	27.8806365351771	27.6380991218623	27.9056389363482
P62995	25.4711926908832	25.0579633069443	25.0843604209633	25.3741803730135	25.2014245954496	25.1904643243996	25.3373567595951	24.8891582000448	25.1959548681579	25.4403458099117	25.3262884823182	25.0514642034777	25.2267773033647	25.2662083487219	25.335620152069	25.4144168523926	25.3953871733347	25.3227176231424
P63000;P60763	24.1515114832783	23.7746479338494	23.9896252524989	24.6319527981274	24.6236051334192	24.6256129824104	24.8549554848289	24.7712762676745	24.7551141447545	23.6225443076675	23.6516280960882	24.0821282458996	23.723382640486	24.0343946414414	23.6894452290721	23.6363298934154	23.835763617562	24.0376655847136
P63010;A0A087X253;A0A087WU93;A0A087WZQ6;A0A087WYD1	25.4824076842355	25.5937455794579	25.6109642159164	25.3742135456614	25.4408526967755	25.3980978098554	25.3801391953297	25.5451002222421	25.5742701411574	25.6762140707029	25.7632431705772	25.6881115489422	25.721532513384	25.5715242143803	25.6564098054468	25.674059909952	25.6212311537627	25.6416862013676
P63104;B0AZS6;E7EX29;B7Z2E6;H0YB80	28.2434530882888	28.3127221349711	28.2767520165118	27.9765636864172	28.2045248772593	28.1754089906145	28.1636056861715	28.3822849580422	28.3424014796358	28.2818005907359	28.2752872837772	28.2939069473065	28.2707059542438	28.2588966519541	28.1848960705103	28.2499306071643	28.348577156113	28.3126788634232
P63151;A0A590UJY3	24.1685968370757	24.0211514624489	23.9363395989846	23.8265802953967	23.924971211507	24.2169707881864	24.1069334830996	23.8490003247143	24.1586935037741	24.045852295391	24.0253822427269	23.9177974495516	24.1743996934362	24.1237627346075	23.9987770291086	24.1344564027943	24.1209978151339	24.1622327286242
P63167;Q96FJ2	23.6029751787306	23.4397436503568	23.7747484595813	23.8274528052757	24.0371628451194	23.8138203262939	24.0828591561782	24.0652142882025	24.1335160257653	23.373981321107	23.3247101538168	23.7785632562897	23.1847107218884	22.8774196973928	23.3542052528082	23.2722732493907	23.3566249804288	23.4058748096126
Q8WVC2;P63220;Q9BYK1	24.3807337261364	24.262342066894	24.5860041101696	24.8009464933555	24.7452984638056	24.9480203168857	24.8401413280759	24.8322904968883	24.9046287421283	24.5681931898678	24.4196336299486	24.4016498430798	24.6470226964399	24.6448794675306	24.6901382558025	24.4704170900684	24.3623890658439	24.4535615257258
P63244;J3KPE3;D6RAC2;H0YAF8;H0Y8W2;H0YAM7;D6REE5;D6R9L0;D6R9Z1;D6RHH4;D6RFX4	26.0906931434059	26.2866024582289	26.0568270418621	26.4579817332398	26.3915247089783	26.2265017151638	26.3247101538168	26.3263227746381	26.3580513893535	26.0429964013746	26.290421931138	26.2171927241981	25.908573667594	26.0803400158605	26.0650087965787	26.0191587015801	26.202247006036	26.0942217247297
P63279	24.4892849836849	24.3215483072093	24.0414305578156	24.6318418130484	24.7751504924782	24.5511576507529	24.3473272358467	24.4284143594511	24.6125117343682	24.5755401700858	24.7147632727003	24.8436435407924	24.6868834733693	24.3508377730082	24.3190689758052	24.5864050576773	24.3206534845212	24.0498452266121
P63313	26.6879247352996	26.5689759476533	26.6856543515221	27.2439070086402	27.1533490036056	27.492436343569	27.3824498845975	27.3568264413234	27.4900658161087	27.4879979847737	27.4662216252016	27.2558391409057	26.8849502251267	26.8217720359998	27.1229732981769	26.8725574686701	27.0179702152042	26.906441995117
P67775;P62714;H0YC23	24.7611137310158	24.8189963573777	25.0290529560575	24.9513594264652	24.9596514372022	25.0015714092798	25.0974805082599	24.6203643763488	24.8432122203325	25.1654949659109	25.0508002276094	25.1082503751446	25.1209978151339	25.0354857800762	24.9931287784321	24.9759626886826	24.8299704293164	24.7728372718675
P67809;H0Y449;C9J5V9;Q9Y2T7;P16989	24.9151094659716	25.1507370897863	25.2666372967055	25.5424162474169	25.102094568501	25.3418757501233	25.5761459263426	25.4829307733116	25.5163807814842	25.0401348427439	24.9463701716755	25.1727986048396	25.306121226257	25.2730562589301	25.0706287078807	24.650368554702	24.7813677185131	24.6699581218795
P67936;A0A2R8YGX3;A0A2R8Y5V9;A0A2R8YE05;K7ENT6;A0A2R8YH90;A0A5F9UN72	28.2519178529407	28.3035629625178	28.3188535549449	28.5138234776818	28.4770736700152	28.6315226833789	28.5882794404417	28.5057836352113	28.5276092019953	28.1673434884746	28.1306028467022	28.2634708031289	28.2779936549098	28.242226789482	28.1821038635205	28.3559448421381	28.4066939950666	28.4394028434576
P68032;P63267;P62736;P68133;A6NL76;A0A804HKV3	31.1572580293396	31.3110552427684	31.2693019581249	31.6628876003492	31.5858018041789	31.2257297880189	31.3475743498834	31.3690605794495	31.5628365865389	31.2227968371319	31.3176466033329	31.3159746011169	30.8638571523123	31.242010943868	31.4163914635863	31.2788577365536	31.2368323394586	31.2253850442901
P68036;A0A1B0GUS4	25.6267272477995	25.8258042878256	25.287606709539	25.3795444194175	25.4073020002906	25.2756869038456	25.2453948657146	25.2014245954496	25.1731037111199	25.6359979214007	25.6413003287449	25.6804591119701	25.774622801322	25.6692012556936	25.473021457307	25.705881240241	25.5056700774136	25.860009959314
P68363;P68366	30.674214847586	30.6012508918998	30.5970821473729	30.641169384224	30.69851151008	30.6507006601222	30.5324106837115	30.5830687899769	30.6069963994572	30.4737298685937	30.4466770179542	30.3763764139668	30.4321117233306	30.4546403962646	30.3449849439758	30.4314144564074	30.5386214150393	30.4540520214437
P68371	30.1606276889583	30.1936634146944	30.2386555069593	30.1778341282869	30.3474159483197	30.3028006976938	30.2872500161014	30.2717524907477	30.3616028878977	30.1562938220918	30.2009290536829	30.1358951682654	30.2939507855612	30.1349165723039	30.194602975158	30.2444515246085	30.2613649075449	30.1678219942968
P68402;J3KNE3	26.1420743284807	25.4540324048164	25.849119669136	25.4503554655779	25.4533417295432	25.4259201723106	25.1313979336471	25.8606730822822	26.0427251102223	25.9397058216161	26.1048559379572	25.9127819122951	25.8275497182533	25.9834409158199	25.9999814257541	26.1459459796561	25.7375058624813	25.8715943329468
P68431	29.6335334085001	29.8952738759037	29.0870698984352	28.5283174012519	28.8167158210326	28.4728200966293	28.07709318856	28.3077807999319	29.410702102404	29.7980902361547	29.6011977497199	29.8779924030808	28.942236532226	28.4879213414799	27.9178657228781	28.0726538878865	27.987230611469	27.6631591409186
P78371;F5GWF6;F8VQ14	27.2062961421115	27.1179304605772	27.1198112255886	27.2679412301097	26.9979807150586	27.0420779792216	26.8801694168175	26.9712553288316	27.0212573833065	27.2878884790359	27.1835716290683	27.1114776593391	27.2705277447394	27.2724868395963	27.2897362270309	27.3238001148422	27.1873525263142	27.2527751362941
P78417;Q5TA02;Q5TA01	24.5595255336637	24.6422923641866	24.9189803967642	24.7724345937431	24.5028206378336	24.7546045565888	25.2037410979683	25.2359700906532	24.831710829684	24.9803714665385	24.917660893205	25.0695638371137	24.9506477312959	24.806414705995	25.03586328972	24.972723921645	25.1400077928868	25.1324181439614
P78527	23.5953685848559	23.6247767182342	23.7345889011179	23.3396010354548	23.4570110753423	23.3231988308416	23.6185172428311	23.6565461931081	23.4600148658767	23.4910603825292	23.4882432159559	23.5053066323831	23.5654647152433	23.4818536184126	23.5228889431519	23.357699113594	23.4621387732267	23.4867712032025
P80217	23.3081367947499	23.4440483162438	23.9717596411625	23.6486691702073	23.2917923623931	23.5367072821961	23.9287706363087	23.4561337904014	23.879982527117	23.6078359775901	23.8156780206834	23.7485777833954	24.0563929590034	24.0794450689574	24.1577687980224	24.1156107756102	24.094020323833	24.1315549360458
P80303;E9PKG6;Q2L696;E9PLR0;E9PLE9;A0A2R8Y6G7	25.235385840964	25.1154917168075	25.1940768966854	24.3459747514119	24.7471952293453	24.6385410901711	24.5419733542232	25.249415283052	25.1878621891561	25.019582923837	24.981547772032	24.9267364746131	25.1963676940247	25.1279788974775	25.2160827025684	25.0146542597961	25.1314371858486	25.258860718878
P82673;H0YG82	23.0341595189123	23.4154488231383	23.3017328498644	23.2424176155488	23.4601398881949	23.2324244405929	23.3330625140218	23.2881349822105	23.4888561116025	22.9161579196866	22.8469556154203	22.8940435585303	23.180361440211	23.3489485452972	22.7734410783946	23.548043898107	23.1398048788985	23.3824498845975
P84103;A0A087X2D0	27.0128655834624	27.0229510602678	26.8009464933555	26.9133070808329	26.8997745480011	27.0865891476827	27.0010988944865	27.2547584704126	27.1664338899385	26.4442695327494	26.6180690965074	26.7184262653414	26.6510258439229	26.4256641142648	26.5271020668579	26.9275052728288	26.9293125953838	26.8413416734658
Q00688	25.2409266832655	25.7422430205381	25.7956061025435	25.8789308212112	25.6592167915928	25.7736422910924	25.7952840585751	25.5942013442781	25.7731643651053	25.5823905594254	25.575136191233	25.705222108183	25.9507812008858	25.8704424242502	25.8329182069751	25.4326254929837	25.9283866254137	25.9090545773957
Q00839;A0A1X7SBS1;A0A1W2PPS1;A0A1W2PP35;Q5RI18;A0A1W2PPL4;A0A1W2PPH7;A0A1W2PQL0;A0A1W2PP34;A0A1W2PQ74;A0A1W2PRZ7;A0A1W2PQD4	27.9232037858012	27.8623059068871	27.9829950538803	27.8607677892582	28.0081169758861	27.923713842388	27.8751969212324	27.9956106957906	27.8502529490197	28.0669700476525	27.9690057040703	27.9995944079015	28.099839534893	27.9080467728585	27.9142199623256	27.9186051435622	27.8544205259052	27.9458680639202
Q01081	25.4956113302336	25.6733051931508	25.5174024351008	25.548867052165	25.5870348929998	25.6165836167183	25.6850393976883	25.6368000563789	25.6731164522446	25.403601365211	25.3742467175465	25.3655962439878	25.5380700201746	25.6840763347091	25.3983914284666	25.6441093260278	25.8439310161428	25.8385072539659
Q01082;A0A087WUZ3	24.3965634965896	24.277816343407	24.4358711524873	24.4279670022398	24.3402804303536	24.3685299071578	24.2865848335437	24.2290534850347	24.3060516736456	24.3383093030447	24.3312182029776	24.3334037945194	24.4806215986615	24.4251518617927	24.4961906217612	24.4925891471534	24.4580130339143	24.390475476175
Q01518	26.871735319807	27.100892322564	27.0555864584471	27.139071028583	26.8682065083267	27.1707374479896	27.4158678504887	27.4357122216096	27.1444296859171	26.9734467092801	27.0659948895451	27.1812035266344	26.9434666896937	26.9720226906738	26.9870679351379	26.8846009465774	26.9753067691256	27.0674317346929
Q01995;H0YCU9;E9PJ32	25.1406709664453	25.1048559379572	24.8743176401531	25.3627569168815	25.0737369079464	25.390901819037	25.4558203450222	25.3180346621935	25.3716902480511	24.7291522848078	24.7005468196687	24.5781920778008	24.7173283437512	24.6653025165817	24.7751002444925	24.7911406261414	25.0063736797281	24.9587668637413
Q02790	23.5846285864287	23.6852800630154	23.6654651745717	23.9672804455828	23.9266007618017	24.0427668506432	24.0899863903222	24.0304428560686	23.8246394932733	23.7194189035155	23.709146091528	24.0321257901071	24.0916013174969	23.7505213583891	23.9409157415834	23.927776515591	23.9150638637387	23.89642923357
Q02809	25.3579004245607	25.3749431510031	25.3724211302778	25.292038199497	25.5225597417887	25.4659414932633	25.3210665485746	25.4931696532187	25.3865340429589	25.4718128714584	25.3932935608269	25.2494876203485	25.4506701003993	25.5404073751198	25.4288296384029	25.5429770503491	25.3818230633582	25.6493820590422
Q02818;C9JKZ2;H7BZI1	23.2365322076057	22.9898157861788	23.4470791892932	23.268851498505	23.5688310245459	23.4959467378892	23.3290977490356	24.0575502231789	23.7066191108073	23.7221321101787	23.6684980956635	23.598325161209	23.6275623824341	23.6228793895505	23.7586762308949	23.6843171607313	23.7829678240878	23.7074619296079
Q02878	26.4086468080158	26.4221868315867	26.4449645638779	26.453043381153	26.358671856477	26.4443327312355	26.6193291533945	26.7242938026299	26.3842628334224	26.1983551100191	26.4136101113098	26.4229086162029	25.9796521407446	26.2213477153797	26.1601948876562	26.3863037932967	26.3718896162914	26.3362843959208
Q02952	23.9463701716755	23.8797956132033	23.9047206072014	24.0071867670549	23.4793885259019	23.5168916987288	23.611330142841	23.2109209974526	23.426112186025	23.7625337065644	23.955356183221	23.8368231833216	23.6851731056042	23.546513936261	23.828518490141	23.7663808956199	23.5652322661908	23.6462536984939
Q03135;E9PCT5;C9JKI3	27.0170144715184	27.098785978403	27.212060979154	26.8988524771598	27.092145947665	26.9662024858501	26.845774287832	27.1684438146911	27.149380900163	26.6749219602691	26.6005953348338	26.5922063093323	26.589637203911	26.5691933050219	26.7439384352964	26.2827375033016	26.5040338532614	26.5183783399118
Q03252	25.3759374731162	25.4577939149301	25.3298505249675	25.6237446577025	25.4326573486433	25.6292312027947	25.7848406921547	25.6834339353779	25.734227096717	25.0883292117552	25.2546503588279	25.1505434264474	25.1159678930775	25.29614100162	25.319034510629	25.3359608281452	25.2857738651859	25.4295321459622
Q04760	27.0851712654646	27.1200090582993	26.726244357311	27.1471501029899	26.9500469652901	26.9528261898847	27.0307585557761	26.7493197196632	26.7438100645136	26.9471508810051	26.7124035710624	26.8292930395406	26.6589445079191	26.8400212385898	26.9810904338564	27.197699190462	27.1241572908908	27.0319155306823
Q04828;H0Y804;A6NHU4	23.6436140178779	23.5261171188745	23.4482141271051	23.3322431112882	23.3812619923601	23.2654216126912	23.3345635447034	23.1223888369862	22.9587226208279	24.4177680618923	24.2650638635286	24.2644196913963	24.2073206181527	24.2197794581423	24.2694223542018	24.1766078034429	24.0190314105745	24.2873601160778
Q04837;C9K0U8;A0A0G2JLD8;E7EUY5	25.6639463196733	25.7069615653301	25.928544759926	25.7953088337404	25.7387689086317	25.6857612732624	25.549601614477	25.4767956375443	25.8835759080735	25.3637262566347	25.4207582377725	25.4596084685017	25.5214219223873	25.3943407468573	25.5211223470216	25.7407000035377	25.8843680472241	25.6226560102761
Q04917;A2IDB2	24.5288017584103	24.930982355381	24.6830322904897	24.8373526745258	24.782417987946	24.8811035023412	25.1427754979171	24.9658283115489	25.0175455183978	24.5331462427686	24.7682501626513	24.7010758607604	24.44966302734	24.6575278038334	24.5889227508479	24.8582796684215	24.6749219602691	24.673143416743
Q06210;A0A6I8PRN4;A0A6I8PTT9	24.6332285132463	24.7182172018275	24.6694716106296	24.3564906575349	24.6830322904897	24.1779006432382	24.3131980363578	24.5355212454301	24.3924421621354	24.7258804539062	24.6509710812574	24.5081511709835	24.5577740522772	24.5426819180852	24.553268826345	24.5686570975983	24.56505790482	24.3710587334685
Q06323	25.527728502007	25.6493546467537	25.3728196373009	25.6098940508881	25.6729546546697	25.7013667506891	25.7477074408969	25.697713149756	25.701974785623	25.8534095063987	25.8602468239367	25.8988755361147	25.9089400896014	25.973424811944	25.9574611270972	25.9876318013427	25.9688848932765	25.8578764258863
Q06830;A0A0A0MSI0	28.2471710259621	28.2007420125468	28.0775007151447	28.6508204732081	28.6084776784148	28.6568666533685	28.7223080315149	28.5916357922548	28.5321133817263	28.2683875118718	28.3737241717406	28.5188210328606	28.2127104029961	28.3194135822898	28.3980733389402	28.6302385137744	28.2922401057847	28.4397198757436
Q07021;I3L3Q7;I3L3B0	26.7644585834889	26.5612894603414	26.778312592569	25.6834874795822	26.0268389880939	26.0190526265221	25.5542061358616	25.9421022697516	25.9619487931348	26.4206779377084	26.3109989244692	26.3226832450213	26.2901406560578	26.2502469430607	26.4718748748554	25.7515943170509	25.6134394492856	25.8044711850765
Q07065	25.5848579314798	25.7648634936911	25.6255293778029	25.9564422746248	25.9739721456636	25.7878322331154	25.874012697579	25.6299537592227	25.995459744537	25.8306716764483	25.8241295997878	25.6843439166969	25.7464265708792	25.6572552011757	25.7461702603555	25.787358985599	25.8613122337518	25.7279846253795
Q07666	26.1871637165978	26.1732562400666	26.1731037111199	25.937260480138	26.0359891043194	26.0298112493278	26.071222236892	25.8439070620513	25.9338210210556	25.7423715308257	25.7034013395875	25.7153656888731	25.6818802883718	25.5735191436619	25.6585904622995	25.3211009652413	25.5469260087023	25.2800488773522
Q07954	22.7610122506908	23.4354261019016	22.7506235793152	23.8077416837616	23.3757055259118	23.4699825714116	22.7991092564283	23.749703330135	23.2572428034444	23.8187038697861	24.0884505332909	23.8991983227904	23.7997614470509	23.9583686286679	24.046352016574	23.8911532762365	24.0531642481275	24.0139305388816
Q07960;H0YE29	24.5825628386622	24.5417370889141	24.7625843941372	24.5562543798496	24.3431304003184	24.3007558396896	24.3271112731057	24.1773684377416	24.3238172907033	24.4494741228541	24.4483401762111	24.4229727573629	24.743039599854	24.4993573660519	24.4619514953604	24.6778813357496	24.6100349074381	24.273696587155
Q08211	25.895158289232	25.9962143429123	25.9956753843504	26.0299586489686	25.9849623334917	25.8656604088291	25.9241557456119	25.7970420388996	25.8599152025749	25.9510925819179	25.9176836534937	25.8918485844773	25.8820603127656	25.9565308990611	25.8411496853039	25.9896685578176	26.0826155605608	25.7481938734858
Q08380	25.6971828738818	25.7686035354783	25.6699581218795	25.6328403715261	25.3306712873512	25.4978966554571	25.3835049683201	25.7201498843343	25.3002321690861	26.276361566499	26.2251597672203	26.2124321142878	26.2918099235755	26.3922292339318	26.2704921001967	26.4324980633108	26.3071814883148	26.3204813395878
Q08431;H0YKS8	25.1647280440414	25.4144168523926	25.6747603650658	25.1046160285793	25.1606180725621	25.3109122766388	25.2219561090881	25.603711002178	25.283196898427	25.3890643668955	25.4483401762111	25.0867915885785	25.210631216845	25.0255934564072	25.4797277259857	25.3182760683706	25.2001526744185	25.3316965841329
Q08945	24.3393291878865	24.3938172488551	24.3786848655282	24.3835708854399	24.1973804933306	24.4060695096791	24.3476651589365	24.1872203621074	24.2659938268944	24.0307795999672	23.9295834985939	24.0261424673042	24.2635603475562	24.2443789343526	24.1765317179517	24.1404759470415	24.0981233488813	24.0934562517011
Q09028;H0YCT5;H0YF10;H0YDK2	24.891385082886	25.0916416675239	24.7213499779292	24.4998439411125	24.5995741987471	24.6486691702073	24.5560789299792	24.5517443983781	24.3057734296639	24.6984287131537	24.7654200597264	24.6991704042163	24.7241116162323	24.5600505637081	24.3832412697194	24.4354261019016	24.1921212096778	24.1132277307326
Q09666	27.3624392328723	27.3326187286455	27.3432490269759	27.5652177368814	27.6291617071401	27.6067493716987	27.5198334636317	27.539342720961	27.5764342923321	27.4314941611139	27.4873847243858	27.4876147275813	27.3631079599442	27.2842741362041	27.363358652703	27.2558391409057	27.3626900418506	27.2713295142106
Q10471	24.1325750353803	23.8771762725055	24.0120556912612	23.5647672556982	23.7301375728811	23.6601421718835	23.680137141716	23.4249597202141	23.4548796000756	24.1504272159644	24.0456856831907	24.1425028614062	24.0715291388696	23.9397506515663	24.0434345331917	24.0630757432805	23.947975743174	24.2758999892962
Q10567;C9J1E7	23.8421093707253	23.7172237362	23.2156236440498	23.0600104560064	22.8549269586934	23.1308639976525	22.9668053625991	22.9719876201767	23.0243003439544	23.8446973371439	23.6544717078846	23.7045099071555	23.6589445079191	23.3558188554082	23.590465526451	23.3821859930583	23.1467190646441	23.667632197196
Q10713	23.1660698898864	23.6258916294496	23.9805893732619	23.9981744535286	23.4888561116025	24.0113733239594	23.9158844834712	23.3972818889201	23.8855787135012	23.3165853762308	23.8783929864206	23.3933590322272	23.9170689996291	23.5375369281656	23.8664624434054	23.4590142971042	23.6383201229413	23.523128315152
Q12765;C9K052	24.6862423230554	24.5807816270427	24.6031450174548	24.3531958339358	24.3207911856801	24.0823719238059	24.1643827961471	24.312505764252	23.9051798448436	24.8215774256679	24.8385553413962	24.7533808101034	24.6818534866767	24.548867052165	24.5452770122725	24.8846009465774	24.7672905712985	24.7367062210146
Q12792;F8VS81	24.0929725857053	23.1749786974103	24.0855359968635	23.9294932031758	24.0163131901926	23.7345889011179	24.1345347398856	23.9669285472846	23.4791417848305	23.7504191302196	23.5086952306312	23.7977842041718	23.9276861070031	23.9829406710452	24.2472796994615	23.6829251662988	23.9407365581961	23.6533786742382
Q12797	23.6817462749172	23.8773635260642	23.8580424805802	23.8090183616661	23.7704195154898	23.5246832658088	23.3776924357987	23.4523679437294	23.3563563221336	23.6443844237615	23.7105130269118	23.7404684085819	23.6961482749868	23.5816437782452	23.6900849578717	23.4534987302334	23.5208526759954	23.2888390450037
Q12874	24.4069129064668	24.2756869038456	24.0903902916213	24.3431304003184	24.3045902936949	24.0978823172141	24.1987297873464	24.1589245876328	24.0712836225107	24.4166733304051	24.2913708298727	24.2992890827256	24.423742228935	24.4576373809918	24.2336682379008	24.3489485452972	24.4361889617277	23.862116688572
Q12904;A0A8C8MUD1;A0A804HJ47;A0A5F9ZHC5;A0A8C8KIA0	24.353128514226	24.3329259792145	24.4689888942025	24.5213320563092	24.2672804796446	24.3977388614929	24.5473968045591	24.3457717693446	24.1576146227574	24.5381884583194	24.6596523386102	24.3972165953065	24.4045761372403	24.6983757206271	24.5715531461075	24.5302315260865	24.3563563221336	24.6218739103316
Q12906	24.9355305354766	24.8114213418774	24.7567945097675	24.3340861134126	24.6940768487093	24.7910412361761	25.0047889828533	24.8939325008311	24.7565400347804	24.6678487205404	24.7390265373474	24.7559291116119	24.8062180128503	24.7755524133725	24.881290246894	24.6605230383709	24.7124035710624	24.7313293904134
Q12931;I3L0K7	24.7364481775788	24.7894998154891	24.6886451689516	24.9057766353166	24.9480203168857	24.8372082871052	24.9766620076691	24.9782778856783	24.9280025122769	24.6410246422406	24.6942362948265	24.7688054239534	24.8017853125968	24.7313293904134	24.8087238439472	24.6706605708355	24.63328395354	24.6514638704293
Q12965	23.2738388437287	22.7996428888652	23.0126013528202	22.5952092125489	23.0343106735083	22.6627735380677	22.5618808404421	22.6593148011367	22.8263087402241	22.8716225314211	22.6444944481689	22.40553726724	22.8838834961026	22.6474619398718	22.6186068553932	22.7546453302666	22.8253578943932	22.5581011569245
Q13011;M0R248	26.0543448073276	26.1970992315025	25.9743660974051	26.1105022668313	26.0380006471411	25.9801753223429	26.00094851641	25.7251783808764	25.6983757206271	26.9293125953838	27.0097727597915	26.8885544939368	26.726893956602	26.6364405337805	26.6103447434481	26.5027144329267	26.3983914284666	26.5791708983318
Q13085	23.6551271307963	23.9208892648786	24.2003772125695	24.164689687244	23.9717596411625	24.0597794716897	24.0571370211022	24.3902130486998	23.9305763753778	24.2256010933299	24.0763491556645	24.2235404154738	24.4201478451613	24.2431443408517	24.2337413690649	24.1336727978427	24.363859907572	24.2451046726047
Q13148;A0A087WYY0;A0A087X260;G3V162;B1AKP7;A0A0A0N0M3;A0A087WV68;K7EN94;A0A087WX29;A0A087WXQ5;A0A087WXV3;K7EJM5;A0A087WX67;A0A087WW61	25.3076505359742	25.2178213575545	25.2261893182158	25.1725315839035	25.1737518478017	25.0798519318274	24.9454327624667	25.1447214046605	25.0596144602472	25.0848064418336	25.1056153878973	25.0175030418402	25.1460431236415	25.1703172214392	24.9294932031758	25.1312016566185	24.972723921645	24.8633461642459
Q13151	26.5270871484195	26.6303426782279	26.5813277159571	26.1281362723765	26.3199992244697	26.1138635943497	26.2217717744502	26.6198888256121	26.4445697009049	26.4957637979257	26.4762703188623	26.4922071078427	26.6968380900148	26.5573066312328	26.6477363991213	26.5416632480693	26.5461900824675	26.5991768949979
Q13155;A8MU58	23.7651671017819	24.2299336243854	23.6986936465932	24.0483491721667	23.9564201176651	23.6703364061244	24.0236914191629	23.7615195809491	24.1134662124326	23.5423867254336	23.9446734610237	23.8907823081088	23.8738953948087	23.8948577205389	23.6157140416987	23.8745521675113	23.6310091526965	23.8385553413962
Q13162;H7C3T4	27.224350318552	27.1842340017744	27.4159484187204	27.6367862302432	27.5534739148436	27.7619253167434	27.4025934083909	27.5256691928556	27.420774297249	27.4537185024999	27.4876913871653	27.458341650003	27.3664469536024	27.2999004126955	27.4010475909146	27.4027560297112	27.4476625327414	27.3656963535122
Q13177	24.274976391622	24.4613270601702	24.2719884132514	24.6405834342274	24.4156422355002	24.351781459935	24.7872095067571	24.3079284182	24.7703186876573	24.373782241733	24.1406319646734	24.300686027924	24.4993573660519	24.5223502108938	24.44966302734	24.7527685473806	24.6722803027233	24.6489982395965
Q13185	25.364127172308	25.4655990358982	25.2414723250469	25.2929860361134	25.4832076260586	25.5380700201746	25.5732301943447	25.5855457479605	25.3647951176141	25.1512404928361	25.3418079001002	25.3582023383509	25.4463220677639	25.3257396943164	25.3842298910428	25.2731985786541	25.1897105652179	25.1934378291043
Q13200	24.7294116363897	24.7371705829222	24.7792147782132	24.6579093610392	24.8264833172741	24.6419066536798	24.6540892402997	24.6945551342048	24.8920339434267	24.4401873712367	24.5723629989986	24.5051248755273	24.7400051071072	24.6800834730204	24.6863492012301	24.7851650755267	24.7824679817099	24.8136246402928
Q13217;X6R9L0	23.9785833888418	23.8389399831477	23.8261923437867	23.7393356310906	23.5606920077254	23.4899586680496	23.1696216685966	24.0427668506432	23.4572616302302	24.4622011937801	24.3525224954372	24.4032762947874	24.383109402342	24.2610510003498	24.2468449563391	24.3152728617982	24.4085334388872	24.1043760792996
Q13263;M0R0K9	25.4950928195211	25.4941773457668	25.5104469173454	25.5758863476618	25.5974445077093	25.5738369210828	25.5343639200444	25.6918161335348	25.831590036362	25.4837919185576	25.4065237076764	25.4463851764029	25.6372424227735	25.571987052406	25.5282652300114	25.4311593717511	25.5118346753806	25.4833306546725
Q13283;A0A7I2V5M7;A0A7I2YQN9;A0A7P0P2U7;A0A7I2YQU8;A0A7I2V651	25.3629909550805	25.5422391064548	25.6448244710551	25.7185307857385	25.8480452137619	25.8542897279916	25.7930773631445	25.6727658678956	25.6903780721279	25.1006116542951	25.3351089870694	25.136648235074	25.2420904696935	25.2681376110933	25.4935667070373	25.3695952164481	25.1783186670127	25.2561271830422
Q13308;C9JQR6	23.6271170374573	23.346786394213	23.4256000926517	23.5636040733076	23.99049111199	23.4384751239049	23.0473342969022	23.7753514669217	23.7148156667023	23.6956174235105	23.6730355557253	23.7629391572917	23.8398050523211	23.6393142090632	24.0558967043264	23.7192099838075	23.9717596411625	23.9480648892204
Q13405;H0YDP7	24.132888767042	24.1204441947951	24.1510468970653	24.4660660030623	24.1887300891611	24.0577154708786	24.3873231915104	24.1122734095197	24.3306712873512	24.1277821547096	24.0604393287893	23.9705314422088	24.1803310855771	23.8611702245606	24.0505096420477	24.3164472730343	24.0791194960272	24.1002908236848
Q13409	25.2177104421585	25.2452135018614	25.1626937272032	24.7380473033801	24.745093258622	24.7532787843588	24.8848803761814	24.9793686714744	24.820457906526	25.086346181105	25.0097087002753	25.2164157987428	25.1335160257653	25.3406200078627	25.3271112731057	25.3430965051961	25.1989545470448	25.4547541210548
Q13435;E9PPJ0	24.2670661171905	24.5771549552378	24.5799764874789	24.6231027342434	24.79178649407	24.9140602497567	24.4178967992359	24.2542178314552	24.4570737181438	24.4270718714465	24.524743038147	24.1010927664742	24.6121742355268	24.9166135315776	24.4597647887325	24.1362570805991	24.4706032722949	24.7510323906075
Q13492	24.7866114364653	24.8547652999371	24.8524334980341	24.5185734416814	24.4595146682324	24.3887688436878	24.5442159469825	24.4597647887325	24.2070226637855	24.943779653275	24.884135110267	24.682443008981	24.9946831742211	24.808429266092	24.815433723834	24.8839953300378	24.8430204809508	25.0396329630319
Q13501;E7EMC7	26.3666637209443	26.1321043099291	26.2172482028668	26.4129159529883	26.6121742355268	26.3297992118114	26.4611709091336	26.3138380924426	26.4985054646153	26.5665393052035	26.6169481212833	26.6859216410163	26.444222132068	26.3781060311553	26.2302268848887	26.4258721648887	26.6168079381183	26.4336763585369
Q13509;A0A0B4J269	26.1774634888377	26.1422886108547	26.0988863502708	25.9726581957185	25.84376332915	26.1161265835812	26.2042263448786	26.219945589627	25.9982820747711	25.9111138056084	26.1394809378119	26.2539834916403	26.4171564025814	26.3244526538534	26.3042595380837	26.3234737346231	26.4080636718548	26.269208309785
Q13526;K7EN45;K7EMU7	24.29396832049	24.6109923674368	24.8529096821625	24.8883222319962	24.6772899460956	24.9663125186489	24.7587778756648	24.846802623462	24.639369415991	24.3780233215691	24.8264833172741	24.5985523393908	24.5252808777808	24.9973993434978	24.8107351844188	24.7090408889873	24.9914862083975	25.0518375556578
Q13547;Q5TEE2	23.6495465218366	23.845463251312	23.9609331061083	23.8255131773405	23.8502410243926	23.9377768147597	23.1553463430389	23.0842387549725	23.4519908178506	23.9656962268575	23.6747603650658	23.7787637559136	23.6169481212833	23.7882555335559	23.628786372747	23.5946854366903	23.47184387349	23.2296989730547
Q13641	24.4224595482185	24.1976804455206	23.9623460413167	23.9965376214313	24.1263648141995	24.0197949881964	24.1395394867668	24.12675865959	24.253063790765	24.1915189260846	24.3083451412072	24.3122980178277	24.5503945219116	24.3987176012972	24.2665658142311	24.5478674468309	24.4026259341215	24.682443008981
Q13838;Q5STU3;A0A0G2JJZ9;A0A140T9X3;F6WLT2;F6TRA5;A0A0A0MT12;F6S4E6	27.2155829140622	27.2277506269397	27.3567425027028	27.3417230830837	27.3917377411809	27.3584203479124	27.452069393872	27.3274025656865	27.5163807814842	27.2823309933305	27.1134662124326	27.2242583070056	27.2067619032264	27.3515287471721	27.3196719831456	27.059305012913	27.024325710244	27.1418989828621
Q13907	24.6072151601546	24.2185975266551	24.7084095125917	24.2719171954288	24.0875606050165	24.1243939728766	23.9181615366301	24.2663513455543	24.0316211159972	24.1779766565706	24.0568063742112	24.1576146227574	24.3900161967621	24.124867220393	24.1112388486716	24.3123672699598	24.154604907226	24.1602333641411
Q14019;H3BT58	26.2066873915519	26.2815530027757	26.304294358035	26.131868889595	26.1467229484473	26.4460222640237	25.986612343801	25.5686570975983	26.0563102617438	26.4967849160336	26.5319275368689	26.6538979684776	26.3965308338916	26.3691292404244	26.1908410563618	26.6800298023282	26.3924749175314	26.3801557133831
Q14152	24.6587266439741	24.6477912847062	24.4456908294949	24.7522581298834	24.5041551187099	24.6439992722447	24.6785799383942	24.7328824568483	24.8945802169236	24.2233194538844	24.5953685848559	24.3273168975032	24.4502925303786	24.5372999351399	24.5198934372361	24.5261768318375	24.4109931672089	24.5084534516729
Q14192	22.7631013056829	23.0947774453623	22.950505350122	23.1065182133428	22.9872501313961	23.4766720503561	23.4075613378863	23.1080987942558	23.3420453612218	22.4490458477566	22.6524598855717	22.9829928786063	23.0153946336643	22.788713554112	22.8164985552195	22.6738335363643	22.8123128589706	22.8724870171229
Q14195	25.6352783865396	25.5178529347373	25.5356102320171	25.6504781237034	25.76238163316	25.7058285207569	25.5501889951585	25.5611583333993	25.7080674016385	25.4476152434099	25.6816658608688	25.5719292057724	25.5245637137026	25.4703239899442	25.5241452032964	25.4951843349539	25.4356486443559	25.4746313317686
Q14204;A0A7P0T9C4;A0A7P0TA13;A0A2R8Y5T0;A0A2R8Y706;A0A7P0T9R4;A0A7P0TAW9;A0A7P0T7V5;A0A7P0T916;A0A7P0T8N2;A0A7P0TBJ7;A0A7P0TAF3;A0A7P0TB75;A0A2R8Y6H2;A0A7P0T9K2;A0A7P0T9F1;A0A7P0T8W5;A0A2R8YFZ7;A0A7P0TAM4;A0A7P0T825;A0A7P0TB64;A0A7P0TAV5;A0A7P0T990;A0A804HHY6;A0A7P0T942;A0A2R8YGC7	24.9115024411247	24.9026062291545	25.0068016775481	24.7440667946577	24.737118994535	24.7374800745121	24.7835674064366	24.810490049074	24.8141627129405	25.0666108555578	25.1500010307546	25.0259735631255	25.0920451057371	25.0172906402909	25.0866701274499	25.1141416965793	25.0591605814392	24.9792814389538
Q14240;E7EQG2	23.9711456723848	24.6638377688256	24.4772898804546	25.1941144800817	24.8157268750896	24.998561852435	25.0317473010764	24.9779723178081	25.0103491674747	24.4792651606411	24.7154966156314	24.648614318011	24.4166733304051	24.6266158599798	24.6116678391811	24.4681188648601	24.9477974345542	24.885904488605
Q14247	24.8038556010386	24.9842887607355	24.957394702125	25.1018942637397	25.3034061866546	25.1577687980224	25.4525564697069	25.439997221856	25.4916415039349	24.9295383515913	24.8472806694722	25.079200896148	24.7446827606705	24.9191623025822	24.9492232868325	25.1905773543181	25.1054155714067	25.0176729405675
Q14254;J3QLD9;E7EMK3	24.5171921537856	24.5574819318719	24.557949296133	24.7190532741699	24.6735747801909	24.5374776835589	24.6204203131901	24.5207328060239	24.7837672118577	24.5360550826391	24.1378210625843	24.341773973892	24.4338355138363	24.531600391763	24.5795737491347	24.434790077097	24.3517140741931	24.5889227508479
Q14257;A8MXP8	25.8669575950509	25.948733309044	26.0105839342262	25.580896610309	25.5586792498228	25.2960709661803	25.8000577998968	25.689205257619	25.4309999209346	26.0965157099353	26.2201855235583	26.1004512479084	26.2141566395833	25.9493123558272	25.9295157775602	25.7393356310906	25.5875786204954	25.3817900652214
Q14258;A0A3B3IUA7	23.6234376864658	23.9524263113657	23.7385112339019	23.796596556407	23.7245280084831	23.6761602558666	23.4970438907891	23.4105403743571	23.400151886331	24.1161662534799	24.0895015594536	24.144215721343	24.2986600158148	24.1421912137211	24.2088838698141	24.2166008189471	24.2603332416082	24.2008261840589
Q14320;B0S8I6	25.016610745116	24.896844935933	24.9650356219461	24.9332807532771	25.0236914191629	25.0733283166381	25.163384948988	25.0115439460448	25.1797238587397	24.8711242772145	24.9152006661133	25.0301060335513	25.1826816784955	24.9166590848541	25.1504659538322	25.1815068607659	25.4194407519821	25.1772163429609
Q14376;Q5QPP4;Q5QPP3;Q5QPP1	23.0211684103087	22.6614258343004	23.0435012844545	22.8191913161673	22.8705317888498	22.7380988585837	23.018556091563	22.9296737883608	23.0667750687548	22.8706634739605	22.5838255915139	22.8923582642941	23.096966029447	23.1031437110241	22.8701366613835	23.0392731751429	23.0097343244231	23.1218041389239
Q14444;G3V153;E9PLA9	24.7173283437512	24.2283196251884	24.3152037490031	24.3568264413234	24.336948334083	24.6258916294496	23.8766143659587	24.3865998218277	24.2487278977772	24.2971211409586	24.232570825357	24.0907940798746	24.1958797962161	24.022506662493	23.8837157289437	24.1791163762145	24.1928737107593	24.05920184905
Q14498;G3XAC6;A0A0U1RQH7;H0Y4X3;Q5QP23	24.0943425517736	24.0242834328468	23.7758537805792	24.232131626498	24.1590016073612	24.1897859588602	23.8810101209993	24.2079907905753	24.4396168478922	24.131005352883	23.9656962268575	24.3527918685493	24.0941008875656	23.9114110068919	23.9771862745422	23.87848653731	23.9658723370922	23.7845661569375
Q14566	25.1487992855448	24.7725352738116	24.9194351183114	25.0340587403826	25.1624248292677	25.1853309788769	24.8768485202839	24.9449861629582	25.0781423361721	24.6583453028868	24.6121742355268	24.8864162723293	25.0162281632269	24.5825054145358	24.8691483690038	24.5649416521977	24.9021921837948	24.9286351147229
Q14573	22.7702178527776	23.1390866463067	23.0991031296761	22.7997021691759	22.9279392367733	22.7838271480884	22.8739141638929	23.061296692069	22.9750005712472	22.8793843173318	22.8587444435037	22.5355212454301	22.6781178237497	22.5278358635835	22.4251390531503	22.3153696141494	21.5361143856929	22.0677927735966
Q14694	23.0407786660116	23.2905273951565	23.1710124391031	22.7274601685509	22.8894460324717	22.4080798732646	22.6917043357091	22.912909797025	22.8187818722754	23.2053231478701	23.152625880164	23.3277280583973	22.9791069580875	22.8536902840473	22.6332728656517	22.7662191154327	23.0566575583834	22.8170453190915
Q14696	24.0124820069881	24.5446876279024	24.095228307694	24.5443928453998	24.55549394293	24.5123773479621	24.1652265896286	24.0402602853966	24.5258185169815	24.513522320173	24.6732512696971	24.4982619717808	24.3552811883785	24.5047612931058	24.2005268852578	24.2393613654541	24.1294339606779	24.1743234914005
Q14697;F5H6X6	28.289912079669	28.1965740626679	28.2618132279465	28.2887686541842	28.3765006182664	28.3976654292336	28.2861265161387	28.3180346621935	28.28652314545	28.3277880095719	28.2992454063851	28.2696363668668	28.1892392656675	28.1984019500068	28.1597619564768	28.4265441234667	28.2994637748662	28.3069990397004
Q14764	26.7245540290088	26.6125960967435	26.6562188410571	26.7545535878711	26.7151561813426	26.7761801906945	26.7591335759743	26.7785632562897	26.7039821240727	26.7163342656406	26.7607838938569	26.7444518042337	26.7004145290776	26.745862627607	26.7906684628118	26.7995885464406	26.7578628148238	26.7207761446715
Q14847;C9J9W2	24.9413636027117	24.771729636465	24.8655188270196	25.239652715996	25.2894020479537	25.2525946979171	25.3122980178277	25.3084493031538	25.4226840996834	25.0475173599661	24.9937766468844	25.0625406113668	24.8876716995653	24.7207239666921	24.8859975536961	24.7107232097562	25.2472072513715	25.0467266939014
Q14974;J3KTM9	26.5794586603834	26.3335402841166	26.486356928861	26.5247280952946	26.4279670022398	26.4858350807831	26.5627165161334	26.5285186155088	26.5784512419888	26.188088648194	26.2281361018847	26.2601716966675	26.3821200126307	26.2935123430594	26.3295939409341	26.4324024836691	26.3230441744417	26.3407218655313
Q14980;A0A087WY61	23.9227048893832	24.0266490612256	24.0842387549725	24.0027305626134	23.9303959031433	23.9854618778808	23.8251249386296	23.7731392067197	23.8757710955747	23.8640077558776	23.9673684067474	23.8884615936475	23.9015939084132	23.8413416734658	23.9411844749438	23.7487824935825	23.7648634936911	23.8737076905356
Q15008	24.9158844834712	24.7252564058649	24.9994653788758	25.0526668814112	24.7353122378294	24.9622136374094	25.2490173630753	25.2943189743189	25.2828081889969	24.937103298132	24.9707069632311	24.8749742207044	25.1184256365013	24.9498466543485	25.0042317839714	25.1964427405832	25.0361149079476	25.0364922530251
Q15019;B5MCX3;C9J2Q4;C9JB25;C9J938	26.2161567305871	26.1908787241479	26.3113627885395	26.4318288728042	26.266547943059	26.2354041023487	26.2114483973741	26.4021867748752	26.3147717190057	26.2969811618151	26.0374351841461	26.1644019787534	26.2860559928439	26.3936863446684	26.1937573982806	26.2885046580188	26.3923766491121	26.1873714059269
Q15029	24.4026909833827	24.3652624953938	24.3275910177854	24.2534966642115	24.1321827748376	24.1981302569068	24.2336682379008	24.3522530720197	24.1831361899324	24.0922467825447	24.2056065395906	24.1228153590404	24.1277821547096	24.1243939728766	24.2131926429639	24.1460042668323	24.1630777801912	24.1823028095522
Q15042	22.2491620739476	22.3384045228083	21.9981744535286	22.3222362548838	22.3935423363429	22.3309584439066	22.1967053728	21.8597683173288	22.3462724067937	22.6543187330178	22.6408592050475	22.4690634437383	22.6671773923696	22.4837242757492	22.561531285442	22.2479170858262	22.3208049550731	22.2430135573104
Q15046	24.1535229631764	24.136804667174	24.2349109638115	24.2125248831552	24.3025697608658	24.2524864240576	24.2003023704021	24.169820432201	24.1959548681579	24.2696363668668	24.2979607307248	24.3336085240731	24.055234765778	24.1325750353803	24.2470623442761	24.1049358988851	23.983636616568	24.0194556702573
Q15056;A0A7I2V385;A0A7I2V4E4	25.1568434991937	25.3399407728969	25.3161710269749	25.3193791253452	25.461295831315	25.3234737346231	25.1395394867668	25.2105197472649	25.2954054598797	25.4621075619372	25.5391060244135	25.4805291547531	25.6769941603353	25.5147566666486	25.5752804823809	25.5255497224259	25.5245637137026	25.3765337376071
Q15084	28.1772638743024	28.1317315433239	28.103345843572	28.0192435560114	28.1603872598201	28.0593565920782	28.1167413444654	28.1094365438422	28.1239600262373	28.552045014073	28.3891546535803	28.4087196834658	28.3938254299724	28.3335999942551	28.33824128508	28.3027789127797	28.3532547361052	28.29614100162
Q15102;M0R389;M0R1K3;M0QZT2	26.3361992535418	26.3671971633763	26.222822166538	26.374014498332	26.2235772391153	26.3070251052008	26.4927419345553	25.9627872999349	26.3248989579174	26.3709423716776	26.3070077282529	26.2000591065404	26.3029531828821	26.4129966862348	26.2998654865319	26.5098280296851	25.9639339411185	26.4040725872612
Q15113	24.5305292160863	24.6900316579717	24.2652069738393	24.3249161207014	24.6580183588513	24.3815920605491	24.4770427801644	24.1508145478434	24.2954404941817	24.7882555335559	24.9412292589709	24.9813735650595	24.6644889514324	24.9280025122769	24.892636195592	24.8757242327645	24.9509591411334	25.1407099671628
Q15121	26.0898853973266	25.6458690457546	25.8889956886348	25.5544989202444	25.2273650489718	25.7100925693377	25.8480213278847	25.7034805512407	25.7287631699952	25.6628332861018	25.7285037018026	25.5803791134274	25.9681817933813	25.8824568530101	25.9633827850665	26.0807872812122	26.1200684028229	26.0389635183792
Q15126	23.3623890658439	23.4756829715336	23.3435370796843	23.1204600154677	23.3211353810869	22.528408323762	22.7524010649863	22.6521316049048	22.7837272529872	23.0454357288069	23.2562351840185	23.3674638106445	23.2863028092948	22.9953130910509	23.0682685505102	23.1836662723616	23.2674233702545	23.3061907755154
Q15149;H0YDN1	26.1076918404721	26.0327563845839	26.1309071909979	26.1562648859158	26.1463150920066	26.1428533846007	26.0325672351803	26.0379378288632	26.1089881073134	26.0377284148465	25.9894087064046	25.9770989099592	26.1036159765222	26.0727765347489	26.0692770067938	26.0627464548247	25.9888888631269	26.0644743813357
Q15181;Q5SQT6	24.5733457810163	24.5492784531368	24.5703375137411	24.3605818900246	24.6510258439229	24.456447167695	24.5355805704313	24.4857276180371	24.2579621009818	24.8552407151661	24.609245933568	24.7652682902821	24.5654647152433	24.7390265373474	24.7075672473465	24.6851731056042	24.8264348257681	24.5550843108147
Q15274	23.5165310700453	23.3063298639745	23.4830845869522	23.6163873068774	23.6344477078374	23.5506293737827	23.6819606904695	23.6378780869238	23.673143416743	24.0551520021007	24.2981705518437	24.3391932448908	24.1217883329843	24.2416177946756	24.1899367343258	24.0606866974135	24.2614814842522	24.1164835734066
Q15293	27.2586271320653	27.1459848380352	27.1868804556838	27.3100801925779	27.2148421682448	27.0589954991905	27.1404369399971	26.8330388891484	26.9172966797433	27.6233818664956	27.6131583865454	27.6102039171469	27.4383323448553	27.4422931837172	27.2429081952794	27.1015937544435	27.190275921521	27.2842741362041
Q15365	27.2266487020888	27.3839333757729	27.2479858777437	27.4959467378892	27.5766505290052	27.4853898258569	27.4233415137029	27.5252211277221	27.4533260285344	27.3023431454037	27.4152231426058	27.3139764456191	27.2802082119419	27.358671856477	27.3940299428289	27.3243153017448	27.1366286798688	27.3907542530731
Q15366;H3BRU6	26.6193291533945	27.0680470876733	26.6221253458405	26.7686287730828	27.0778572064992	27.0286525849753	26.9114795831097	26.8216504076188	26.4582634148661	26.2118196901085	26.587492782408	26.6864560714876	26.4285102036658	26.5953401268066	26.595909181164	26.5361440363057	26.7435532886758	26.5913504490892
Q15370;B8ZZU8;I3L0M9;A0A0B4J296	23.5530930129956	23.5597589039394	23.3811299439374	23.6800298023282	23.8346068394371	23.6177328953855	23.5526240726239	23.6602510011402	23.8087238439472	23.6607950243153	23.7747484595813	23.5066388167757	23.4418975888147	23.4137714956201	23.1802855524287	23.5870348929998	23.2346478876517	23.5793435624504
Q15393	25.1991418200491	25.1278215054096	25.3835708854399	25.2365905968093	25.403048701902	25.2910545996356	25.3146507274186	25.2657792731638	25.2337048039462	25.3589400839599	25.3425540749076	25.3865998218277	25.4518336529677	25.3879147697754	25.325808304234	25.4355850643004	25.3431981881742	25.3204469081362
Q15404	23.5207328060239	23.0721836449672	23.0440351834002	23.1177838558981	22.6764615930985	22.6253119831464	23.1944226270059	23.2133261578445	22.960031637103	23.2087201800017	23.7911406261414	23.1775357234827	22.8359177845894	22.9960720774116	22.8062671886506	22.7762153381487	22.8241927392331	22.7831277370806
Q15417	26.8268711906575	26.8942332623247	26.8020565909068	27.2056438238311	27.0498867615426	26.9756347661807	26.8026729428796	26.7849405101916	26.7035861600134	26.1858413562478	26.2735898855187	26.212116655511	26.2168413097445	26.3688296049134	26.1982426878435	26.2532441704855	26.3396520011717	26.3147544351145
Q15427;Q5SZ64	22.805007760057	22.4953856484744	22.4876055281575	21.9517684922677	21.625468064678	21.7907430251906	21.2748058166076	21.2174442104117	21.086346181105	22.8217623061067	22.7617833221947	22.7225490740662	22.1382430471944	21.8933770840617	21.8128024691187	22.4388557989695	22.1705388106933	21.9216521054967
Q15436;F5H365	25.0795671398667	25.2943189743189	25.0878842788169	25.1530590243662	25.0432259155873	25.163653668047	25.0480996788603	24.9306666030298	24.9289513119559	25.0949465352489	25.2887334574865	25.2073950971306	25.3634589176104	25.1878999347977	25.2827728465822	25.5918354988963	25.234399382778	25.4098932808092
Q15437;A0A2R8YFH5;Q5QPE2	21.9366091860247	22.2935333913442	22.2320730565467	22.5479968465435	22.4990896798018	22.5131367468055	22.2334488221632	22.6753420231085	22.5405670055008	22.4282609954624	22.5275495482898	22.44839059277	22.5290520700621	22.4156035551021	22.4051996458754	22.6229910662189	22.5420560379412	22.3489485452972
Q15459	24.2490173630753	24.2418359716198	24.1703554289113	24.3143741371109	24.1518985242037	24.4168665786863	24.1757706422637	24.1532136872138	24.2062029718418	24.0597794716897	24.3264256467071	24.35736353288	24.1133867229127	24.361853842302	24.1336727978427	24.1845745322148	24.3142358220692	23.9738626955303
Q15477	22.5063482632622	22.5766015181998	22.9093247325738	22.6067070198355	22.5987567691728	22.6268720391093	22.5675086535637	22.7371086766362	22.4599898601128	22.8545465563126	22.9752630305502	22.8574730706107	22.6642719232198	22.7291626597663	22.8506034890161	22.862967975623	22.8317494814111	22.9005624514988
Q15582;H0Y8L3	24.0041031690471	23.4550050681838	23.3431304003184	23.3084145833405	22.9891574722085	23.2552268603504	23.0202529408576	23.2533523874935	23.158832158531	23.3930971287971	23.2675662467132	23.1756640596207	23.4098932808092	23.2143048896005	23.2763970663216	23.3629240908977	23.3132672453018	23.3691958176431
Q15691	25.3630243860099	25.3193791253452	25.1882396011399	25.608118079044	25.4656924414236	25.5026082202009	25.1952415269394	25.0983241778474	25.613945224274	25.6203364071149	25.4956418250611	25.6236330393554	25.3399407728969	25.3774276725312	25.3342566427258	25.2026580355898	25.2339972989503	25.181885938765
Q15717	25.3558524529453	25.8121316610943	25.4204691366222	26.0841170787204	25.9821790960276	26.110721289907	25.8959440960406	26.0769199548968	25.9202532560963	25.7983529391015	25.8233279743161	25.7259064500508	25.5655228216549	25.8552169481251	25.4420241909859	25.4467006781954	25.7163342656406	25.6989320450986
Q15738;C9JDR0	24.1631545785219	24.3917213552051	24.2851741606623	24.2482935909029	24.1716538812686	24.1613102893083	24.2988697352638	23.8548128485105	24.1470918620899	23.804988072759	23.8948577205389	23.6727119242795	24.0158029532144	24.0575502231789	23.8937473856656	24.3513096936314	23.9622577733953	24.015122356414
Q15836	22.9207257465407	23.3589065582516	23.8248336910177	23.8033136697245	23.8166547946143	23.9629637655997	23.7831677125593	23.8374970474973	23.9636694124912	23.8945802169236	23.8315175555138	23.7007055523673	23.7943174951177	23.5308863630224	23.5003303521221	23.2066650372991	23.5311244118705	23.619636999982
Q15907;H3BMH2;H3BSC1;P62491	26.22556432131	26.2223615624051	26.2128217034507	26.3192929793831	26.1309071909979	26.4471264961986	26.6741138031902	26.5715676117535	26.401421993448	26.2114855309479	26.0078069729123	26.185935850765	26.3051819829637	26.3094905092042	26.2895779413276	26.4226039067438	26.3092129277241	26.2701356063253
Q15942;H0Y2Y8	23.059977460511	23.2501168018328	23.1335944139335	23.6212032013279	23.3725207673538	23.3763681332999	23.1053676113307	22.8132527637497	23.0732465844883	23.070808839043	22.7017844718051	22.707272338302	22.9045552458578	22.7374800745121	22.924971211507	22.7271485197437	22.6845097926088	22.7049530957819
Q16401	23.7790644531129	23.7556235529872	24.0135898386697	23.6697959696914	23.8817570025488	24.1925727574251	24.3240233850882	24.4480250327945	24.202247006036	23.8278404181316	23.924518231805	24.1682142506774	24.000067415624	24.1325750353803	24.132653474692	24.3852178353675	24.3352453154457	24.1469365415277
Q16531;A0A7P0T870;A0A7P0TAK7;A0A7P0Z4B9;A0A7P0Z3Z5;A0A7P0TB30;A0A7P0T965;F5GY55	25.1461596877902	25.1394223864807	25.1970804787642	24.9854618778808	25.0753701169745	24.9556665784915	24.8448409770266	24.9063731790212	25.205904786538	25.1238416544971	24.969433951748	24.9078863753887	25.0482660125252	25.0982036838225	25.0951478068966	25.1784326524783	25.0396329630319	25.110721289907
Q16543;K7EQA9;K7EL68	25.1100840395128	24.4398704416775	24.3351771528679	23.8776443608393	24.3077894837776	24.3519835982779	23.908573667594	24.0186919129754	24.0800146448531	24.5141847837295	24.5690628945305	24.6541985270993	24.4511733734314	24.3847568788724	24.2941085922491	24.0837519883792	23.8183137940663	23.8206526679223
Q16576;E9PC52;Q5JP02	26.0282310216614	26.1132873548534	26.0343316659498	26.1700306331411	26.2984502658751	26.0564549788373	25.7102502552883	25.8772230881738	26.1182671986964	25.9327177591154	26.051547178979	25.9592092182676	25.9149954576865	26.0031167401864	25.8026482938558	25.7047473465652	25.6641633968692	25.7782624545982
Q16643;D6R9W4	25.2167858154263	25.2583935074264	25.4407576690532	25.3217891262126	25.5186334676873	25.5134319606602	25.4419608912891	25.2683875118718	25.3870601899526	25.3821200126307	25.3943734591761	25.4522422460564	25.244596694164	25.437427749254	25.1434374007367	25.2962810623008	25.1410219349531	25.3181036395089
Q16658	25.6300093255	25.6193571421625	25.4958857604788	25.643228660606	25.5802065732082	25.7322096666533	25.5767226006945	25.4147071687832	25.6014457298133	25.7826679394428	25.7752761047862	25.7383308342038	25.6626160086615	25.6145631530059	25.7937719683774	25.7542987172687	25.7520028534002	25.6849056773792
Q16666;A0A0A0MRB1	23.4714718051344	23.7636484219958	23.6945551342048	23.4860346332201	23.5900085797243	23.3473272358467	23.3204469081362	23.6638377688256	23.1029355449404	23.8234737575361	23.7993662152038	23.8188988681024	23.6235493199275	23.6371041978454	23.6965728155742	23.5742701411574	23.6013890524069	23.1834542627612
Q16795;A0A3B3ISG8	24.0778164690883	23.9980883507539	23.7782624545982	23.9396609902729	23.9573061307378	23.8719232808575	24.0573849565494	23.831710829684	23.9781469359445	23.154821198702	23.605011925009	23.3308764050085	23.4804983388006	23.4784013083176	23.3798087945402	23.4485922413888	23.199478850209	23.4976530598396
Q16891;B9A067;C9J406;H7C463	25.8058491409092	25.8168256620807	25.6835142509392	26.0246850181078	25.9300348909322	26.0142711586544	25.9264876580393	25.9289061451653	26.0866701274499	25.6294257728199	25.6028053200101	25.5855743998654	25.5807816270427	25.7262703468993	25.6006803968922	25.6322857021457	25.5692077943489	25.5323140672863
Q1KMD3;H3BQZ7	25.4489702565988	25.5634295150335	25.5323437961063	25.8283732158227	25.7395674079472	25.8945802169236	25.7677956989396	25.7258284602116	25.8698543612082	25.6581273484291	25.7358286849589	25.5749630228041	25.5260872614662	25.75798994132	25.904674675396	25.6372977090368	25.6227677042366	25.7999343269423
Q2TAY7	24.9058225320523	25.0141434356637	25.0585414255819	24.8148472425599	24.6749758213148	24.9464594169845	24.7903453146324	25.1249855080199	25.2633812531434	24.8635824818013	24.813967073378	24.7761550848458	24.681210096578	24.8172405416954	25.1402809012721	25.1732562400666	25.1088086936658	24.9578817475806
Q32P28	25.2566671070917	25.3360970760538	25.4651007709365	25.2184866709178	25.1458488291291	25.1266798991128	25.0706287078807	25.0289265350873	25.2461200932173	25.467186107964	25.483945640419	25.424094766295	25.5180931437024	25.6966258743646	25.6997264223896	25.4466060349021	25.5627892872691	25.5102658069729
Q32Q12;J3KPD9;P22392	28.1405344556307	28.388292595598	28.3210493399334	28.6149843163546	28.5109976550193	28.5103563650011	28.7769958930336	28.678318002044	28.7270887793667	28.2672715485116	28.1215413426838	28.083650557997	28.0977818754665	28.1788790088599	28.3011659156029	28.1393150362015	28.1073426464632	28.2431352590444
Q3ZCM7;A0A075B736;Q5SQY0;A6NNZ2	29.375858780923	29.2726425625217	29.341001937045	29.4348576680474	28.5419290574249	29.2010693186231	28.9371089120699	28.9583409693721	28.7761801906945	29.0278884107424	29.0698403694964	28.9112224054835	29.07119665878	29.0748242184312	28.9003505431542	28.85638107293	28.8021182379548	28.8629857054295
Q3ZCQ8;M0R0C3;M0R2F8	25.2001526744185	24.7810174587252	25.2615532190826	25.0327143535262	24.8303573664357	24.8347032730484	25.1099246829234	24.7574559347419	24.7316919221507	24.8528620708218	24.7140819774652	24.6498753911912	24.5570728639082	24.7010229653804	24.680137141716	24.7415488671071	24.6766983139196	24.5356992131156
Q52LJ0	23.5640694588087	23.5307673238672	23.1787365696989	23.2303295119832	22.9221422901237	23.328960838474	23.023437624626	22.86529226722	22.6195922263789	24.0747987041011	23.7571506993571	23.455506831528	23.5300528825976	23.3891628611806	23.2865848335437	23.2806507157153	23.6660072354613	23.2361088151916
Q53GQ0;A0A1B0GV93;A0A1B0GVY6	24.8086256580118	24.4868325670629	24.60065204343	24.366730412036	24.4657547084143	24.3976083126699	24.3346999246289	24.5406734159431	24.2230984584477	24.2699216677113	24.2967011627767	24.324229450036	24.4028861135705	24.3103576072583	24.34034835225	24.4942994425036	24.4271358277821	24.4625132560428
Q5JPE7;P69849;J3KN36;Q15155;A0A087X117;A0A0G2JN29;A0A7I2V3P4;A0A7I2V6B0;A0A7I2V2Z5;A0A7I2V4T6;A0A087WW46;A0A0G2JP90;A0A7I2V4D7	25.6652482931761	25.5744722660146	25.6629147567062	25.5161402872175	25.425728133037	25.3973471795789	25.3010350529749	25.3585377240323	25.4074640917509	25.5289507586729	25.5867200097093	25.4968001511297	25.6699040731751	25.5501889951585	25.4403141235686	25.6967319860917	25.5776159906466	25.5247729233875
Q5JXI8;Q13642;A0A494C0D6;Q5JXI3;Q5JXH7;Q5JXH8;A0A0D9SFZ9;Q5JXI2;Q5JXH9;A0A0D9SFB0;A0A0D9SFI6	25.1115970498505	25.0265646412577	25.0266490612256	25.5557572164562	25.4832998985026	25.6083155172458	25.5867200097093	25.390901819037	25.3118477979229	25.4315101015269	25.5016367696811	25.4898668205219	25.3090047065593	25.3522193905544	25.4996006740955	25.0575502231789	25.1785466289389	25.4529334477704
Q5QPM7;Q92530;F5H4Z3;Q5QPM9	23.2328342805083	23.3404162709489	23.0790380913134	22.8816823317912	22.9589172794988	22.8989032063741	22.5921093373447	22.7627161734927	22.4301258174232	23.1500397800674	23.3747773640043	23.3125750064128	23.4093753969157	23.3944061707532	23.284750689682	23.2447273342756	23.3694620957983	23.3109122766388
Q68CZ2;E9PCX8	25.2498130933058	24.848188520721	24.9142884051572	24.5050642848198	24.6847451966463	24.8111273143545	24.5532102242758	24.6080052450817	24.9743004462516	24.9825490541054	25.0025159748424	24.9565087434624	24.9769678531642	25.064268784288	25.1366091243986	24.9584128824383	24.9024682272373	24.9984757727786
Q6DD88;F5H6I7	25.9358901752743	26.0409500250869	26.0469556154862	25.5548501830893	25.6463635804423	25.4908768218647	25.2780291145954	25.4391095265539	25.5175826518367	25.6285639062791	25.45829470943	25.3826807501046	25.5203131826738	25.6713086818261	25.6188252626968	25.8543135103124	25.5947423780611	25.6714166720235
Q6IAA8;F5GX19;F5H3Y3	24.3971512987376	24.7367578241637	24.3566921371862	24.3961061515102	24.37484368109	24.343740376386	24.4816688825085	24.2614097458548	24.3056342875467	24.1568434991937	23.7575576655208	23.3930971287971	24.2114855309479	23.951715142436	24.2992191999461	24.2397983692057	24.3505680347554	24.4804367049208
Q6NUK1;A0A3B3IU96	25.2987299256852	25.3309447710809	25.1936634146944	25.093738315335	25.266601555911	25.3895239493735	25.3071293624936	25.3880133425733	25.2649923030494	25.0454357288069	25.2503553851169	25.0683341626003	24.7558781896684	25.0111600179724	24.9762686824507	24.8008477766672	24.8605073301129	24.6798150995909
Q6NZI2	26.3090220594709	26.3997771539964	26.420870650354	26.4129643934783	26.6571734103331	26.439981374943	26.5524481806796	26.4051444502537	26.7342787886155	26.0822703963467	26.1468006223172	26.0768791910117	26.221329275201	26.4030161857016	26.1279985702787	26.1441768152836	26.1411778935545	26.0747987041011
Q6P179;D6RGW0	24.4521793931128	24.3455010821557	24.2297869717763	24.0949062775496	24.3811959696595	24.3300557593431	24.4201478451613	24.7140819774652	24.4208545919501	24.4084686525279	24.5195935442795	24.4747550938893	24.4756829715336	24.4002822052002	24.6131302772596	24.5801490552159	24.5352245838262	24.5597589039394
Q6P1L8	23.4238063330447	23.7653694716856	23.5280267088832	23.6166116588009	23.7193144474432	23.7952097305262	23.5739235755055	23.6870971268374	23.5837108414608	23.2151940699312	23.1110636957215	23.280225914699	23.3663969257441	23.1734087528888	23.2421849861162	23.406653452273	23.4801284960194	23.1019904134959
Q6P2Q9;I3L0J9	23.5232479862599	23.3605149140937	22.4002561423681	22.8774196973928	22.8221125409253	22.0824531406292	23.503366711034	23.4421507820483	22.5316479811163	24.0831027106721	24.0511737516357	23.9139689774927	23.8075451714626	23.8355708856079	23.843164287876	23.7191055126071	23.5198934372361	24.0641454119942
Q6PGP7	22.4530465219837	22.4747179663679	22.5417961588689	22.3814468398493	22.2646487633309	22.3040192575124	22.6341817896059	22.2270271245054	22.2289947899823	22.2928596938714	22.3488405146677	22.423242119099	22.2404827423865	22.4716206439916	22.3444042793743	22.4305342236654	22.6403738131437	22.5538430006873
Q6PI48;A0A3B3ISK7;A0A3B3IT01;A0A3B3ITS3;A0A3B3IS54;A0A3B3IS01;A0A3B3ITK9	24.4460696055985	24.2772488001105	24.5230086341165	24.2936175814124	24.1616947107023	24.218671425748	24.6008221558453	24.7909418393632	24.269208309785	23.9967961920998	23.8215287689828	23.7958042477218	24.3082062469122	24.0314528520547	24.0252977485958	24.0737369079464	24.0135046510436	24.0916820164224
Q6PKG0;A0A0B4J210;E5RH50;H0YBW1;H0YC73	23.6039939112957	23.292494643009	23.4204691366222	22.8420134309054	22.9842974539999	22.9245725968795	23.1727375758398	22.9541494415793	22.7769582553834	23.3203091741114	23.3109122766388	23.1076200131808	23.3024303094095	23.4682431868939	23.3578333240263	23.4018451141272	23.2391865268826	23.0438016269227
Q6XQN6;G5E977;C9J8U2	22.8703248308165	22.8836970869439	22.8654055515672	22.1923771040864	22.3597913758451	22.608377563672	22.1740186430019	22.232570825357	22.1716386121499	23.0424495931518	23.0304091773553	22.661077835314	22.8842935114897	22.7692494791769	22.6911931495789	22.5626495634465	22.6018197448623	22.6397778816112
Q6ZN40	25.5077278715868	25.9984112096656	25.7379184073102	25.7817929196794	25.4845603641238	25.817582117699	25.5462195267257	25.4710686227696	25.7215846621293	26.5134319606602	25.9400644222185	26.5879219217818	26.5746021884707	26.3631079599442	26.5844852272553	26.3154456293023	26.2111698651011	26.0076572924597
Q709C8;A0A3B3IU50	22.95185740427	22.2368095352787	22.3642875073871	21.9564910187385	22.3583700409376	22.9423663074086	22.3598985895964	22.3404162709489	21.9424558007334	23.6956174235105	22.9661364621424	22.6838033499438	22.5704070060482	22.8777379602841	22.5763708567596	22.9179430954091	22.788972370989	22.9670869121409
Q7KZF4	25.9282736615774	25.7674168697903	25.641327894498	25.4864029652184	25.6045030079454	25.4958247804911	25.6193291533945	25.5021529342159	25.5311244118705	25.7219757176467	25.5639240419656	25.5931186676424	25.6545809657165	25.5747609666961	25.7510579374674	25.5078488269455	25.5126184702692	25.4143200672786
Q7L0Y3;C9JVB6	23.0141008588206	23.5933181691349	23.0151734123128	23.2570989008917	23.2689942336069	23.3578333240263	23.4129966862348	23.0492968534322	23.4145458891121	22.9160667800397	23.0761370869889	23.2540736268431	23.2534100999121	23.2987998321681	23.4749407171659	23.271133567261	23.3032668160279	23.2051888902546
Q7L1Q6;C9IZ80	23.6465833192351	23.5324329788908	23.2578182701616	23.2356706922447	23.3949294551408	23.0202868574948	23.3007558396896	23.2517932788682	23.2131332990506	23.3229238746676	23.2484962837146	23.2637036070808	23.0263113517107	23.1148009819285	23.2759710107864	22.9928781912796	22.8805244405635	22.8481789673666
Q7L2H7;H0YCQ8;J3KNJ2	24.5299933298519	24.49673920978	24.6682816697644	23.9735123992943	24.0543241040859	24.1843475208524	24.481545712096	24.4890399295349	24.1489544057042	24.1108407430257	24.2627721657864	24.2407447568027	24.3947332457372	24.429819436852	24.26026144609	24.3606488628464	24.2791633646	24.1190196233515
Q7L576	24.4209830541772	24.3328577069649	24.4704170900684	23.6116678391811	24.2633454315927	24.185935850765	24.4328166163914	24.0525010543948	23.8846475219367	24.3707262463059	24.1662231642601	24.1967804017955	24.3273854324568	24.4699825714116	24.4102168638634	24.549395974727	24.6166116588009	24.468864636415
Q7Z3B4	22.5627427141651	22.0730013602535	22.661469328272	22.8345875519413	22.1927683842335	23.0460355465902	22.7584119209731	22.5263559558986	22.7128233557576	22.7211935005841	21.8826714058158	22.5838255915139	22.494726699727	22.6729492611047	22.4183858964005	22.3180208663346	22.2988277938128	22.522098733644
Q7Z434	23.5045794675285	23.7901464182316	23.7709235489788	22.9198351547503	23.1979203623791	23.4295640699975	23.7728372718675	23.0307627646389	23.5659295010208	23.2894020479537	23.198594914718	23.145102494946	23.2536409265026	23.2894020479537	23.2490607778611	23.3406879137742	23.2421268228966	23.6252227861177
Q7Z4H8	24.6296758957291	24.4784630292118	24.6529959167349	24.5724786551667	24.6651940677324	24.6335611230555	24.5736924854777	24.3530611913747	24.6215385948063	24.5720738180076	24.4356168546784	24.4178967992359	24.6139733176861	24.5310649033408	24.6261702226803	24.5424457687961	24.7033485294024	24.7422687235114
Q7Z5L9	22.8620599182378	23.2968411690887	23.1963451792959	23.2305347442733	23.3737158758365	23.5131608481602	23.2149273733705	23.3008954530869	23.1257659632138	23.0760228832504	23.3135440478815	22.9772212188941	22.8519380997558	23.1835602714559	23.1004993716971	22.8512328164773	23.028521913522	23.0748640198853
Q7Z6Z7	22.7387998265068	22.7877774439808	22.996606578141	22.637966504963	22.8005515860675	22.830802215865	22.8694402210039	22.7553179296324	22.9108805740369	23.2339022445784	23.1369767228952	23.0424328934564	23.3650622091711	23.365195736409	23.3941444573664	23.2894020479537	23.3883747185546	23.1755270132231
Q86U42;B4DEH8;G3V4T2;A0A7I2V383;H0YJH9	25.1705082486817	24.7809173688791	24.6577458488789	24.7755021793837	25.0949465352489	24.5648253902071	24.5203131826738	24.4501666517431	24.6802981358249	24.4898974370142	24.365462753815	24.5724786551667	24.6770210524559	24.5596422235203	24.3806016293509	24.7849654636217	24.7175375361014	24.7288410013541
Q86UP2;G3V4Y7	23.5911506752881	23.596733911495	23.5819884945164	23.3129903896032	23.280225914699	23.2277175814372	23.2483080699053	23.3707927498688	23.4893462407191	23.10106069732	23.1777181948984	23.232556187549	23.2501023409717	23.3486784535542	23.1486751774076	23.1531518240644	22.9400196020174	23.0750109695888
Q86VP6;A0A0C4DGH5	24.7448367110903	24.5946854366903	24.808429266092	24.5508054876004	24.481545712096	24.42322929349	24.2934772619024	24.6353891075712	24.7572015764061	24.7139247097874	24.6521753799766	24.5947423780611	24.9191623025822	24.7573033251219	24.8373526745258	24.9080696853271	24.7803166839361	24.8797488809409
Q86X55;K7EQA8	24.3020118741455	24.0480165048358	24.2118568141269	24.1715011828094	23.8956899112601	23.8287121664791	23.8974451835144	23.9146989939742	24.0498452266121	24.2699929841077	24.0488480293781	23.9731620179834	24.2856680530885	24.086913039482	24.3661300811968	24.5295168193679	24.3203091741114	24.3789493981975
Q8IV08	23.714501274145	23.7140819774652	23.7245280084831	23.7061975166954	23.9415427082415	23.9663125186489	24.0511737516357	23.7918361642441	23.9015939084132	24.2281728084131	24.2414723250469	24.3656629844426	24.5714374157175	24.650368554702	24.7068298616719	24.5986659150682	24.3888345207434	24.7150776081742
Q8IVD9	22.2902461406394	22.235641479317	22.5093961605604	22.1650885480981	22.1577687980224	21.9639515746358	21.9144800278136	22.1818631968937	22.2146606274992	22.0949706893293	22.1172765680074	21.9672276663097	22.3222362548838	22.2918766541194	22.259916777859	22.2790074580923	22.3477327340573	22.3022350547223
Q8IVF2	22.9492054723737	22.8283054161343	22.7594485515991	23.2233047219085	23.1315863344754	23.3920490393642	23.3776924357987	23.2085267044575	23.0330001405741	22.5052581661271	22.5298384812074	22.9071253901474	22.7318576206079	22.9522841056223	23.0342770849667	22.859161665003	22.5838944371649	22.996003095149
Q8IVL6	23.4814841229461	23.4335171856779	23.5656971268492	23.2930562214672	23.2012750158703	23.2490028911897	23.0768221196374	23.1778246259006	22.9912526387157	23.6441643497712	23.8819436625363	23.5382476737458	23.7371705829222	23.5702216857903	23.6796003648966	23.6705525240247	23.5510989628635	23.6766983139196
Q8IWE2	25.1352004334767	25.1429702067426	25.1573062227902	25.3247788127123	25.3889001948092	24.9785397494933	25.0982840142906	25.1396956056979	25.2798364038554	25.2166378201407	25.3393291878865	25.5406438582742	25.4313188049466	25.3548105652978	25.0955905057061	25.4533417295432	25.6235214123718	25.4175749343347
Q8IXM3	23.2285251435763	22.8648768151588	23.2102670509925	22.7915778606628	22.6987148391668	22.7290589068237	22.8792721253773	22.39055419511	22.7015306809887	22.8015189169832	22.7670884707111	22.8416488013929	23.0874796752187	22.9274510181562	22.9662773090663	23.153414724131	22.7998207224903	22.9133846982265
Q8N163;G3V119;H0YB24	24.249596119493	24.6401420912418	23.8967063817874	24.2219929731895	24.233887620273	24.4732692472584	23.8956899112601	23.8916168522956	24.0351501329995	23.9825925723486	24.3199647815097	24.2633454315927	24.1857846565665	24.3372206306045	24.3982609386835	24.1767599623885	24.2611227565877	24.3733176163334
Q8N1G4	22.4528454950325	23.0728051508499	22.7331618313393	23.5238461929446	22.8830071635554	22.9769416403765	23.2453803574453	23.2288186904959	23.4928947057781	23.045219066639	23.0473675828235	22.8806178533463	23.0127206887803	23.0829403455781	23.3274539641549	23.2654216126912	23.3070251052008	23.4211115049666
Q8N766	24.2061284312935	24.3087617438785	24.2657792731638	23.721923583035	23.8675939689857	23.6592712421614	23.6032016259201	23.5051854636902	23.634004483551	23.4637608305246	23.5930901651769	23.4772898804546	23.5879505265352	23.745401055453	23.6710926771782	23.4930169111097	23.8541470258327	23.7116686538041
Q8NBJ5	24.8985988043285	24.795160176366	25.0183098826571	25.2657077481624	25.0026447313351	25.1887300891611	25.2645986569531	25.0956709818059	24.9123250885552	24.89642923357	25.0152925357172	24.9165679768628	25.160156410145	25.0135046510436	25.017842819289	25.0416812070198	25.0988462023616	24.922024297934
Q8NBS9	28.0538271371362	28.0161112429661	28.1559561972541	28.2513309969934	28.24427004212	28.2045248772593	28.2887246581779	28.3417230830837	28.1111791398276	28.1681090216287	28.1001404097723	28.0418691653494	28.2176642248933	28.1220846655397	28.2540375734377	28.3920244656338	28.3490413776568	28.2444061561266
Q8NBT2;K7EJH0;K7EMX1;K7EJV2;K7ESQ2	22.8297382172214	22.1783414648263	22.6903834009268	22.1885791875302	22.2999178754602	22.3973863525559	22.3662101397435	22.1414273922544	21.8775881982575	21.3912624723074	21.6425347580203	21.7701170108497	21.8885544939368	21.8554023206623	21.4484914206025	21.831362917533	21.7051851878821	21.5979616016932
Q8NC51	24.8605546898188	25.2035917583852	25.0782237914436	25.1805207915618	25.4604836437164	25.5484555338441	25.393457233757	25.3313207265797	25.2464463266924	24.6321747426747	24.8730505331932	24.7983282161574	24.6347246538849	24.8957823472711	24.8555734126354	24.7282701405237	24.8148472425599	24.4426570352479
Q8NCW5;A0A7P0TAG8;A0A7P0T9Y2;Q5T3I4;A0A7P0Z426	24.1986548596651	24.4169953964944	24.3815920605491	23.9638457702985	24.2702782144449	24.4160934302	24.2215505417909	24.8002553346463	24.6427881262185	24.5757709643657	24.4541893303663	24.3376970258862	24.5829073354301	24.4403774955588	24.6628604434811	24.7065664182804	24.6054076253146	24.5936031234191
Q8NFF5;Q5T196	21.4130741859012	21.2271152863452	21.3746977794773	20.882932557477	20.7500919513905	20.9733021807194	20.3729458082469	21.196645346794	20.7281663233725	20.6895305426371	21.0674317346929	20.8605262741818	21.3762886364799	20.7097771457223	21.0838169000816	21.3724144875614	21.2022769030434	21.0834273860512
Q8NHP8	24.1096457665299	24.1911423711166	23.8143094252039	23.7638510050251	24.0411798650569	23.8631570823267	23.8932844938077	23.7938215702423	23.9724609999711	23.82628934147	24.2647060256318	24.1071730074435	24.22875998589	23.9593418981813	24.0640631579367	24.1162455900051	24.2446692734643	24.659162338969
Q8TAT6	22.926274998958	23.1246148410364	22.7320647169207	22.3318878921887	22.3803373994892	22.7996231282204	22.4201092853773	22.1662844694503	22.2528328718088	22.7914983733327	22.9347929934973	22.8248336910177	22.8409960763769	23.0588221424968	22.6844241816164	22.683760524117	22.80203193135	22.6594454701721
Q8TCS8	23.420340628624	22.9525862760739	23.1919857177897	22.9572707006603	22.9233760917506	23.1164677090678	22.7025244401153	22.3118824352119	22.955976906995	22.7226116082567	22.7462420318924	22.7043832568234	22.6470885914807	22.9443338793077	22.791319510826	22.7850852340789	22.8836038733316	22.7533808101034
Q8TEX9;H0YN14	23.04511905774	22.4562591494874	22.4740990336356	22.4624633306166	22.2545350308738	22.3800466907357	22.1787061808578	22.5789521607787	22.5989384602193	22.5741084208801	22.4816811989714	22.6099334921084	22.6008901951955	22.6740922461365	22.6691688096964	22.9722856922315	22.6122754934695	22.4677458344661
Q8WUM0	23.8530049001305	24.0742270648166	24.0884505332909	23.8360526672256	22.9748605734265	23.859275431747	23.8766143659587	23.4662527476152	24.1332808357024	23.5167714991836	23.8694778750263	23.6064811222322	23.6262259348713	23.6252227861177	23.9356204538313	23.5474556432402	23.9091232657115	24.0184372373371
Q8WUM4	24.5154486428037	24.5646509796521	24.3971512987376	24.3634589176104	24.1478682141728	24.4162223170577	24.4009987486375	24.373782241733	24.5031240373512	24.3959754548538	24.5636622547058	24.5478086249427	24.4156422355002	24.369661772167	24.4489072609417	24.491549763484	24.4302662201098	24.300686027924
Q8WXF1;X6RDA4	24.6333393917032	24.5269528755318	24.667578061282	24.2154903416318	24.8725339852033	24.6698500224458	24.4635737631147	24.5500421724067	24.4809913150708	24.5390764346143	24.5326707727006	24.455506831528	24.6250555268235	24.7226011860798	24.6619368056732	24.6350015467788	24.5475733134039	24.5572481929527
Q8WXX5	23.5602255312713	23.5619740408065	23.5784224482669	23.2439287932253	23.3361992535418	23.1768816779914	22.7001975462442	22.5435435351079	23.2233931115079	23.5037306450383	23.5687150755773	23.2983803424513	23.3186553393401	23.4150619206086	22.980101216484	23.2035469534957	22.9526040488355	22.5924743744409
Q92542;H0Y6T7	23.6348907959984	23.5201333067255	23.6345584926361	23.3442146239793	23.0867996856235	23.099038902137	22.839785834196	23.4153198671569	23.7156537120589	22.7748288751239	22.8109018526647	23.1392740458057	23.3489485452972	23.1218989709253	23.0211514624489	23.3231988308416	23.1881565789742	23.1942121923302
Q92598;A0A0A0MSM0	25.3070251052008	25.5180330952106	25.5050339885117	25.2114483973741	25.4751263165625	25.3477327340573	25.2956857104773	25.5253107518821	25.5186334676873	25.190275921521	25.1458876901249	25.1870315350923	25.0741862247708	25.2039650783617	25.2280993944223	25.3476989468926	25.3148235694369	25.2414723250469
Q92616	23.9773609878383	24.0395074658191	23.8485228482774	23.6437241010522	23.676267883532	23.6286751438011	23.8489048420682	23.8316141958355	23.7792648830994	23.8481407533163	23.9175243239317	23.8915241489997	23.9404677413808	23.8536712500012	24.1106814700027	24.0706287078807	24.0227606208403	24.0707105884699
Q92621	23.0168402455605	22.9383333512026	22.7357047545073	22.5419615418767	22.6209124638965	22.7903453146324	22.8969095899809	22.3698081839417	22.9475834351164	23.0688097610358	22.7931071388004	22.9541671950946	23.0608186100056	22.7806270690513	23.0877224509939	22.7220278503744	22.9954856230165	22.9173968476116
Q92769	24.4595772024229	24.1965553031019	24.4312231471436	24.2088094676562	24.464882725891	24.1699733086493	24.0902287446707	23.4048359652538	23.605464145071	23.7696126954529	24.3351771528679	24.4913050937572	24.2391428139288	24.2690655958625	24.0342267006879	24.2026953961067	24.0911170291268	23.8271620272759
Q92783;A6NMU3	22.9758577615913	23.1412090832518	23.4041863074589	23.5103865497474	23.3478678748041	23.1706457726359	23.05298190024	23.0389886281605	23.3378331099349	23.1163725193712	22.7200663624122	22.9122885364063	23.3419096739383	22.8906338941446	23.0575502231789	22.8497639584708	22.9561719364648	23.0023185258991
Q92791;K7ERA3	23.4580130339143	23.508574346217	23.2863028092948	22.9187620795026	23.0702028538885	23.1195262988178	23.0524181337383	23.027425493239	22.7503373424682	23.8461330928181	23.8347032730484	23.6243305123879	23.8291962436037	23.6670907466207	23.7556235529872	23.5391947901697	23.6252227861177	23.5354025881087
Q92820;A0A7I2YQQ3;A0A7I2V5X9;A0A7I2V5P2	24.3903442684044	24.7916374732865	24.4545031302676	24.7306040535249	24.678687385705	24.5916643234676	24.6568189297557	24.7148680588015	24.6994352015008	24.5928621251795	24.6416310830257	24.5593504811803	24.7190532741699	24.7104079240057	24.739438647624	24.7640535596118	24.7603016884751	24.9541583183643
Q92900	24.1451491521455	23.5251613751888	23.4171242028014	24.0364084070924	23.8914314397467	23.7422173171068	24.1471695161008	24.0328824704105	23.9335509124566	23.8089201957734	23.4791417848305	23.7684016187473	23.6007087497972	23.715234750232	23.6190772300449	23.8321939018602	23.8948577205389	23.7686035354783
Q92922	23.4811145328222	23.3149272647093	23.0703830382265	23.4694858183583	23.4190549186727	23.0890812408668	23.3601129931993	23.1183068097789	23.5026385674919	23.1182751209999	23.0569055762356	22.775070094861	23.3306029083175	23.6140295028693	23.0703338992751	23.4364431587226	23.2978208330237	22.9609154356585
Q92973;A0A7P0TBF0;A0A7P0Z4D3;A0A7P0T9C0;A0A7P0T944	24.6723342624802	24.6883783836187	24.6995940565457	24.3728528412512	24.4465113853996	24.5570728639082	24.3552139659084	24.320171426936	24.4477098205227	24.8411496853039	24.946548656773	24.5594671851959	24.6998587760901	24.6921621195261	24.5770396733614	24.4448066316573	24.397412467283	24.5335027425128
Q93052;A0A087WZF1	24.887113866773	24.787109845591	25.0162706773362	24.7594891886066	24.672927686643	24.926646000824	25.0010129660764	24.8160199667898	24.3822519704686	25.0020437693647	24.9333708119582	25.075166066928	25.1329671892985	25.007871116924	25.065748429484	24.9852447059214	24.7096719891902	24.9288158073418
Q969G5;E9PIE3	25.471285734967	25.2955455919835	25.6219856648566	25.8001565706524	25.8768953465888	25.7605808796558	26.0705058782828	26.0165044825455	25.9944026432911	25.3990763062582	24.9309372521331	24.8096562772062	24.7808673213519	25.3947005415754	25.0810718324391	25.3509726232248	25.4950012982827	24.8751148776689
Q969H8;M0QYN0;M0QXF7	26.1850284478057	26.3192929793831	26.3374078046552	26.2654037273399	26.4623260267854	26.4003636485161	26.6544443921337	26.7669874097997	26.7188181777921	26.336267367847	26.2410358281324	26.2474064748655	26.0827170637333	26.2029382158867	26.3248817949293	26.4743218800094	26.4912745071235	26.5957669386161
Q96A49	23.3705267172217	23.5121964797814	23.8016373211066	23.1837419825262	23.6617737493646	23.2326586490865	23.6715246541381	23.0202190234229	23.4558830395463	23.2354954058049	23.5350465575782	23.451613593364	23.5838255915139	23.3768980001835	23.7327272254179	23.6984817037339	24.0139305388816	23.508936969077
Q96AC1;A0A0U1RRM8;H0YJ34	21.7317747737582	21.8886288098612	21.9611981368872	21.8053817676833	21.8148374658518	21.3035734136363	21.6516718864401	21.4423786179723	21.3509456541898	22.0207955113946	22.111270692378	21.7393768385867	22.0200155020682	22.0225574577389	22.1248356753878	21.8083703433024	21.826909972261	21.9506299344176
Q96AG4	26.7279327074638	26.9219562211269	27.2536769898215	26.5051551699268	26.8782994294645	26.7429111490645	26.944025505613	26.9732277209614	27.0601300583517	26.2144160671169	26.2069667904904	26.1535229631764	26.2752428747138	26.547014294629	26.5433606320535	26.3585712583127	26.3836532776045	26.5083476606359
Q96AQ6	22.7928490626975	22.3488945309936	22.5909223284942	22.5066630269274	22.2699359312726	22.0246892447266	22.2792909119394	22.2438271290137	22.6246874881047	22.7806070462202	22.6551708150718	22.971233398209	23.103704008926	23.0071525410385	23.1573833289628	23.2678519571886	23.2436383050405	23.2504782762608
Q96AY3;H0Y827	26.7027939057151	26.5434343860751	26.6375464710067	26.9191168282779	26.924563536176	26.7865615860812	26.8355708856079	27.0411380786949	26.965321921214	26.85638107293	27.0335967486915	26.9523818735766	27.0752068792462	27.0677394439914	27.0646593936309	27.0075289825676	26.9734467092801	26.9800009495568
Q96CS3	23.9980022428401	24.2316190587836	24.0953088039999	23.8429725421234	24.0717746134539	23.9469055607369	24.1144991778352	23.7129282828488	23.9668405592969	24.0822094764416	23.8160688096181	23.6588355800591	23.7967945656086	23.9060978818081	23.9368787226982	23.9854618778808	23.8724870171229	23.7750499947566
Q96D15;M0QZH0	25.737454286082	25.7551650936727	25.7185046563491	25.5485731224855	25.5703664692759	25.6385963266909	25.1908787241479	25.2050098606633	25.3653960040965	26.2088838698141	26.3322089594059	26.1242953601013	25.9909238469406	26.0192647688394	26.0449773665978	25.792109319638	25.7933006655856	25.6251112820762
Q96DI7	23.8392283971775	23.8154825865134	24.2185236237767	23.6473521415506	23.6427330499605	23.5049430957701	23.8871603610782	23.6784187524222	23.7895495644517	24.0443520924404	23.8947652252646	23.9003044720038	23.8724870171229	24.0130786374451	23.6666574398023	23.5131608481602	23.3452980334292	23.8685362295122
Q96FQ6	25.6570916148532	25.342893117737	25.4100874393508	24.7923824233233	24.9515372954139	25.0512152483363	24.0856980701144	24.299009531295	24.3855469998584	25.0313687127236	25.5370332714429	25.0056457919062	24.6952988188404	24.6686062964391	24.6022956238236	24.4462589563642	24.3914591542792	24.1143403082126
Q96HC4;H0Y8Y3	23.2430426213442	23.4834536727959	23.7383050609768	23.3800731212249	23.4249597202141	23.6984817037339	23.24911866221	23.0610988842226	23.4834536727959	23.1083540792086	23.0499947467657	23.3528592039693	23.4131258500328	23.2833382213483	23.3670638212586	23.8917095496349	23.61537729125	23.4355532732218
Q96HE7	25.7856141013587	25.5883509335432	25.7357512296743	25.7194711287156	25.6431460706543	25.5379515723058	25.5001479672112	25.6237167539253	25.394046302605	25.8847872389935	25.7092775839167	25.7686287730828	25.9208438449771	25.747297686205	25.8826201026128	26.0129081967761	25.9877185304323	25.8824568530101
Q96I24	23.6544717078846	23.5663941371088	23.6830322904897	24.1679081084925	23.9422589080904	24.0521693431693	23.7021862159804	23.5764631257612	23.7125085286879	23.7578628148238	23.6336719759536	23.7955070197481	23.6590534275553	23.4921612563262	23.6161629200598	23.746016452181	23.6845311945631	23.6216503753077
Q96I99;E9PDQ8	24.9274148472409	24.8989677682488	24.8144561225491	24.6505329050837	24.4982010921505	24.6733051931508	24.7563873282398	24.4670616948007	24.7007584593861	24.6660614303503	24.7722332125255	24.8953663385737	24.8909678040963	24.9389434992518	25.0480580924475	24.8658491629642	24.7777609790324	25.0763491556645
Q96JB5;J3QRM1	22.3477597632194	22.411988811538	21.8858393394691	22.5119070435199	21.952728452037	22.0841089666053	21.7096088915917	21.7815678287903	21.736035212057	21.9508790707379	21.9469947729338	22.0297185904162	22.3416925477371	22.0869616169808	22.0988301428851	22.1611872528252	21.9182343430211	22.3047991529122
Q96KP4;J3QKT2	23.3386493447747	23.1529971545844	23.440884371292	23.2346625042525	23.3500284069052	23.2150310945581	23.1536311941017	23.1090399337691	22.9277222711181	23.3989784864771	23.2519810385758	23.3679969573767	23.1664530452922	23.5777312264821	23.3755729679073	23.5327896549091	23.1029835859334	23.7119836641859
Q96M27	24.0703830382265	23.7652682902821	23.8000577998968	23.6668741094792	23.7470415304115	24.2926350581185	23.0925210177671	23.8245423845975	23.4489702565988	24.0680060723059	23.9990351987608	23.7937223648071	24.0218292215974	24.0834273860512	23.9685114141224	24.0258046391699	23.9130559371224	23.5979843268472
Q96P70	23.7959033101066	23.5000871671167	23.4437954558381	23.3071641132504	23.508574346217	23.3887688436878	23.3345635447034	23.3107736292848	23.2695650328392	23.6712006835448	23.5439210680768	23.3682634568771	23.6796003648966	23.5788830788713	23.503366711034	23.6305648705956	23.4795118806145	23.578998213546
Q96QD8	24.1409439493297	24.3717234780045	24.4178967992359	24.1895597661125	24.2174885857814	24.6089640525876	23.8905040194005	24.0667750687548	23.7013403085736	23.3941444573664	23.8181187166485	23.4808680867948	23.3613184201244	23.1666982113592	23.3150655134795	23.3351089870694	23.0603073815115	23.2478301860837
Q96QK1	24.2435075662724	24.5691208562043	24.2852447270758	24.2337413690649	24.4458802299775	24.2302268848887	24.2941787230145	24.1070133289662	24.1051757550813	24.2183758066617	24.2202962488387	24.3840322209677	24.3990437004014	24.4006079508813	24.301802610994	24.4349809139818	24.6288419840042	24.4616393115493
Q96S52	23.405744994969	23.1852251002182	23.1507215976759	22.9393202265295	22.6921727639332	22.8099996533927	22.7624120491233	23.0600764447334	22.5692019986356	22.6777308231999	22.8216455422702	22.5781690387308	22.6354223222238	22.5790212393784	22.384084935636	22.6324077477077	22.7472054753587	22.5715647186359
Q96ST2	21.3960277349372	21.6110824486107	21.9313882211721	21.4612895854628	21.6094601262847	20.827801661532	21.2309890833309	21.4913540310222	21.0409291287284	22.0206937949606	21.7614587107371	21.8547938292692	21.9424558007334	21.7462420318924	21.9546819520277	21.4507078519671	21.7294531283165	21.7282493776911
Q96TA1	25.4043162624237	25.3684299940693	25.1717683945076	25.1194154787637	25.0894611495257	24.9788451972157	24.6842101319067	24.7924320729849	24.6842101319067	25.0338067632549	24.9237025097561	24.9161579196866	24.9990782225449	25.0214056594438	24.9771862745422	24.9262840489192	24.9366091860247	24.6394798235093
Q96TC7;H0YMB1	24.8194349776114	24.693598404599	24.5953116681959	23.9678960611419	23.6835677921628	23.7467340834118	24.0831027106721	24.4818536184126	24.381988042722	23.7188965475081	24.0218292215974	23.8885544939368	24.2729850938029	24.2234667653709	23.8658963476395	24.3217547259588	24.1515888997705	23.7677956989396
Q99460;A0A7I2V2K8;A0A7P0MW50;A0A7I2YQY1;A0A7I2V262;A0A7I2V5C8;A0A7I2V523;A0A087WW66;A0A7I2YQI9;A0A7I2V4X0;A0A7I2V641;A0A7I2V479;A0A7I2V491	25.3697283248157	25.2708485059993	25.3386153442081	25.2883814432741	25.2606203879575	25.1703936353715	25.2589325841353	25.1763795349304	25.3021513660519	25.2000403922365	25.0583762724662	25.2683875118718	25.2833028919157	25.2444515246085	25.2439070086402	25.4089544793224	25.137781983691	25.37484368109
Q99471;H3BPF6	25.5408211952048	25.5494253536288	25.649601338602	24.9335509124566	25.3632249553194	25.3771628606654	25.05357858945	25.2177843867033	24.8587065082927	25.6617465715214	25.5876358430498	25.4754974437402	25.6700391911396	25.5804366222485	25.5908937826036	25.4658169727176	25.6206999648688	25.5564590444012
Q99497;K7ELW0;K7EN27	26.010306478506	26.0683546657666	25.979957353067	26.4082742759924	26.2985551446568	26.4243511030048	26.4922835237987	26.4336763585369	26.4874307279585	26.4273916247759	26.485742970348	26.4001193047743	26.5117592880418	26.4137230822226	26.5525068137105	26.3920654216186	26.390688663355	26.4655211933406
Q99519;E9PIF4	22.7415591532994	22.8845357385483	22.8288670888316	23.3448918502232	23.4144168523926	23.6701202558444	22.9535634529768	23.1843323854914	22.8925806136156	22.8684231907376	23.0963065852294	22.6843171607313	23.2328781850232	22.9834452650138	23.1484889951811	23.2171039538903	23.0173671084511	23.1834391180261
Q99536	24.3029183305457	24.183969089184	24.173332498493	24.5916643234676	24.3083451412072	24.4182185923452	24.6114990008918	24.5305887467158	24.2033677200214	24.4417709755327	24.4843759745135	24.3492185864849	24.5591754074538	24.3972818889201	24.4307766601809	24.248365984462	24.2553709497429	24.1320258407527
Q99623;F5GY37;F5H3X6;J3KPX7;A0A7I2V5F0;F5GWA7	26.9620150087616	26.6764024068237	26.7507257929991	26.6297870475486	26.9353956474357	26.6996205306861	26.894348923129	26.8209204219188	26.8354504150604	26.0732465844883	26.1192967335445	26.2172482028668	26.1803121136066	25.9167501870921	26.0112666749081	26.2330830550946	26.1614448484483	26.1382703937899
Q99714;A0A804HHW5;Q5H928	25.3509726232248	25.3564906575349	25.2986250596091	25.3379351645482	25.3114320855779	25.3220642987172	25.3259455142812	25.1913306608861	25.2689585511553	25.2657077481624	25.3263227746381	25.1702025929515	25.3103922803429	25.3053211687086	25.2027327556561	25.4157389319585	25.3104962945971	25.1379773675726
Q99733;C9JZI7;A8MXH2;C9J6D1;H0YCI4	24.9160667800397	24.8792347261202	24.9436008252561	25.0320416900143	24.9132385914293	25.0766753543072	24.5807241319728	24.5631967378088	24.6464185182783	25.000927032548	25.0442270050825	25.0285893583306	24.9842452936278	25.0634461029776	25.0302323512107	24.9933447669109	24.9323347975533	24.8590384075723
Q99805	23.9065566813161	23.6629690678866	23.6875243388751	23.5879505265352	23.4467006781954	23.5021529342159	23.4859118349869	23.6664407375803	23.3251220581853	23.438348209892	23.3856128237453	23.5984387547716	23.6962544218463	23.5416780165406	23.8313242554478	23.6294535663958	23.4682431868939	23.6030884067683
Q99829;F2Z2V0;B0QZ18;A6PVH9;E7ENH5;Q5JX44;Q5JX58;Q5JX59;Q5JX60;Q5JX56;Q5JX45;Q5JX52;Q5JX61;Q5JX55	26.2156384546693	25.9559990707626	25.9751536783098	26.0600063316107	26.0277671596952	25.9582137297807	25.8662030104191	25.7024240381008	25.5597880725697	26.2704564547734	26.128883568798	26.2941787230145	26.35598683527	26.1271523974929	26.0984848208941	26.099568693842	26.099669011271	26.0184584620242
Q99832	25.7007055523673	25.8775741572704	25.8572594839186	26.0048532611861	25.9010874815431	25.858611665901	25.7607077668793	25.8713593242248	25.909352203148	25.6596795559334	25.8229148418425	25.8630152546228	25.6557003816881	25.8106861606819	25.8405495575733	25.6860285429497	25.7424229317357	25.7521560247104
Q9BPX3	23.1757401908834	23.7411888041661	23.6963605608966	23.2796593187012	23.5218112773868	23.3940135828672	23.325808304234	23.3385133377002	23.5615079787637	22.8550790915654	23.2840446283745	22.5695960541124	23.3475975806504	23.1542185917757	23.1682754713195	23.5717267242875	23.0946324953985	23.2169263968868
Q9BQG0;I3L1L3	22.8987371768568	23.1325436584614	22.8465348484895	22.8006503230241	22.7880563488199	22.6128154158352	22.4102556889532	22.9081338383033	22.5358771588501	22.733596306377	22.625468064678	22.7324581180322	22.746118992786	22.4638356506974	22.8559725483509	23.0265646412577	22.7945158173451	23.0710053201185
Q9BR76;A0A087WW53;F5H390	24.3976735885581	24.5293976671511	24.4533731310481	24.2662798489098	24.3959754548538	24.5617410286053	24.4976530598396	24.5020315003502	24.6804591119701	24.6530506025959	24.4129966862348	24.5240854061836	24.664922909938	24.8998897654304	24.58348131397	24.6863492012301	24.6615019478903	24.3747773640043
Q9BRA2;I3L2R6;I3L0K2;I3L3M7	25.3643275883729	25.3553147984389	25.1569206301003	25.7055648944353	25.655181735934	25.4271678048867	25.6098940508881	25.4967696807766	25.6700391911396	25.6332562336595	25.3684299940693	25.4374912481555	25.9186392615232	25.7013403085736	25.7432194117478	25.7879318443934	25.911090941435	25.793523933469
Q9BRR6;H3BRS6	23.8393245223759	24.0505926724664	23.8766143659587	23.6361085872267	24.2040397307661	23.9534924078789	24.3205846290127	24.211114152193	23.9946400191669	23.2850330174796	23.7562346055338	23.3220986915902	23.9332807532771	23.7904447525509	24.0900671796287	23.6209795623504	23.9526929093598	24.152672294692
Q9BRX8	24.528861360362	25.0802586799878	24.7547064886227	24.526236542329	24.5940019648855	24.533086817579	25.0794857604082	24.9269174051719	25.0386286795275	24.3374928757421	24.500391141969	24.4822845768849	24.8290510375203	24.7847159098959	24.8297285409063	24.9605796559832	25.007956637837	24.7410859125324
Q9BS26	24.2967711676311	24.1540640366262	24.324504157523	24.9288609769607	24.8929603811153	24.3817900652214	24.6584542677691	24.1629241712642	24.2815706890391	24.2408175301408	24.1894089512429	24.1746282753967	24.0120556912612	23.8607914650308	24.1321827748376	24.2632021364952	24.5835386992662	24.6144227378964
Q9BSH4;A0A804HJB7	24.4320519707973	24.3488135057463	24.1209187395198	24.3345635447034	24.5173123182902	24.5380107974558	24.3671971633763	24.0951478068966	24.2371014015635	23.7846659939702	24.0374142368153	23.9899716586572	24.335858633769	24.3661967969609	24.2773197552337	23.9219789137529	23.9900582472021	24.1905396786626
Q9BSJ8	23.9703558998297	23.881290246894	24.0478501424001	24.1701261688995	23.8940250495075	23.7390265373474	23.8241538845168	23.8531953172153	23.9036178400612	23.8694778750263	23.818021168047	23.7108282896966	23.8171429336956	23.807938169297	23.7861627209858	24.0378331256545	23.9333708119582	23.5563713345771
Q9BT09;A0A0C4DFY8	25.0806246553092	25.4794502045766	25.2078046627943	25.433803684181	25.1771022613519	25.0081276644558	24.8530525067579	25.1457322398604	25.7144226652994	25.431286919717	25.0185221342119	25.6145350710773	25.2303001907011	25.6379609789943	25.5437441117987	25.0236914191629	25.5342154778295	25.0691950447985
Q9BT78;D6RFN0;D6RD63;D6RAX7	23.9583686286679	23.4882432159559	23.4417709755327	23.3674638106445	23.2721308383506	22.8814582963266	22.688549131915	23.1751157959018	22.8175528429245	23.3613184201244	23.2347209691749	23.1010286274529	23.3245728262225	23.365462753815	23.3042421277929	23.2596869532836	23.192422257212	23.3693289628641
Q9BTT0;E9PPH5;Q5TB19;E9PLC4	25.0974805082599	24.7271277407627	24.670066213214	24.2702069121472	24.5450412874174	24.3185174341599	24.2516199405235	24.3993045266242	24.2067246478702	24.9189803967642	24.9441372428272	24.9822008608938	24.779715748786	24.9212525726219	24.6627518108964	24.836630592874	24.551803060018	24.3373567595951
Q9BTV4	24.5920066540176	24.9577489333074	24.4697963090602	24.0354857800762	24.2073950971306	24.6401972664992	24.2102967822631	24.3207911856801	24.4573868913582	24.3792138823709	24.4481510984221	24.4758684754716	24.6398109953772	24.4491592270675	24.2513309969934	24.3172066770691	24.1423470459788	24.4242549820759
Q9BUF5;K7ESM5	24.9171600759866	24.8169476978822	24.9275504834974	24.7269199344907	24.6093023031556	24.8168012536816	24.7261403942757	24.8702777907591	24.7911406261414	24.1342213659955	24.5234274743113	24.5478674468309	24.4344083275801	24.2885574611166	24.4841300850347	24.4441747298291	24.438411668294	24.3691292404244
Q9BVA1	24.5544989202444	25.0214480212555	24.6582363297739	24.322992618624	24.4161578750682	24.718164931215	24.6687685823885	24.5574819318719	24.2738388437287	24.7226011860798	24.6878980456615	24.8444100144674	24.7008642676033	24.7088304608888	24.6408040551004	25.0598207216016	25.0088970334408	24.8941638613911
Q9BWD1	25.9731839193085	25.7796907043885	25.8629916153166	25.7976605364701	25.5790845585226	25.6253064084937	25.8449367290039	25.6714166720235	25.8449846026095	25.3746447206868	25.6091895617778	25.5053066323831	25.6050684602694	25.6380162377288	25.5427704641039	25.694103424286	25.4542520958071	25.5248028080089
Q9BY32	24.303684887523	24.4449329788169	24.2448144211117	24.1363353199788	24.2588247849068	24.1363353199788	24.1817722258235	24.4752500362299	23.7511345753327	24.3077894837776	24.2519088261955	24.1668360989654	24.2543620216548	24.5448055240405	24.2532802437235	24.3560876137996	24.2987299256852	24.2053828139112
Q9BZK7;A0A0D9SF63;A0A1B0GVH3	22.7501737530541	23.0830702391151	22.8155607633583	22.8580804332554	22.8751523838768	23.0714473047257	22.2364592177778	22.7208387557559	22.4349936355433	22.8664058438236	22.9799617127753	23.0219647352271	23.0792334549104	22.9433862023695	22.8009070074907	22.7584932522605	22.9241194919829	22.9204531747851
Q9C0H2	23.3807337261364	22.8214509148732	22.990387236285	23.2396964135029	22.6853014535461	22.6437020850893	22.5807471302757	22.9728290768996	22.645132424318	23.328960838474	23.4312231471436	23.0103833177402	23.3975430338282	22.934541063514	22.7875981195364	22.8528906378148	23.3242981318117	23.31686154297
Q9GZS3;H0YN81;H0YL19;H0YMF9	24.3978041314746	24.4483401762111	24.3134056532302	24.1762273358543	24.1261284553468	24.2870782433585	24.1332808357024	24.0226759730249	23.9895386379615	24.4196336299486	24.4310955935393	24.2426356715798	24.3293030905196	24.4783395847828	24.4490962396614	24.4194407519821	24.4768574271685	24.2981006148613
Q9H0U4;E9PLD0	27.5214818299964	27.4142555402618	27.2972786012624	27.4627940543778	27.5543525354803	27.391328035944	27.3416382610806	27.6363022319982	27.3981956893657	27.4612333715764	27.5321505478251	27.4829307733116	27.5804653757994	27.6495191126728	27.5180330952106	27.6938509365405	27.4329280933544	27.4577939149301
Q9H299;Q5T123	26.3968084432566	26.5006342757451	26.0338697616629	26.3056168938385	26.2718459740904	26.1319473673082	26.2748164781369	26.7628124661794	26.3291490871466	26.3139591521976	26.4723243198086	26.4062479616604	26.1650732093349	25.9514261298909	26.0932950477185	26.3058951680091	26.1170981822216	26.0905316303657
Q9H2U2	25.18101391041	25.1983176369339	24.9944673860398	24.8883222319962	24.9563314864231	24.9301251524545	24.8849269425207	25.0968775849213	25.1244728582439	25.4469214884042	25.4394900342815	25.4414227317012	25.4053554809385	25.145693374677	25.434790077097	25.2362986271567	25.264348098957	25.4043487493359
Q9H444	25.3104962945971	25.462669261865	25.7991191403045	24.5388396943708	24.8091655979821	24.9294480533475	25.2379037295221	24.8283732158227	24.9243370000931	25.6537340010156	25.6902714920159	25.5028206378336	25.5990917442434	25.6485868911308	25.7593621941573	25.321823525646	25.1993665155704	25.2924244303291
Q9H488	26.3618705710436	26.5172372166477	26.2735009614596	26.2426720110476	26.0993279035484	26.3982446266307	26.3148235694369	26.1436514807652	26.5045794675285	26.2514393575989	26.2321682315101	26.154508338061	26.4013731638448	26.3352964352657	26.160579606336	26.4313188049466	26.3137689108786	26.2765035605486
Q9H4A4;A6NKB8;A0A087WUS4;A0A087WU27	23.9796303373934	23.7775603399887	23.9618163527631	23.8342210405203	24.2163047752297	24.0356535743357	23.8169476978822	24.1428144417845	23.8367268913115	24.0613461397931	23.719001033841	23.9750005712472	23.8825967823719	23.8534808957272	24.0953892958146	23.9921348147299	24.4046410986309	23.9059143211435
Q9H845;A0A7P0T7Z1;A0A7P0T8U3;A0A7P0T871;Q9H9W4;A0A7P0TB58;H0Y8Z9;A0A7P0T9N9	24.107093170414	24.2601896469987	24.3141666595753	24.2404536267359	24.2363716251096	24.37238791639	24.3212042103153	23.9613747970284	23.958014549628	23.9671924790549	24.2405991991129	24.2840446283745	23.9878052543084	24.0382518929039	24.1553772279302	24.3098720965551	23.9079322050569	24.0756149389409
Q9H8Y8	22.8860999183627	22.4449077102701	22.9352427590749	22.979316332595	22.9594657217594	23.141302648298	23.1372269491384	23.2399585707539	23.0467683187096	23.2659938268944	22.7795855131711	22.9516795747854	23.3469216236306	23.5154486428037	23.0120727463092	23.1591248303746	23.5237265714495	22.9825229425293
Q9H9B4;D6RFI0	24.1137841267223	24.3165163262851	24.2554429890429	24.5966201836134	24.3834390481885	24.5941728631946	24.6962544218463	24.5936601075226	24.601955726298	23.4602648996799	23.6015024049931	23.5271915742486	23.6372147788473	23.5408507492407	23.7619253167434	23.6683898867723	23.6506424616043	23.732830714894
Q9H9J2	24.2648491714414	23.8950426932991	24.0316211159972	24.0401766581734	23.742525728062	24.0134194583871	23.927324415985	23.9661364621424	24.1900121161499	23.6222091479399	23.8696661303983	23.7074619296079	23.9794558987207	23.6209795623504	23.885671799609	23.9133299099115	24.0448523334443	23.6276736972014
Q9HAV7	24.7891515247083	24.7002293018681	24.7803667505684	24.9464147950201	25.1819617424137	25.137781983691	24.8599862707127	24.4733931262762	24.7610122506908	24.7061448087678	24.4032762947874	24.5523309074686	24.2264833407452	24.1709666108907	24.163384948988	24.4939941812848	24.4999047514579	24.6088512847726
Q9HB71	25.6724961296428	25.8952969921267	25.8176309076698	25.9395489058195	26.1607526962771	25.8256102206958	25.8714298308611	26.1073725806902	25.7089356787746	25.9018470552	25.8493821921175	25.9262840489192	25.8024264336879	25.5795737491347	25.6222370808913	25.4407576690532	25.7862624475984	25.4215930935951
Q9HB90;Q9NQL2	23.43364452537	23.7401595574641	23.7767575046642	23.8847406681446	23.5801490552159	23.8124499665618	23.8197760345113	23.9289513119559	23.7655718132064	22.9316407022729	23.3078589526612	23.3028486233468	23.7484754174082	23.7404684085819	23.5252808777808	23.7033485294024	23.1991942521343	23.3729192468594
Q9HCJ6	23.3194824937101	23.1089442527044	23.0548374568185	22.7327686220992	22.3774541510445	22.6807810103852	22.7322096666533	22.3318878921887	22.5313148226724	23.174384453351	23.1922416362299	23.1100123312258	23.4282865572594	23.257530565496	23.0666272777187	23.235641479317	23.195894810917	22.9756828661456
Q9HDC9;H0Y512	26.0790380913134	25.9250165016557	26.0537442926651	25.9792814389538	25.8411016842711	26.0175030418402	25.7618746060089	26.1827953197795	26.1378992171952	25.7133479149172	25.9294029021061	25.8869046238554	25.8656132164364	25.8054801746299	25.7862125851538	25.7601493796008	25.6696067691013	25.7683511351486
Q9NR12	24.5850299163451	24.546513936261	24.4431631108616	24.7803166839361	24.6758911515699	24.6068764198288	24.817289343219	24.8310825939385	24.5016064013096	24.5474556432402	24.4612646017837	24.3868629073158	24.5271319032718	24.5533860233427	24.3104962945971	24.4995398509313	24.5990065884629	24.3772290681889
Q9NSD9	25.2858444022729	25.2262260743091	25.3747773640043	25.239652715996	25.2077302049578	25.1031357051917	25.3609836803283	25.3786187247814	25.436474930198	24.9657842846621	24.9349459295265	24.9463701716755	25.1576146227574	25.1654949659109	25.2298236363262	25.2200747897791	25.2266303295421	25.2144531243852
Q9NSE4	23.6764831147783	24.0367437615897	23.6772361713769	23.9922212735464	23.8577578036876	23.9392126002022	23.6748680972124	23.837015748063	23.8457503643264	23.2534966642115	23.3446209978727	23.0797705684322	23.2855975073786	23.5733457810163	23.4136423896161	23.4707273804322	23.5637204337578	23.3753078153535
Q9NT62	23.8764270151317	23.8397089591355	23.9590765261506	24.30305773484	23.8829698609985	24.1200486215863	24.0068444703474	24.3743793974602	24.0262269119787	23.807643430958	23.9084820475488	23.8074469052745	24.0812344079454	24.3615192267279	24.1903889662006	24.3911313360949	24.1900874940355	24.147014203899
Q9NUJ1	25.2019853807898	25.046352016574	24.9682477235546	25.0655840993826	25.103255788014	25.1783186670127	24.896152032101	25.3626566031726	25.0907133312646	25.2543620216548	25.2193732784017	25.1105620036951	25.4836689292741	25.3600124954778	25.259722865787	25.4676525617949	25.1551069627109	25.2603691380275
Q9NVD7;E9PS97	23.8061688353738	24.0058170926712	23.923339818524	23.8886473882442	23.8732383229807	23.7770586202685	23.6656820233682	23.5908081415425	23.8196785979097	23.7993662152038	23.6363298934154	23.8094109584549	23.7191055126071	23.6976336207991	23.5749630228041	23.9333708119582	23.662208525241	23.6899783561026
Q9NVH1	23.3404162709489	23.0883534768785	23.0030738366715	22.8887216993837	22.7219444371058	22.6916617437823	22.6652049129842	22.8003540918795	22.914352282204	22.6795144620688	22.7116686538041	22.6227900419911	22.8809540892928	22.7197739976006	22.8010254618431	22.8493440099253	22.6459459845074	22.9816871224658
Q9NVI7	24.7984271053919	24.7696631349264	24.9805457945502	24.47401236186	24.56267285169	24.6377122884933	24.4419608912891	24.6995411068076	25.0044032527033	24.3363354789364	24.188805534058	24.129669778649	24.1718065635675	24.1704318408199	24.2652069738393	24.0966765544687	24.3338132245783	24.0061596331942
Q9NVS2;Q5QPA5	22.0400595719164	22.0948740705814	22.1976654493922	22.2427810239592	22.0135216889712	21.9817219579713	21.5909908363274	21.9524085364143	21.9608447516948	22.2577319647861	22.2380058119887	22.2350863212707	22.04413526746	21.821275727764	21.7624728791262	21.9891228157823	21.8850573202752	22.0816732703237
Q9NWM8;F8WBZ0;H7C1Z9	23.2233047219085	23.1179898906627	23.4276473764236	23.9388537877795	23.5079697721643	23.9612864696619	23.9061896533828	23.4586389048368	23.7703186876573	23.1382743004041	23.4429100952452	23.4562591494874	23.11278245939	23.0108271976451	22.9543802202398	23.0481662146275	22.8298543279409	23.304520667236
Q9NYL9;H0YNJ8;H0YKU1	24.2964211093854	24.6332285132463	24.6408040551004	24.6269499976422	24.6060857162946	24.4457539657519	24.3073031079073	24.2514754759922	24.7153918751753	24.2459025632432	24.3797427053013	24.2390699560624	24.2764680633464	24.5880649398777	24.3858760892644	24.2432169932521	24.3891628611806	24.5606337064165
Q9NYU2	26.0668366438852	26.0807669539768	26.0828388581143	25.8686068742491	25.8992444292777	25.9006269391652	25.7202020830803	25.806414705995	25.6810760208513	26.2693510095913	26.2701177793192	26.203386391214	26.354743320895	26.2519629858196	26.189276975298	26.1885414596561	26.2328086689242	26.1319081289852
Q9NZ01;M0R2N5	24.0345625626475	23.8935622467444	24.0604393287893	23.9052716748326	24.144682512236	24.1306912113378	23.9792814389538	23.9913564521317	23.9340910790929	23.7387173773674	23.7719310879826	23.7720318031937	23.9097641990058	23.778162173429	23.7932262352789	24.2286132139238	24.1313979336471	24.2237613432261
Q9NZ08	24.2092558230584	24.4247034916297	24.0666108555578	24.4325617795542	24.2596151255949	24.1476353524112	24.2272181350164	24.1747806432525	24.3879147697754	24.3310131339136	24.3271112731057	24.2331562159274	24.6459789570026	24.5694106296483	24.3562219742226	24.5432131126978	24.6035412300742	24.6126242164391
Q9NZL4	24.2675662467132	24.2520532473419	23.9838105505053	23.7357254103219	23.8462287590786	24.0409291287284	23.9578374775147	24.4690510190832	23.999809430637	23.6124554900439	23.8058737353064	23.7382019634643	24.1112388486716	23.8861371400772	24.0021296364028	24.004188913604	24.0460188883521	23.8344139528747
Q9NZL9	24.7458113491041	24.8340763393241	24.9480203168857	25.0087688337659	25.1036559919171	25.1207210315203	24.8596072001838	25.0298112493278	25.0010129660764	25.05573124816	24.8286637498321	24.7538398366878	24.7056176235536	24.9033420165175	24.8747397619515	24.6630776841141	24.9223873199951	24.9139689774927
Q9NZM1;H0YD14	24.0822907024102	23.8647634892846	24.1217883329843	23.989885064915	24.0550692336751	23.9039855227751	23.9298543509444	23.7371705829222	24.1419574337696	23.5381292404624	23.5425048097423	23.5974160905797	23.7810675010444	23.6978456882758	23.7355188388667	23.8558585208424	23.7773596730379	23.7039821240727
Q9NZN4	24.8069063215661	24.8662737694967	24.7029259783147	24.746016452181	24.8420614016129	24.7952592829843	24.6833536153452	24.6945551342048	24.5857749472685	24.7076725573973	24.7839669896107	24.7115636350568	24.6479010496122	24.7531257322123	24.6694175436953	24.9462362933599	24.7843165341251	24.7619253167434
Q9P035;H3BPZ1;H3BS72	24.978801565786	24.4345992149653	24.7416517257298	24.2500300344918	24.4698583991827	24.3444178252343	24.5323735243136	24.2111884355924	24.5666263990494	24.4134487089445	24.6200846596058	24.4555695396775	23.977273633835	24.5117140537476	24.3641939807565	24.726036423748	24.6078359775901	24.6834071625305
Q9P258	24.6416310830257	24.6922153407763	24.7874586295567	24.5725364797741	24.9297189311254	24.7055121633898	24.6018990689241	24.7243198273801	24.6492724067627	24.6638920452704	24.7107232097562	24.6643804414071	24.9955460043302	24.7617224631096	24.5776159906466	24.835763617562	24.7189487916205	24.3815260529522
Q9P2B2	23.5436851215491	23.5003303521221	23.5307673238672	23.4480880669853	23.3562219742226	23.6771286159259	23.1705082486817	23.7653694716856	23.4748169709686	23.5473379634783	23.6726040309959	23.4646334911938	23.746016452181	23.6843171607313	23.6403076106838	23.3913935966012	23.5092995008143	23.2424612293917
Q9P2E9;A0A087WVV2;F8W7S5	25.4653499249281	25.4929252580815	25.514154678348	25.6155737385641	25.6207558887002	25.7506491334151	25.6707145912066	25.7084358254589	25.7811175416278	25.2101109517688	25.2653142972569	25.2782418544087	25.2585372809121	25.3022211069477	25.3042421277929	25.2337779332569	25.4239024838689	25.3674638106445
Q9UBE0;M0QZS6	24.2727003981846	24.4214967887294	24.1263648141995	24.0748803483693	23.9461024026196	23.8876252217366	23.7032429032325	24.0592843807306	23.9581030775353	24.2147495482697	24.3213418589215	24.2913005624766	24.3733176163334	24.209107053268	24.3091088208982	24.1992541721842	24.2848212768113	24.1013332624113
Q9UBG0	23.6995411068076	23.6730355557253	23.7802666155664	23.723382640486	23.8867883646754	23.4443011323385	22.967702610271	23.5100242911037	23.4424039308541	24.2672090290322	24.3553484077164	24.4007382285626	24.5912077563398	24.6758373246865	24.381988042722	24.4389826683396	24.7533808101034	24.7908921383885
Q9UBQ5;A0A087WVB9;K7EK53;K7EQM4;K7ERF1;B4DQ48	24.4310318125078	24.3617869253957	24.1736374918964	24.5011811769739	24.4128029188527	24.418411633764	24.4777839541035	24.4560711067733	24.5301124328851	24.2669231911907	24.2701356063253	24.4209188244935	24.6669282718144	24.5730567969717	24.744426140125	24.5269528755318	24.5956531344793	24.4122860785656
Q9UBQ7;U3KQ56	24.9210709301866	24.6266158599798	25.0980831797332	24.8678295918187	24.8423971519107	24.8760990926298	25.1102035454044	25.0505096420477	25.1173954796119	24.7735416882514	24.511653739149	24.7975368581666	24.5909223284942	24.9647712952614	24.5941728631946	24.9511815355845	24.6677404629302	25.0192435560114
Q9UBS4	24.4502295924337	24.8618801307738	24.9868076148483	25.1064942518249	24.6835677921628	25.0917627108342	25.1737518478017	25.31589472801	25.0909959316289	25.08622468247	25.0655019273121	25.2582497196114	25.0484323270151	25.3542725222947	24.8352817393917	24.9894953287427	25.1661082100065	25.1562648859158
Q9UBT2	24.3379691811484	24.1022147380101	24.2868668026721	24.0608515862691	24.0998094439537	23.9578374775147	24.2627004915414	24.2273650489718	24.3722550531914	24.4056151686435	24.5992336593756	24.5305887467158	24.4128675108717	24.5079697721643	24.5718424314729	24.1185444534375	24.4793885259019	24.5617992851839
Q9UHA4	23.6910440194993	24.0379168888293	24.2824193748075	23.9794558987207	23.8988294178364	24.2472072513715	23.8257072575238	24.049595991915	23.9855487375118	23.4338991710402	23.6880581760841	24.0570543664835	23.9469055607369	24.1785086377859	24.5755401700858	23.7413945654216	23.846802623462	24.5542646974918
Q9UHD1	24.3819220532404	24.709146091528	24.6529959167349	24.7185830430976	24.7666841845824	24.7807171683527	24.6551271307963	24.6286195261123	24.5980411381662	24.4844989035388	24.5811265493525	24.6321747426747	24.8970296540974	24.8190450995451	24.6805664194223	24.5522722672881	24.4361254054802	24.6829787293885
Q9UHD8	25.9915727060917	25.5886654611073	25.7987731643428	25.8258285443814	25.8887634977177	25.7718555469599	25.7139771342515	25.638458231426	25.8921266139715	25.1942272243964	25.503366711034	25.4343765105602	25.6212311537627	25.4079826620765	25.4449013930643	25.6750296803498	25.5736924854777	25.6187972636081
Q9UHG3;F8W8W4	24.43364452537	24.1029355449404	24.2953704247268	23.7737428869186	24.1851797212713	24.0015284597839	23.4811145328222	24.2999877244056	23.7794652852446	24.0975608790039	24.2603332416082	24.0577980876312	24.2350570965076	24.2612662583575	24.338989306376	24.428733815408	24.3936863446684	24.2261893182158
Q9UHV9	24.9782342370877	24.887811124068	25.1401638611519	25.4990835954461	25.3548441863239	25.5730278953833	25.6164714429373	25.395648661403	25.1565349343244	25.0594494299289	25.1903512856249	25.1582697538759	25.1524788909729	25.3653626280791	25.5134018395649	25.3010350529749	25.3854811729681	25.3654293793418
Q9UI30	23.8683478266336	24.0548208999038	23.7738434757309	23.9346310435584	24.1148168646057	24.0168232467795	23.6699040731751	24.0054744707992	24.0505096420477	23.4881206055754	23.6303426782279	23.6967850390287	23.8475674210631	23.7579645169169	23.7675936691058	23.896521622225	23.5857749472685	24.0073578849582
Q9UIQ6	22.7542783256752	22.1687039430886	22.395766315573	22.4778333521635	22.2259393519435	22.2930281477354	22.1919857177897	22.5168436201125	22.5261648894426	22.8341245746688	22.3217409656277	22.5659062652878	22.5105797171702	22.2693082011314	22.3757585457034	22.3221537184817	22.0259735631255	22.3961584268577
Q9UJS0	23.6876311221209	23.9944673860398	23.6588355800591	23.6565461931081	23.650752009806	23.6943425824488	23.8857648797111	23.7171191210634	23.4911827433317	23.0443854472375	22.8754523984432	22.7803266974016	23.2048308088527	23.2086606518285	23.118148358923	23.0162961852004	23.026277576411	23.1732257355673
Q9UJZ1;A0A087WYB4	25.2359335819786	24.9146077621128	24.9398851330592	25.062581782408	25.0196253392027	24.7770084386987	24.7667347265446	24.9046287421283	24.7979325914222	25.0047461290403	25.0372466472187	24.9603587056741	25.0590367715236	25.0335967486915	24.9852881429287	25.0186494701576	24.9703558998297	25.0020867035226
Q9UK45;A0A087X2I5	22.3215207824778	22.6734453846986	22.6119154329355	22.4682680500152	22.4615893558699	22.4712981403915	22.5103382538502	22.0255005261975	22.6246205618856	22.1224046363482	22.872242758453	22.7008960085553	22.7337204180732	22.7651873400497	22.943815416219	22.5484908114429	22.38574446251	22.6314310940025
Q9UKM9;Q5QPL9;Q5QPM1;Q5QPM0	25.0230145344911	25.3108429546273	25.0625406113668	25.6588900450171	25.4291170692066	25.6420168672047	25.5770108514529	25.3970533483427	25.5913504490892	25.2888038500233	25.3283445801117	25.3705267172217	25.2648133863206	25.36572972181	25.4201799775275	25.3023605786262	25.2319485875045	25.2692796614525
Q9ULC4;A0A3B3IRV3	22.9157386296297	22.9908026942375	22.920943766873	22.4009075719624	22.8178455639413	22.7535848399498	22.3583700409376	22.9397327197534	22.738470001674	22.5796888287057	22.6955324691446	22.6992233675615	22.7960419860188	22.9460309891437	22.8746459677805	22.6539908751013	22.7596923564764	22.7260676156931
Q9ULV4;B4E3S0	25.287606709539	25.1595791242981	25.0034170290706	25.1345347398856	25.1774824983054	25.254470154848	24.5521549797761	24.2632737858231	25.0431841884462	25.0680060723059	25.1729893038262	25.3473948267971	25.0698096462935	25.2465912956719	25.3914919320011	25.0374561311728	25.2910897397518	24.7957051785344
Q9ULZ3;H3BP42	23.5855457479605	23.3183795157964	23.5413235314966	23.2376411985786	23.1722797760324	22.8885730732768	23.059861970334	22.8848524356563	23.054539403278	23.3548778065666	23.7809674146701	23.7390265373474	23.9470839796143	23.5832517499563	23.4868939283134	23.5801490552159	23.5720738180076	23.447205337594
Q9UMS4	25.7441438047931	25.8675939689857	25.8515759703287	25.9522485519962	25.8080118444742	25.9699389010549	25.6848254392442	25.6188252626968	25.8788372991276	25.8491912710505	25.8393485526749	25.8978836680975	25.7855642165006	25.867806031267	26.0087688337659	25.7537123439526	25.8315417162012	25.7982293201442
Q9UMX0	24.9080696853271	25.2165268137127	25.1007319473822	24.9226141624051	25.0924081036944	25.1568049321941	25.3912952544982	25.5248028080089	25.0650087965787	25.1831740594228	25.22556432131	25.3070946108998	25.5265350577227	25.2039650783617	25.2760420287805	25.2785963510665	25.2650638635286	25.1371956732313
Q9UNM6;J3KNQ3;A0A087WUL9;H0YD73;E9PL38	24.7284777524165	24.812792678544	24.6765907183614	24.8246880451601	25.1115572541112	24.8051849336505	25.0191587015801	24.7671895245437	24.6965728155742	24.6789022563225	24.7940695539892	24.6996999501924	24.8090183616661	24.8137714072819	24.6680652113932	25.0074862100675	24.7986248635281	24.5429770503491
Q9UNS2;J3QKR0;C9JLV5	24.6479010496122	24.778813876466	24.6175647654398	24.418475975164	24.5220508282451	24.3861393067512	24.3848227388181	24.6121179780431	24.1783566631685	24.3132672453018	24.10948636152	24.1692852370235	24.3100801925779	24.4090516250521	24.3482056712983	24.5346310775479	24.4183472894944	24.4477098205227
Q9UNZ2;F2Z2K0	23.6620998435549	23.772333906648	23.9958478729973	23.7613166702539	24.1843475208524	24.136648235074	23.9741253619017	23.8463244189958	24.3211353810869	23.664922909938	23.8722051765253	23.6926410401128	23.9634048353518	23.9129646012963	23.9805893732619	23.7955070197481	23.9576603836655	23.9066484237117
Q9UQ80;F8VR77	25.4309042419851	25.4753118920852	25.5382180663364	25.7732901504526	25.7870849292237	25.8403814770637	25.9485105368441	26.0310952260029	25.8984142869769	25.4703550239865	25.4378404421644	25.6228793895505	25.7129282828488	25.5899514512058	25.6316753194196	25.7731895230521	25.8007243713072	25.9125306771389
Q9UQE7	23.0285050518271	23.4538754621956	23.8670283171295	23.4702308838117	23.7757533318382	23.3504331467145	23.7528706092137	23.2707059542438	23.6956174235105	23.1460353523634	23.0547049961802	22.9431894366713	23.3337449943037	22.9870071979383	23.3824498845975	23.1994339174032	23.2415887019232	23.0224558654586
Q9Y224;G3V4C6	24.7261403942757	24.5642439396749	24.3783541314673	24.7126659508105	24.5348685093593	24.5530930129956	24.3355860800364	24.4341537717716	24.48209989616	24.4824692339717	24.6095841180611	24.4246394273724	24.5299933298519	24.6280632312643	24.5879505265352	24.6321192597388	24.4623884392377	24.5291593331909
Q9Y230;M0R0Y3	24.7930277356857	24.9086652818211	24.9588995843413	24.989062165033	25.2483297881365	25.386698484508	25.4677147442457	25.5118648292131	25.635056918981	25.0887335772046	25.137156577394	25.2185236237767	25.1758848292154	25.2735543165528	25.3173447075936	25.2727003981846	25.2535687971603	25.3005114837291
Q9Y265;E7ETR0	25.958014549628	25.9492678220172	25.7853896059121	25.8371120207961	25.6321470014734	25.8432601511965	25.942818191939	25.9700925462057	25.9860046647977	25.7196016834454	25.7541457732919	25.7485266013097	26.0181825167337	25.990772404472	25.9187757252994	26.0837114170821	26.0450815526154	26.0341637178649
Q9Y266	23.3682634568771	23.1793290241963	23.5148469432325	24.1334376333377	24.1596176172086	23.9965376214313	24.1823028095522	24.1116368444922	23.9826796048972	23.8793282224451	23.6268943134057	23.9344510778573	23.6336719759536	23.8365342880082	23.4999655592403	23.4938720587096	23.6328958267371	23.5960514096889
Q9Y277;E5RJN6;E5RHZ6	25.6997264223896	25.787060012426	25.6916830399029	25.6595706835597	25.6116959769751	25.6855206882023	25.5714374157175	25.6009355529797	25.7901464182316	25.3252250159046	25.2624854474388	25.1976429549072	25.4805291547531	25.4987793449407	25.4140296729724	25.4205012618333	25.386698484508	25.443542551106
Q9Y285;K7ER00;K7EPH2;K7EK06;K7ER16	24.4809297022485	24.559292125632	24.5452770122725	24.4826538674264	24.5070624357845	24.451927953952	24.6805127666939	24.8734260883276	24.5753093388788	24.2206652717442	24.2353493175013	24.1917448118982	24.1676784592138	24.2034424033418	24.2822779618452	24.2940384580744	24.1174351146355	24.3652624953938
Q9Y2A7	22.6137148376569	22.4216251937885	23.0417480394537	22.8703248308165	22.3473001985798	22.3970206967332	22.7979226994137	22.659140557344	22.5647207464043	22.6673290099096	23.1055754268131	22.9880827356847	22.8830631155825	22.7951899090664	22.5523426352187	22.795843873492	22.7936628382713	22.7732398376297
Q9Y2B0;F8VXJ7;F8W1K5	25.4895299962174	25.5429475398395	25.2656004540111	25.5346310775479	25.2683875118718	25.6691201393325	25.6667386947446	25.5892943105962	25.8098034484365	25.6900583081678	25.7312775927277	25.8470177637693	25.5638367848237	25.7075409186326	25.7598447136048	25.5372110527174	25.6614747649263	25.6638377688256
Q9Y2Q3;E9PFN5	24.1559176065269	23.7477586520514	23.9846799057837	24.1503497371082	24.5440980026527	24.3579004245607	24.4099580032264	24.3033365030242	24.547749800656	24.2076185109972	24.152826999002	24.3833731250447	24.3329942482333	24.2947396464434	24.1871448342671	24.3436048484346	24.3661967969609	23.6858147311611
Q9Y2S7;B4DEM9	23.1558558592162	23.320171426936	23.530648274889	23.5757709643657	23.4126091254424	23.3327894314844	23.2724156463746	23.2647060256318	23.2273503582494	23.0644085934681	23.1888357109121	23.0567237006465	23.2820658164083	23.2810753916858	22.6022276507246	22.8293704716144	22.925677575965	23.040812103527
Q9Y2X3	23.893099295471	23.9902314087027	23.9626990590076	23.8711712896802	23.8976298248458	23.9948989301311	23.9534035965864	23.7271277407627	23.9334608650178	23.9166135315776	23.943779653275	23.9218881411074	23.9197078824605	24.1121938542499	24.1540640366262	24.0670213535093	24.0498452266121	23.9943810617292
Q9Y305;H7C5Q2	23.701974785623	23.6583997863567	23.7942183237796	23.6164994872002	23.5879505265352	23.0989586136919	23.4445539041379	23.3675971157997	23.113482109811	23.420083578282	23.7664819990252	23.6167238216807	23.3796766130347	23.185588080417	23.0885475831743	23.2216537879204	23.2341215913722	23.0745047464729
Q9Y3F4	25.1965177832382	25.494726699727	25.3684632992009	25.4717198613663	25.328515789397	25.3857773703245	25.2280259766954	25.1440211805532	25.2958608394595	25.273696587155	25.4985967638343	25.1049758776872	25.2163417840167	25.2422722265493	25.3410613391648	25.3833401623431	25.1091276358377	25.2704921001967
Q9Y3I0	25.1346522375475	24.8612175625108	25.0778572064992	25.318000172299	25.1000501538968	25.2864438283107	25.183969089184	25.071610968372	24.5100242911037	25.2041517021302	25.4430998611174	25.2411449647428	24.9682477235546	24.9847668125059	24.9585898839464	25.3091782262835	25.2586451016244	25.1159678930775
Q9Y3U8;J3QSB5	26.7541712650807	26.7972399869726	27.109187429646	27.3184657163187	26.9497130982679	27.1784516491804	27.3429100677871	27.2493429421283	26.9801099350179	26.7110909560679	26.3203263915837	26.4265761136889	26.5558449636229	27.0081704179427	26.4906320379759	26.4303938470597	27.002601813781	26.9605796559832
Q9Y3Z3;A0A2R8YCS7;A0A2R8YD90	24.6766445171436	24.0788752681045	24.3588395044978	24.4482141271051	24.0897439952544	24.355146740306	24.2395798838764	24.3396689893439	24.0703011390444	25.0542826967114	24.7107757506831	24.8941638613911	25.2832675616181	25.488917386849	25.1070133289662	25.0778164690883	25.1306519388346	25.0676779073819
Q9Y490	25.778813876466	25.7254124431836	25.8119602367493	25.8002553346463	25.8148716840403	25.6853870124977	25.7595399832564	25.7539673181572	25.7994156251064	25.7206717868256	25.87848653731	25.7202803776583	25.9168412835776	25.9295383515913	25.8737076905356	25.9450754939205	25.8833428431725	25.9157933265483
Q9Y4Y9;B8ZZF8	24.6055206626132	24.6883250206314	24.5631385376337	24.3585041889725	24.354743320895	24.281712171342	23.9130559371224	24.1446047242415	23.9903179816597	24.2449595541576	24.5241452032964	24.3835049683201	24.6322302234769	24.4713477610227	24.4576999966052	24.3627234797535	24.3158256449999	24.3423845236092
Q9Y512	23.5833665365292	24.062334738535	23.9743004462516	23.7926306545462	24.1384461809565	23.7869603409319	24.0333026769322	23.8900400855633	23.9631402096825	23.5701058485394	23.9369685570668	23.7509301986443	23.6059162234267	23.8701366613835	23.8451760811473	23.3153419712826	23.7840668681141	23.777158978172
Q9Y5K6	23.0453190686058	23.078011998171	22.941882947502	23.4827154066608	23.1322612354789	23.1206656684249	23.1444802547255	23.6011623205125	23.4906932378419	22.7689669143946	23.192422257212	22.9612334706461	23.6709846627252	23.2028298859573	23.0100588575752	23.3027091988441	23.2327903746573	23.5109901120877
Q9Y5S9;A0A0J9YW13	22.7175166182313	22.6254011746607	23.0931015791596	22.9423484080774	23.111939247902	23.1994938275	23.5194135785785	23.1988196954277	22.9767144429305	22.903691384101	22.6829680169297	22.6721939629141	22.6850661402628	22.9091232657115	22.6536629426609	22.533645317748	22.4694112906456	22.9774483365527
Q9Y617	23.4517393458191	23.2967011627767	23.3274539641549	23.4310955935393	23.5048218965395	23.4509846666175	23.1413806145347	23.1310367632757	22.9194714898444	24.4253439777849	24.4997831282037	24.655181735934	24.5470437220706	24.5768667332728	24.571090168835	24.7944166596392	24.4866484676508	24.7297746502951
Q9Y678	25.1251432097708	24.9001201726881	25.0200070213887	24.7651671017819	24.9266007618017	24.8397089591355	24.8708891919037	24.8050865065626	24.6738443168644	25.1997409303552	25.2082885450866	25.0902287446707	25.1199694939274	24.946548656773	25.0282942640119	25.0577567798463	25.0623759154517	24.9440478537482
Q9Y696	26.6090768115889	26.6665490927601	26.3422658258431	26.3894911269084	26.4949860441785	26.4268799854263	26.2423085751728	26.4469372592689	26.5586792498228	26.4838534092677	26.3729192468594	26.2988522598074	26.3840816410257	26.2681376110933	26.3503994227336	26.3553316031756	26.3217375255244	26.3039983616583
Q9Y6C9;E9PIE4	26.3884075664284	26.4423248266239	26.4916262142649	26.4619671027778	26.2635424391154	26.1758467679023	26.4314144564074	26.8302606418847	26.653351337784	26.160887307431	26.063425529933	26.0236491231737	26.1505434264474	26.0374351841461	26.2216427261885	26.1433790097606	26.2535868298339	26.3341372743231
Q9Y6G9;E9PHI6	24.6937579035995	24.8081346280759	24.7986742988268	24.866698251098	24.7010758607604	24.8967525679811	24.4932001997	24.5349872106134	24.270064296979	24.7686540102458	24.8947652252646	24.7852648711232	24.847424052392	24.7455036398055	24.3277280583973	24.503366711034	24.8108822456351	24.4975312466052
Q9Y6N5	24.520972536008	24.6835677921628	24.2330098905516	24.7732901504526	24.7440154522836	24.557832469261	24.4473314748654	24.62377256094	24.55549394293	24.5255198532726	24.7735919905488	24.5962789461677	24.4011941078254	24.6660614303503	24.3602469792724	24.8689129614744	24.7894003124171	24.5163507218932
R4GMR5;P48556;K7EJR3;K7EJC1	23.4588891772012	23.7639522858733	23.5083325469973	23.4944825682363	23.7127184210344	23.3730520489068	23.3372886967054	23.3385133377002	23.6508615496899	23.3961061515102	23.1799060536284	23.2372473125665	23.777158978172	23.464882725891	23.387586145132	23.5708007325735	23.5755401700858	23.3589065582516
R4GNH3;E9PM69;P17980;E9PKD5;E9PN50;E9PMD8	25.3308422207575	25.4413277415199	25.1150550837836	25.0467266939014	24.9991642662642	24.8697131904032	25.0012277775062	24.7579645169169	24.6941831480787	25.0820063915103	25.1618868829936	25.1960674687465	25.2574226614528	25.259938322036	25.2036290947303	25.4505757171576	25.2991143694295	25.2486555223769
S4R3H4;E7EQT4;Q9UKV3;G3V3B0	23.9760501220962	23.8269681427116	23.8960596197741	23.771729636465	24.0290950939192	23.8960596197741	23.733761786266	24.2533523874935	23.7109333619839	23.5795737491347	23.4518650873141	23.5949131886903	23.7768578835156	23.955976906995	23.8105881082102	24.1405539579665	24.1891826993737	23.9397506515663
